repository,scope,path,line,method,declaration
core,application_or_library,CP6.Core/Pub/BaseCrudController.cs,22,GET,[HttpGet]
core,application_or_library,CP6.Core/Pub/BaseCrudController.cs,30,POST,[HttpPost]
core,application_or_library,CP6.Core/Pub/BaseCrudController.cs,34,PUT,[HttpPut]
core,application_or_library,CP6.Core/Pub/BaseCrudController.cs,42,DELETE,[HttpDelete]
core,application_or_library,CP6.WebApi/Configuration/ErpIntegrationConfiguration.cs,71,GET,".MapGet(""/dapr/subscribe"""
core,application_or_library,CP6.WebApi/Configuration/ErpIntegrationConfiguration.cs,75,POST,".MapPost(""/internal/erp/v1/events"""
core,application_or_library,CP6.WebApi/Controllers/ClientAuthController.cs,85,POST,"[HttpPost(""login"")]"
core,application_or_library,CP6.WebApi/Controllers/ClientAuthController.cs,167,POST,"[HttpPost(""2fa/setup"")]"
core,application_or_library,CP6.WebApi/Controllers/ClientAuthController.cs,179,POST,"[HttpPost(""2fa/enroll"")]"
core,application_or_library,CP6.WebApi/Controllers/ClientAuthController.cs,200,POST,"[HttpPost(""2fa/verify"")]"
core,application_or_library,CP6.WebApi/Controllers/ClientAuthController.cs,231,POST,"[HttpPost(""2fa/email-otp"")]"
core,application_or_library,CP6.WebApi/Controllers/ClientAuthController.cs,242,POST,"[HttpPost(""sso/start"")]"
core,application_or_library,CP6.WebApi/Controllers/ClientAuthController.cs,262,GET,"[HttpGet(""sso/callback"")]"
core,application_or_library,CP6.WebApi/Controllers/ClientAuthController.cs,297,POST,"[HttpPost(""sso/exchange"")]"
core,application_or_library,CP6.WebApi/Controllers/ClientAuthController.cs,322,POST,"[HttpPost(""refresh"")]"
core,application_or_library,CP6.WebApi/Controllers/ClientAuthController.cs,368,POST,"[HttpPost(""logout"")]"
core,application_or_library,CP6.WebApi/Controllers/ClientAuthController.cs,397,POST,"[HttpPost(""quick-switch"")]"
core,application_or_library,CP6.WebApi/Controllers/ClientBootstrapController.cs,25,GET,"[HttpGet(""bootstrap"")]"
core,application_or_library,CP6.WebApi/Controllers/ClientDevicesController.cs,14,POST,"[HttpPost(""activate"")]"
core,application_or_library,CP6.WebApi/Controllers/ClientDevicesController.cs,28,POST,"[HttpPost(""heartbeat"")]"
core,application_or_library,CP6.WebApi/Controllers/Erp/BackorderController.cs,23,GET,"[HttpGet(""queue"")]"
core,application_or_library,CP6.WebApi/Controllers/Erp/BackorderController.cs,30,POST,"[HttpPost(""{webOrderNo}/{detailNo:int}/close-remaining"")]"
core,application_or_library,CP6.WebApi/Controllers/Erp/BackorderController.cs,53,POST,"[HttpPost(""{webOrderNo}/{detailNo:int}/split-to-new-order"")]"
core,application_or_library,CP6.WebApi/Controllers/Erp/BusinessPartnerController.cs,29,GET,"[HttpGet(""{bpCd}"")]"
core,application_or_library,CP6.WebApi/Controllers/Erp/BusinessPartnerController.cs,39,GET,"[HttpGet(""check-exists/{bpCd}"")]"
core,application_or_library,CP6.WebApi/Controllers/Erp/BusinessPartnerController.cs,47,POST,[HttpPost]
core,application_or_library,CP6.WebApi/Controllers/Erp/BusinessPartnerController.cs,64,PUT,"[HttpPut(""{bpCd}"")]"
core,application_or_library,CP6.WebApi/Controllers/Erp/BusinessPartnerController.cs,89,DELETE,"[HttpDelete(""{bpCd}"")]"
core,application_or_library,CP6.WebApi/Controllers/Erp/BusinessPartnerController.cs,110,GET,"[HttpGet(""list"")]"
core,application_or_library,CP6.WebApi/Controllers/Erp/BusinessPartnerController.cs,125,GET,"[HttpGet(""export-csv"")]"
core,application_or_library,CP6.WebApi/Controllers/Erp/CreditNoteController.cs,21,POST,"[HttpPost(""search"")]"
core,application_or_library,CP6.WebApi/Controllers/Erp/ErpCommerceController.cs,17,PUT,"[HttpPut(""/api/business-partners/{key}/commerce-profile"")]"
core,application_or_library,CP6.WebApi/Controllers/Erp/ErpCommerceController.cs,22,PUT,"[HttpPut(""/api/quotations/{key}/commerce-terms"")]"
core,application_or_library,CP6.WebApi/Controllers/Erp/ErpCommerceController.cs,27,POST,"[HttpPost(""/api/quotations/{key}/customer-acceptance"")]"
core,application_or_library,CP6.WebApi/Controllers/Erp/ErpCommerceController.cs,32,DELETE,"[HttpDelete(""/api/quotations/{key}/customer-acceptance"")]"
core,application_or_library,CP6.WebApi/Controllers/Erp/EstimateCalcController.cs,31,GET,[HttpGet]
core,application_or_library,CP6.WebApi/Controllers/Erp/EstimateCalcController.cs,42,GET,"[HttpGet(""{no}"")]"
core,application_or_library,CP6.WebApi/Controllers/Erp/EstimateCalcController.cs,54,POST,[HttpPost]
core,application_or_library,CP6.WebApi/Controllers/Erp/EstimateCalcController.cs,67,PUT,"[HttpPut(""{no}"")]"
core,application_or_library,CP6.WebApi/Controllers/Erp/EstimateCalcController.cs,97,DELETE,"[HttpDelete(""{no}"")]"
core,application_or_library,CP6.WebApi/Controllers/Erp/EstimateCalcController.cs,120,POST,"[HttpPost(""{no}/copy"")]"
core,application_or_library,CP6.WebApi/Controllers/Erp/EstimateCalcController.cs,141,POST,"[HttpPost(""calculate"")]"
core,application_or_library,CP6.WebApi/Controllers/Erp/FscChecklistController.cs,28,GET,"[HttpGet(""list"")]"
core,application_or_library,CP6.WebApi/Controllers/Erp/FscChecklistController.cs,43,GET,"[HttpGet(""formats"")]"
core,application_or_library,CP6.WebApi/Controllers/Erp/FscChecklistController.cs,51,POST,"[HttpPost(""issue"")]"
core,application_or_library,CP6.WebApi/Controllers/Erp/FscChecklistController.cs,67,GET,"[HttpGet(""download/{fscManagementNo}"")]"
core,application_or_library,CP6.WebApi/Controllers/Erp/FxRateController.cs,23,GET,[HttpGet]
core,application_or_library,CP6.WebApi/Controllers/Erp/FxRateController.cs,28,GET,"[HttpGet(""resolve"")]"
core,application_or_library,CP6.WebApi/Controllers/Erp/FxRateController.cs,32,POST,[HttpPost]
core,application_or_library,CP6.WebApi/Controllers/Erp/FxRateController.cs,47,PUT,"[HttpPut(""{id:guid}"")]"
core,application_or_library,CP6.WebApi/Controllers/Erp/FxRateController.cs,62,DELETE,"[HttpDelete(""{id:guid}"")]"
core,application_or_library,CP6.WebApi/Controllers/Erp/MasterDataController.cs,23,GET,"[HttpGet(""bases"")]"
core,application_or_library,CP6.WebApi/Controllers/Erp/MasterDataController.cs,31,GET,"[HttpGet(""staffs"")]"
core,application_or_library,CP6.WebApi/Controllers/Erp/MasterDataController.cs,44,GET,"[HttpGet(""generic-codes"")]"
core,application_or_library,CP6.WebApi/Controllers/Erp/MasterDataController.cs,58,GET,"[HttpGet(""lookup/customer"")]"
core,application_or_library,CP6.WebApi/Controllers/Erp/MasterDataController.cs,72,GET,"[HttpGet(""lookup/product"")]"
core,application_or_library,CP6.WebApi/Controllers/Erp/OrderController.cs,32,GET,"[HttpGet(""next-seq"")]"
core,application_or_library,CP6.WebApi/Controllers/Erp/OrderController.cs,40,GET,"[HttpGet(""by-haibai-no"")]"
core,application_or_library,CP6.WebApi/Controllers/Erp/OrderController.cs,53,GET,"[HttpGet(""by-set-product/{cd}"")]"
core,application_or_library,CP6.WebApi/Controllers/Erp/OrderController.cs,61,GET,"[HttpGet(""lookup-product-master/{cd}"")]"
core,application_or_library,CP6.WebApi/Controllers/Erp/OrderController.cs,71,GET,"[HttpGet(""lookup-product-processes/{cd}"")]"
core,application_or_library,CP6.WebApi/Controllers/Erp/OrderController.cs,79,GET,"[HttpGet(""lookup-product-materials/{cd}"")]"
core,application_or_library,CP6.WebApi/Controllers/Erp/OrderController.cs,87,GET,"[HttpGet(""calc-is-editable"")]"
core,application_or_library,CP6.WebApi/Controllers/Erp/OrderController.cs,98,GET,"[HttpGet(""check-wip"")]"
core,application_or_library,CP6.WebApi/Controllers/Erp/OrderController.cs,106,GET,"[HttpGet(""credit-check"")]"
core,application_or_library,CP6.WebApi/Controllers/Erp/OrderController.cs,114,GET,"[HttpGet(""consigned-check"")]"
core,application_or_library,CP6.WebApi/Controllers/Erp/OrderController.cs,123,POST,"[HttpPost(""lead-time"")]"
core,application_or_library,CP6.WebApi/Controllers/Erp/OrderController.cs,131,POST,"[HttpPost(""calc-product-category"")]"
core,application_or_library,CP6.WebApi/Controllers/Erp/OrderController.cs,139,POST,"[HttpPost(""calc-materials"")]"
core,application_or_library,CP6.WebApi/Controllers/Erp/OrderController.cs,147,GET,"[HttpGet(""check-delivery-lt"")]"
core,application_or_library,CP6.WebApi/Controllers/Erp/OrderController.cs,160,GET,"[HttpGet(""list"")]"
core,application_or_library,CP6.WebApi/Controllers/Erp/OrderController.cs,172,GET,"[HttpGet(""list/export.csv"")]"
core,application_or_library,CP6.WebApi/Controllers/Erp/OrderController.cs,181,POST,"[HttpPost(""report"")]"
core,application_or_library,CP6.WebApi/Controllers/Erp/OrderController.cs,196,GET,"[HttpGet(""price-correction/list"")]"
core,application_or_library,CP6.WebApi/Controllers/Erp/OrderController.cs,218,GET,"[HttpGet(""price-correction/{webOrderNo}/{detailNo}/amount"")]"
core,application_or_library,CP6.WebApi/Controllers/Erp/OrderController.cs,228,PUT,"[HttpPut(""price-correction/batch"")]"
core,application_or_library,CP6.WebApi/Controllers/Erp/OrderController.cs,253,GET,"[HttpGet(""{webOrderNo}"")]"
core,application_or_library,CP6.WebApi/Controllers/Erp/OrderController.cs,263,POST,[HttpPost]
core,application_or_library,CP6.WebApi/Controllers/Erp/OrderController.cs,280,PUT,"[HttpPut(""{webOrderNo}"")]"
core,application_or_library,CP6.WebApi/Controllers/Erp/OrderController.cs,310,DELETE,"[HttpDelete(""{webOrderNo}"")]"
core,application_or_library,CP6.WebApi/Controllers/Erp/OrderController.cs,365,POST,"[HttpPost(""{webOrderNo}/cancel"")]"
core,application_or_library,CP6.WebApi/Controllers/Erp/OrderTraceController.cs,20,GET,"[HttpGet(""{webOrderNo}"")]"
core,application_or_library,CP6.WebApi/Controllers/Erp/OtdReportController.cs,20,POST,"[HttpPost(""summary"")]"
core,application_or_library,CP6.WebApi/Controllers/Erp/OtdReportController.cs,27,POST,"[HttpPost(""export-csv"")]"
core,application_or_library,CP6.WebApi/Controllers/Erp/PlateMoldController.cs,23,GET,"[HttpGet(""next-seq"")]"
core,application_or_library,CP6.WebApi/Controllers/Erp/PlateMoldController.cs,30,GET,"[HttpGet(""by-estimate-calc/{calcNo}"")]"
core,application_or_library,CP6.WebApi/Controllers/Erp/PlateMoldController.cs,38,GET,"[HttpGet(""by-product/{productCd}"")]"
core,application_or_library,CP6.WebApi/Controllers/Erp/PlateMoldController.cs,46,GET,"[HttpGet(""{wdPtnNo}"")]"
core,application_or_library,CP6.WebApi/Controllers/Erp/PlateMoldController.cs,54,GET,"[HttpGet(""{wdPtnNo}/history"")]"
core,application_or_library,CP6.WebApi/Controllers/Erp/PlateMoldController.cs,61,POST,[HttpPost]
core,application_or_library,CP6.WebApi/Controllers/Erp/PlateMoldController.cs,80,PUT,"[HttpPut(""{wdPtnNo}/revise"")]"
core,application_or_library,CP6.WebApi/Controllers/Erp/PlateMoldController.cs,99,PUT,"[HttpPut(""{wdPtnNo}/{wdRev:int}"")]"
core,application_or_library,CP6.WebApi/Controllers/Erp/PlateMoldController.cs,119,DELETE,"[HttpDelete(""{wdPtnNo}/{wdRev:int}"")]"
core,application_or_library,CP6.WebApi/Controllers/Erp/PlateMoldController.cs,131,GET,"[HttpGet(""list"")]"
core,application_or_library,CP6.WebApi/Controllers/Erp/PlateMoldController.cs,138,GET,"[HttpGet(""list/export.csv"")]"
core,application_or_library,CP6.WebApi/Controllers/Erp/PlateMoldController.cs,147,POST,"[HttpPost(""label"")]"
core,application_or_library,CP6.WebApi/Controllers/Erp/ProductController.cs,30,GET,[HttpGet]
core,application_or_library,CP6.WebApi/Controllers/Erp/ProductController.cs,39,GET,"[HttpGet(""next-seq"")]"
core,application_or_library,CP6.WebApi/Controllers/Erp/ProductController.cs,47,GET,"[HttpGet(""by-quotation/{no}"")]"
core,application_or_library,CP6.WebApi/Controllers/Erp/ProductController.cs,55,GET,"[HttpGet(""by-estimate-calc/{no}"")]"
core,application_or_library,CP6.WebApi/Controllers/Erp/ProductController.cs,65,GET,"[HttpGet(""export.csv"")]"
core,application_or_library,CP6.WebApi/Controllers/Erp/ProductController.cs,75,GET,"[HttpGet(""check-wip/{cd}"")]"
core,application_or_library,CP6.WebApi/Controllers/Erp/ProductController.cs,83,GET,"[HttpGet(""{cd}"")]"
core,application_or_library,CP6.WebApi/Controllers/Erp/ProductController.cs,93,POST,[HttpPost]
core,application_or_library,CP6.WebApi/Controllers/Erp/ProductController.cs,103,PUT,"[HttpPut(""{cd}"")]"
core,application_or_library,CP6.WebApi/Controllers/Erp/ProductController.cs,129,DELETE,"[HttpDelete(""{cd}"")]"
core,application_or_library,CP6.WebApi/Controllers/Erp/ProductController.cs,149,POST,"[HttpPost(""{cd}/copy"")]"
core,application_or_library,CP6.WebApi/Controllers/Erp/QuotationController.cs,31,GET,[HttpGet]
core,application_or_library,CP6.WebApi/Controllers/Erp/QuotationController.cs,42,GET,"[HttpGet(""{no}"")]"
core,application_or_library,CP6.WebApi/Controllers/Erp/QuotationController.cs,55,POST,[HttpPost]
core,application_or_library,CP6.WebApi/Controllers/Erp/QuotationController.cs,68,PUT,"[HttpPut(""{no}"")]"
core,application_or_library,CP6.WebApi/Controllers/Erp/QuotationController.cs,102,DELETE,"[HttpDelete(""{no}"")]"
core,application_or_library,CP6.WebApi/Controllers/Erp/QuotationController.cs,129,POST,"[HttpPost(""{no}/copy"")]"
core,application_or_library,CP6.WebApi/Controllers/Erp/QuotationController.cs,150,POST,"[HttpPost(""{no}/confirm"")]"
core,application_or_library,CP6.WebApi/Controllers/Erp/QuotationController.cs,180,POST,"[HttpPost(""{no}/cancel-confirm"")]"
core,application_or_library,CP6.WebApi/Controllers/Erp/QuotationController.cs,208,POST,"[HttpPost(""{no}/issue"")]"
core,application_or_library,CP6.WebApi/Controllers/Erp/QuotationController.cs,227,GET,"[HttpGet(""calcs"")]"
core,application_or_library,CP6.WebApi/Controllers/Erp/SheetUnitPriceController.cs,21,GET,"[HttpGet(""list"")]"
core,application_or_library,CP6.WebApi/Controllers/Erp/SheetUnitPriceController.cs,38,POST,"[HttpPost(""import"")]"
core,application_or_library,CP6.WebApi/Controllers/Erp/SheetUnitPriceController.cs,55,PUT,"[HttpPut(""batch-update"")]"
core,application_or_library,CP6.WebApi/Controllers/Erp/UnshippedOrderController.cs,21,POST,"[HttpPost(""search"")]"
core,application_or_library,CP6.WebApi/Controllers/Erp/UnshippedOrderController.cs,32,POST,"[HttpPost(""export-csv"")]"
core,application_or_library,CP6.WebApi/Controllers/Fin/ApInvoiceController.cs,33,GET,[HttpGet]
core,application_or_library,CP6.WebApi/Controllers/Fin/ApInvoiceController.cs,37,GET,"[HttpGet(""{id}"")]"
core,application_or_library,CP6.WebApi/Controllers/Fin/ApInvoiceController.cs,45,POST,[HttpPost]
core,application_or_library,CP6.WebApi/Controllers/Fin/ApInvoiceController.cs,54,POST,"[HttpPost(""{id}/post"")]"
core,application_or_library,CP6.WebApi/Controllers/Fin/ApInvoiceController.cs,59,GET,"[HttpGet(""aging"")]"
core,application_or_library,CP6.WebApi/Controllers/Fin/ApInvoiceController.cs,64,GET,"[HttpGet(""reconcile"")]"
core,application_or_library,CP6.WebApi/Controllers/Fin/ApMasterController.cs,23,GET,"[HttpGet(""bank-account"")]"
core,application_or_library,CP6.WebApi/Controllers/Fin/ApMasterController.cs,27,POST,"[HttpPost(""bank-account"")]"
core,application_or_library,CP6.WebApi/Controllers/Fin/ApMasterController.cs,35,GET,"[HttpGet(""tax-code"")]"
core,application_or_library,CP6.WebApi/Controllers/Fin/ApMasterController.cs,39,POST,"[HttpPost(""tax-code"")]"
core,application_or_library,CP6.WebApi/Controllers/Fin/ArInvoiceController.cs,34,GET,[HttpGet]
core,application_or_library,CP6.WebApi/Controllers/Fin/ArInvoiceController.cs,38,GET,"[HttpGet(""{id}"")]"
core,application_or_library,CP6.WebApi/Controllers/Fin/ArInvoiceController.cs,46,POST,[HttpPost]
core,application_or_library,CP6.WebApi/Controllers/Fin/ArInvoiceController.cs,55,POST,"[HttpPost(""{id}/post"")]"
core,application_or_library,CP6.WebApi/Controllers/Fin/ArInvoiceController.cs,60,POST,"[HttpPost(""credit-memo"")]"
core,application_or_library,CP6.WebApi/Controllers/Fin/ArInvoiceController.cs,69,POST,"[HttpPost(""{id}/reverse"")]"
core,application_or_library,CP6.WebApi/Controllers/Fin/ArInvoiceController.cs,75,GET,"[HttpGet(""aging"")]"
core,application_or_library,CP6.WebApi/Controllers/Fin/ArInvoiceController.cs,80,GET,"[HttpGet(""reconcile"")]"
core,application_or_library,CP6.WebApi/Controllers/Fin/AssetCardController.cs,29,GET,[HttpGet]
core,application_or_library,CP6.WebApi/Controllers/Fin/AssetCardController.cs,36,GET,"[HttpGet(""{id}"")]"
core,application_or_library,CP6.WebApi/Controllers/Fin/AssetCardController.cs,40,POST,[HttpPost]
core,application_or_library,CP6.WebApi/Controllers/Fin/AssetCardController.cs,63,PUT,"[HttpPut(""{id}"")]"
core,application_or_library,CP6.WebApi/Controllers/Fin/AssetCardController.cs,76,POST,"[HttpPost(""{id}/activate"")]"
core,application_or_library,CP6.WebApi/Controllers/Fin/AssetCardController.cs,88,GET,"[HttpGet(""{id}/schedule"")]"
core,application_or_library,CP6.WebApi/Controllers/Fin/AssetCategoryController.cs,23,GET,[HttpGet]
core,application_or_library,CP6.WebApi/Controllers/Fin/AssetCategoryController.cs,27,GET,"[HttpGet(""{id}"")]"
core,application_or_library,CP6.WebApi/Controllers/Fin/AssetCategoryController.cs,31,POST,[HttpPost]
core,application_or_library,CP6.WebApi/Controllers/Fin/AssetCategoryController.cs,41,PUT,"[HttpPut(""{id}"")]"
core,application_or_library,CP6.WebApi/Controllers/Fin/AssetCategoryController.cs,59,DELETE,"[HttpDelete(""{id}"")]"
core,application_or_library,CP6.WebApi/Controllers/Fin/AssetDepreciationController.cs,29,GET,"[HttpGet(""preview"")]"
core,application_or_library,CP6.WebApi/Controllers/Fin/AssetDepreciationController.cs,33,GET,"[HttpGet(""list"")]"
core,application_or_library,CP6.WebApi/Controllers/Fin/AssetDepreciationController.cs,40,GET,"[HttpGet(""{runId}/entries"")]"
core,application_or_library,CP6.WebApi/Controllers/Fin/AssetDepreciationController.cs,45,POST,"[HttpPost(""run"")]"
core,application_or_library,CP6.WebApi/Controllers/Fin/AssetDepreciationController.cs,50,PUT,"[HttpPut(""entry/{entryId}/workload"")]"
core,application_or_library,CP6.WebApi/Controllers/Fin/AssetDepreciationController.cs,55,POST,"[HttpPost(""{runId}/post"")]"
core,application_or_library,CP6.WebApi/Controllers/Fin/AssetDepreciationController.cs,59,POST,"[HttpPost(""{runId}/reverse"")]"
core,application_or_library,CP6.WebApi/Controllers/Fin/AssetDisposalController.cs,24,GET,[HttpGet]
core,application_or_library,CP6.WebApi/Controllers/Fin/AssetDisposalController.cs,29,GET,"[HttpGet(""{id}"")]"
core,application_or_library,CP6.WebApi/Controllers/Fin/AssetDisposalController.cs,33,POST,[HttpPost]
core,application_or_library,CP6.WebApi/Controllers/Fin/AssetDisposalController.cs,41,POST,"[HttpPost(""{id}/confirm"")]"
core,application_or_library,CP6.WebApi/Controllers/Fin/AssetDisposalController.cs,45,POST,"[HttpPost(""{id}/reverse"")]"
core,application_or_library,CP6.WebApi/Controllers/Fin/BankImportProfileController.cs,20,GET,[HttpGet]
core,application_or_library,CP6.WebApi/Controllers/Fin/BankImportProfileController.cs,24,POST,"[HttpPost(""upsert"")]"
core,application_or_library,CP6.WebApi/Controllers/Fin/BankImportProfileController.cs,29,DELETE,"[HttpDelete(""{id}"")]"
core,application_or_library,CP6.WebApi/Controllers/Fin/BankReconciliationController.cs,24,GET,"[HttpGet(""{statementId}/candidates"")]"
core,application_or_library,CP6.WebApi/Controllers/Fin/BankReconciliationController.cs,29,POST,"[HttpPost(""{statementId}/auto-match"")]"
core,application_or_library,CP6.WebApi/Controllers/Fin/BankReconciliationController.cs,33,POST,"[HttpPost(""{statementId}/manual-match"")]"
core,application_or_library,CP6.WebApi/Controllers/Fin/BankReconciliationController.cs,42,POST,"[HttpPost(""unmatch/{groupId}"")]"
core,application_or_library,CP6.WebApi/Controllers/Fin/BankReconciliationController.cs,46,POST,"[HttpPost(""{statementId}/generate-voucher"")]"
core,application_or_library,CP6.WebApi/Controllers/Fin/BankReconciliationController.cs,51,POST,"[HttpPost(""{statementId}/mark-pending"")]"
core,application_or_library,CP6.WebApi/Controllers/Fin/BankReconciliationController.cs,56,GET,"[HttpGet(""{statementId}/reconciliation-statement"")]"
core,application_or_library,CP6.WebApi/Controllers/Fin/BankReconciliationController.cs,61,POST,"[HttpPost(""{statementId}/lock"")]"
core,application_or_library,CP6.WebApi/Controllers/Fin/BankReconciliationController.cs,65,POST,"[HttpPost(""{statementId}/unlock"")]"
core,application_or_library,CP6.WebApi/Controllers/Fin/BankStatementController.cs,20,GET,[HttpGet]
core,application_or_library,CP6.WebApi/Controllers/Fin/BankStatementController.cs,25,GET,"[HttpGet(""{id}"")]"
core,application_or_library,CP6.WebApi/Controllers/Fin/BankStatementController.cs,30,POST,[HttpPost]
core,application_or_library,CP6.WebApi/Controllers/Fin/BankStatementController.cs,35,POST,"[HttpPost(""{id}/import"")]"
core,application_or_library,CP6.WebApi/Controllers/Fin/BankStatementController.cs,44,POST,"[HttpPost(""{id}/line"")]"
core,application_or_library,CP6.WebApi/Controllers/Fin/BankStatementController.cs,49,PUT,"[HttpPut(""{id}/line/{lineId}"")]"
core,application_or_library,CP6.WebApi/Controllers/Fin/BankStatementController.cs,54,DELETE,"[HttpDelete(""{id}/line/{lineId}"")]"
core,application_or_library,CP6.WebApi/Controllers/Fin/BudgetController.cs,35,GET,[HttpGet]
core,application_or_library,CP6.WebApi/Controllers/Fin/BudgetController.cs,40,POST,[HttpPost]
core,application_or_library,CP6.WebApi/Controllers/Fin/BudgetController.cs,48,PUT,"[HttpPut(""{id:guid}"")]"
core,application_or_library,CP6.WebApi/Controllers/Fin/BudgetController.cs,53,POST,"[HttpPost(""{id:guid}/deactivate"")]"
core,application_or_library,CP6.WebApi/Controllers/Fin/BudgetController.cs,60,GET,"[HttpGet(""{id:guid}/versions"")]"
core,application_or_library,CP6.WebApi/Controllers/Fin/BudgetController.cs,65,POST,"[HttpPost(""{id:guid}/versions"")]"
core,application_or_library,CP6.WebApi/Controllers/Fin/BudgetController.cs,73,PUT,"[HttpPut(""versions/{vid:guid}"")]"
core,application_or_library,CP6.WebApi/Controllers/Fin/BudgetController.cs,78,POST,"[HttpPost(""versions/{vid:guid}/submit"")]"
core,application_or_library,CP6.WebApi/Controllers/Fin/BudgetController.cs,86,POST,"[HttpPost(""versions/{vid:guid}/activate"")]"
core,application_or_library,CP6.WebApi/Controllers/Fin/BudgetController.cs,91,DELETE,"[HttpDelete(""versions/{vid:guid}"")]"
core,application_or_library,CP6.WebApi/Controllers/Fin/BudgetLineController.cs,38,GET,[HttpGet]
core,application_or_library,CP6.WebApi/Controllers/Fin/BudgetLineController.cs,43,POST,[HttpPost]
core,application_or_library,CP6.WebApi/Controllers/Fin/BudgetLineController.cs,52,DELETE,"[HttpDelete(""{lineId:guid}"")]"
core,application_or_library,CP6.WebApi/Controllers/Fin/BudgetLineController.cs,65,POST,"[HttpPost(""import/preview"")]"
core,application_or_library,CP6.WebApi/Controllers/Fin/BudgetLineController.cs,73,POST,"[HttpPost(""import/confirm"")]"
core,application_or_library,CP6.WebApi/Controllers/Fin/BudgetReportController.cs,24,GET,"[HttpGet(""vs-actual"")]"
core,application_or_library,CP6.WebApi/Controllers/Fin/BudgetReportController.cs,33,POST,"[HttpPost(""pre-check"")]"
core,application_or_library,CP6.WebApi/Controllers/Fin/CostCenterController.cs,20,GET,[HttpGet]
core,application_or_library,CP6.WebApi/Controllers/Fin/CostController.cs,32,GET,[HttpGet]
core,application_or_library,CP6.WebApi/Controllers/Fin/CostController.cs,37,GET,"[HttpGet(""{workOrderNo}"")]"
core,application_or_library,CP6.WebApi/Controllers/Fin/CostController.cs,45,GET,"[HttpGet(""{workOrderNo}/fg-unit-cost"")]"
core,application_or_library,CP6.WebApi/Controllers/Fin/CostController.cs,50,POST,"[HttpPost(""{workOrderNo}/collect"")]"
core,application_or_library,CP6.WebApi/Controllers/Fin/CostController.cs,56,POST,"[HttpPost(""{workOrderNo}/settle"")]"
core,application_or_library,CP6.WebApi/Controllers/Fin/CreditControlController.cs,23,GET,"[HttpGet(""check"")]"
core,application_or_library,CP6.WebApi/Controllers/Fin/GlAccountController.cs,23,GET,[HttpGet]
core,application_or_library,CP6.WebApi/Controllers/Fin/GlAccountController.cs,27,GET,"[HttpGet(""{id}"")]"
core,application_or_library,CP6.WebApi/Controllers/Fin/GlAccountController.cs,34,POST,[HttpPost]
core,application_or_library,CP6.WebApi/Controllers/Fin/GlAccountController.cs,42,PUT,"[HttpPut(""{id}"")]"
core,application_or_library,CP6.WebApi/Controllers/Fin/GlAccountController.cs,51,POST,"[HttpPost(""{id}/deactivate"")]"
core,application_or_library,CP6.WebApi/Controllers/Fin/GlAccountController.cs,60,POST,"[HttpPost(""import"")]"
core,application_or_library,CP6.WebApi/Controllers/Fin/JournalEntryController.cs,25,GET,[HttpGet]
core,application_or_library,CP6.WebApi/Controllers/Fin/JournalEntryController.cs,29,GET,"[HttpGet(""{id}"")]"
core,application_or_library,CP6.WebApi/Controllers/Fin/JournalEntryController.cs,37,POST,[HttpPost]
core,application_or_library,CP6.WebApi/Controllers/Fin/JournalEntryController.cs,42,POST,"[HttpPost(""{id}/submit"")]"
core,application_or_library,CP6.WebApi/Controllers/Fin/JournalEntryController.cs,47,POST,"[HttpPost(""{id}/post"")]"
core,application_or_library,CP6.WebApi/Controllers/Fin/JournalEntryController.cs,51,POST,"[HttpPost(""{id}/reject"")]"
core,application_or_library,CP6.WebApi/Controllers/Fin/JournalEntryController.cs,56,POST,"[HttpPost(""{id}/reverse"")]"
core,application_or_library,CP6.WebApi/Controllers/Fin/PaymentController.cs,31,GET,[HttpGet]
core,application_or_library,CP6.WebApi/Controllers/Fin/PaymentController.cs,35,GET,"[HttpGet(""{id}"")]"
core,application_or_library,CP6.WebApi/Controllers/Fin/PaymentController.cs,43,POST,[HttpPost]
core,application_or_library,CP6.WebApi/Controllers/Fin/PaymentController.cs,52,POST,"[HttpPost(""{id}/reverse"")]"
core,application_or_library,CP6.WebApi/Controllers/Fin/PaymentController.cs,58,POST,"[HttpPost(""{id}/settle"")]"
core,application_or_library,CP6.WebApi/Controllers/Fin/PeriodController.cs,27,GET,[HttpGet]
core,application_or_library,CP6.WebApi/Controllers/Fin/PeriodController.cs,31,GET,"[HttpGet(""{id}/pre-close-check"")]"
core,application_or_library,CP6.WebApi/Controllers/Fin/PeriodController.cs,35,POST,"[HttpPost(""{id}/close"")]"
core,application_or_library,CP6.WebApi/Controllers/Fin/PeriodController.cs,40,POST,"[HttpPost(""{id}/reopen"")]"
core,application_or_library,CP6.WebApi/Controllers/Fin/PeriodController.cs,45,POST,"[HttpPost(""year-close/{fiscalYear:int}"")]"
core,application_or_library,CP6.WebApi/Controllers/Fin/PeriodController.cs,50,POST,"[HttpPost(""reopen-year/{fiscalYear:int}"")]"
core,application_or_library,CP6.WebApi/Controllers/Fin/ReceiptController.cs,31,GET,[HttpGet]
core,application_or_library,CP6.WebApi/Controllers/Fin/ReceiptController.cs,35,GET,"[HttpGet(""{id}"")]"
core,application_or_library,CP6.WebApi/Controllers/Fin/ReceiptController.cs,43,POST,[HttpPost]
core,application_or_library,CP6.WebApi/Controllers/Fin/ReceiptController.cs,52,POST,"[HttpPost(""{id}/reverse"")]"
core,application_or_library,CP6.WebApi/Controllers/Fin/ReceiptController.cs,58,POST,"[HttpPost(""{id}/settle"")]"
core,application_or_library,CP6.WebApi/Controllers/Fin/ReportController.cs,28,GET,"[HttpGet(""balance-sheet/{periodId}"")]"
core,application_or_library,CP6.WebApi/Controllers/Fin/ReportController.cs,36,GET,"[HttpGet(""income-statement/{periodId}"")]"
core,application_or_library,CP6.WebApi/Controllers/Fin/TrialBalanceController.cs,16,GET,"[HttpGet(""{periodId}"")]"
core,application_or_library,CP6.WebApi/Controllers/Integration/BridgeHealthController.cs,23,GET,"[HttpGet(""metrics"")]"
core,application_or_library,CP6.WebApi/Controllers/Integration/BridgeHealthController.cs,31,POST,"[HttpPost(""compensate/{eventId:guid}"")]"
core,application_or_library,CP6.WebApi/Controllers/Integration/ErpDeliveryReplayController.cs,19,GET,[HttpGet]
core,application_or_library,CP6.WebApi/Controllers/Integration/ErpDeliveryReplayController.cs,30,POST,"[HttpPost(""results/{outboxId:guid}/replay"")]"
core,application_or_library,CP6.WebApi/Controllers/Integration/ErpDeliveryReplayController.cs,34,POST,"[HttpPost(""bridges/{orderKey}/replay"")]"
core,application_or_library,CP6.WebApi/Controllers/Integration/ErpReplayController.cs,19,GET,[HttpGet]
core,application_or_library,CP6.WebApi/Controllers/Integration/ErpReplayController.cs,37,POST,"[HttpPost(""{messageId}/replay"")]"
core,application_or_library,CP6.WebApi/Controllers/Integration/FlowTriggerFireController.cs,27,POST,"[HttpPost(""{id:guid}/fire"")]"
core,application_or_library,CP6.WebApi/Controllers/Integration/WfTriggerEchoController.cs,20,POST,"[HttpPost(""fire"")]"
core,application_or_library,CP6.WebApi/Controllers/Internal/CrmIdentityController.cs,23,GET,"[HttpGet(""versions"")]"
core,application_or_library,CP6.WebApi/Controllers/Internal/CrmIdentityController.cs,32,GET,"[HttpGet(""snapshots/{aggregateId}"")]"
core,application_or_library,CP6.WebApi/Controllers/Internal/ErpReadController.cs,25,GET,"[HttpGet(""business-partners/{key}"")]"
core,application_or_library,CP6.WebApi/Controllers/Internal/ErpReadController.cs,32,GET,"[HttpGet(""quotations/{key}"")]"
core,application_or_library,CP6.WebApi/Controllers/Internal/ErpReadController.cs,39,GET,"[HttpGet(""orders/{key}"")]"
core,application_or_library,CP6.WebApi/Controllers/Mes/DefectRecordController.cs,24,GET,[HttpGet]
core,application_or_library,CP6.WebApi/Controllers/Mes/DefectRecordController.cs,32,GET,"[HttpGet(""{no}"")]"
core,application_or_library,CP6.WebApi/Controllers/Mes/DefectRecordController.cs,41,POST,[HttpPost]
core,application_or_library,CP6.WebApi/Controllers/Mes/DefectRecordController.cs,57,PUT,"[HttpPut(""{no}"")]"
core,application_or_library,CP6.WebApi/Controllers/Mes/DefectRecordController.cs,73,DELETE,"[HttpDelete(""{no}"")]"
core,application_or_library,CP6.WebApi/Controllers/Mes/DefectRecordController.cs,89,GET,"[HttpGet(""categories"")]"
core,application_or_library,CP6.WebApi/Controllers/Mes/MachineController.cs,20,GET,[HttpGet]
core,application_or_library,CP6.WebApi/Controllers/Mes/MachineController.cs,27,GET,"[HttpGet(""{cd}"")]"
core,application_or_library,CP6.WebApi/Controllers/Mes/MachineController.cs,35,POST,[HttpPost]
core,application_or_library,CP6.WebApi/Controllers/Mes/MachineController.cs,47,PUT,"[HttpPut(""{cd}"")]"
core,application_or_library,CP6.WebApi/Controllers/Mes/MachineController.cs,59,DELETE,"[HttpDelete(""{cd}"")]"
core,application_or_library,CP6.WebApi/Controllers/Mes/MachineController.cs,72,POST,"[HttpPost(""{cd}/status"")]"
core,application_or_library,CP6.WebApi/Controllers/Mes/MachineController.cs,86,GET,"[HttpGet(""downtimes"")]"
core,application_or_library,CP6.WebApi/Controllers/Mes/MachineController.cs,93,POST,"[HttpPost(""downtimes"")]"
core,application_or_library,CP6.WebApi/Controllers/Mes/MachineController.cs,105,POST,"[HttpPost(""downtimes/{no}/close"")]"
core,application_or_library,CP6.WebApi/Controllers/Mes/MesDashboardController.cs,21,GET,"[HttpGet(""summary"")]"
core,application_or_library,CP6.WebApi/Controllers/Mes/MesDashboardController.cs,28,GET,"[HttpGet(""process-progress"")]"
core,application_or_library,CP6.WebApi/Controllers/Mes/MesDashboardController.cs,35,GET,"[HttpGet(""delay-alerts"")]"
core,application_or_library,CP6.WebApi/Controllers/Mes/MesDashboardController.cs,42,GET,"[HttpGet(""daily-trend"")]"
core,application_or_library,CP6.WebApi/Controllers/Mes/MesDashboardController.cs,49,GET,"[HttpGet(""defect-top5"")]"
core,application_or_library,CP6.WebApi/Controllers/Mes/MesDashboardController.cs,56,GET,"[HttpGet(""recent-completed"")]"
core,application_or_library,CP6.WebApi/Controllers/Mes/MesDashboardController.cs,63,GET,"[HttpGet(""machine-heatmap"")]"
core,application_or_library,CP6.WebApi/Controllers/Mes/MesDashboardController.cs,76,GET,"[HttpGet(""summary/sp"")]"
core,application_or_library,CP6.WebApi/Controllers/Mes/MesDashboardController.cs,86,GET,"[HttpGet(""daily-trend/sp"")]"
core,application_or_library,CP6.WebApi/Controllers/Mes/MesDashboardController.cs,96,GET,"[HttpGet(""process-progress/sp"")]"
core,application_or_library,CP6.WebApi/Controllers/Mes/OeeController.cs,20,GET,[HttpGet]
core,application_or_library,CP6.WebApi/Controllers/Mes/OeeController.cs,28,GET,"[HttpGet(""today"")]"
core,application_or_library,CP6.WebApi/Controllers/Mes/OeeController.cs,36,GET,"[HttpGet(""trend"")]"
core,application_or_library,CP6.WebApi/Controllers/Mes/OeeController.cs,44,POST,"[HttpPost(""recalculate"")]"
core,application_or_library,CP6.WebApi/Controllers/Mes/PlanAchievementController.cs,23,POST,"[HttpPost(""summary"")]"
core,application_or_library,CP6.WebApi/Controllers/Mes/PlanAchievementController.cs,30,POST,"[HttpPost(""export-csv"")]"
core,application_or_library,CP6.WebApi/Controllers/Mes/PlanningBoardController.cs,21,GET,[HttpGet]
core,application_or_library,CP6.WebApi/Controllers/Mes/PlanningBoardController.cs,29,GET,"[HttpGet(""kpi"")]"
core,application_or_library,CP6.WebApi/Controllers/Mes/PlanningBoardController.cs,37,PUT,"[HttpPut(""reschedule"")]"
core,application_or_library,CP6.WebApi/Controllers/Mes/PlanningBoardController.cs,53,POST,"[HttpPost(""auto-arrange"")]"
core,application_or_library,CP6.WebApi/Controllers/Mes/ProcessCostRateController.cs,20,GET,[HttpGet]
core,application_or_library,CP6.WebApi/Controllers/Mes/ProcessCostRateController.cs,21,GET,"[HttpGet(""resolve"")]"
core,application_or_library,CP6.WebApi/Controllers/Mes/ProcessCostRateController.cs,23,POST,"[HttpPost(""upsert"")]"
core,application_or_library,CP6.WebApi/Controllers/Mes/ProcessCostRateController.cs,27,DELETE,"[HttpDelete(""{id:Guid}"")]"
core,application_or_library,CP6.WebApi/Controllers/Mes/ProductionResultController.cs,24,GET,[HttpGet]
core,application_or_library,CP6.WebApi/Controllers/Mes/ProductionResultController.cs,32,GET,"[HttpGet(""work-order/{no}"")]"
core,application_or_library,CP6.WebApi/Controllers/Mes/ProductionResultController.cs,41,POST,"[HttpPost(""start"")]"
core,application_or_library,CP6.WebApi/Controllers/Mes/ProductionResultController.cs,46,POST,"[HttpPost(""suspend"")]"
core,application_or_library,CP6.WebApi/Controllers/Mes/ProductionResultController.cs,51,POST,"[HttpPost(""resume"")]"
core,application_or_library,CP6.WebApi/Controllers/Mes/ProductionResultController.cs,56,POST,"[HttpPost(""complete"")]"
core,application_or_library,CP6.WebApi/Controllers/Mes/ProductionResultController.cs,61,POST,[HttpPost]
core,application_or_library,CP6.WebApi/Controllers/Mes/QualityInspectionController.cs,24,GET,[HttpGet]
core,application_or_library,CP6.WebApi/Controllers/Mes/QualityInspectionController.cs,32,GET,"[HttpGet(""{no}"")]"
core,application_or_library,CP6.WebApi/Controllers/Mes/QualityInspectionController.cs,41,POST,[HttpPost]
core,application_or_library,CP6.WebApi/Controllers/Mes/QualityInspectionController.cs,57,PUT,"[HttpPut(""{no}"")]"
core,application_or_library,CP6.WebApi/Controllers/Mes/QualityInspectionController.cs,73,GET,"[HttpGet(""templates/{cd}"")]"
core,application_or_library,CP6.WebApi/Controllers/Mes/QualityInspectionController.cs,81,GET,"[HttpGet(""templates"")]"
core,application_or_library,CP6.WebApi/Controllers/Mes/WorkCenterController.cs,20,GET,[HttpGet]
core,application_or_library,CP6.WebApi/Controllers/Mes/WorkCenterController.cs,21,GET,"[HttpGet(""{wgCd}"")]"
core,application_or_library,CP6.WebApi/Controllers/Mes/WorkCenterController.cs,23,POST,"[HttpPost(""upsert"")]"
core,application_or_library,CP6.WebApi/Controllers/Mes/WorkCenterController.cs,28,DELETE,"[HttpDelete(""{wgCd}"")]"
core,application_or_library,CP6.WebApi/Controllers/Mes/WorkOrderController.cs,24,GET,"[HttpGet(""next-seq"")]"
core,application_or_library,CP6.WebApi/Controllers/Mes/WorkOrderController.cs,32,GET,[HttpGet]
core,application_or_library,CP6.WebApi/Controllers/Mes/WorkOrderController.cs,40,GET,"[HttpGet(""{no}"")]"
core,application_or_library,CP6.WebApi/Controllers/Mes/WorkOrderController.cs,49,POST,[HttpPost]
core,application_or_library,CP6.WebApi/Controllers/Mes/WorkOrderController.cs,65,PUT,"[HttpPut(""{no}"")]"
core,application_or_library,CP6.WebApi/Controllers/Mes/WorkOrderController.cs,81,DELETE,"[HttpDelete(""{no}"")]"
core,application_or_library,CP6.WebApi/Controllers/Mes/WorkOrderController.cs,97,POST,"[HttpPost(""{no}/issue"")]"
core,application_or_library,CP6.WebApi/Controllers/Mes/WorkOrderController.cs,113,POST,"[HttpPost(""expand-from-order"")]"
core,application_or_library,CP6.WebApi/Controllers/Oa/ApprovalController.cs,25,GET,"[HttpGet(""detail"")]"
core,application_or_library,CP6.WebApi/Controllers/Oa/ApproverMapController.cs,23,GET,"[HttpGet(""list"")]"
core,application_or_library,CP6.WebApi/Controllers/Oa/ApproverMapController.cs,26,GET,"[HttpGet(""keys"")]"
core,application_or_library,CP6.WebApi/Controllers/Oa/ApproverMapController.cs,29,POST,[HttpPost]
core,application_or_library,CP6.WebApi/Controllers/Oa/ApproverMapController.cs,37,PUT,"[HttpPut(""{id}"")]"
core,application_or_library,CP6.WebApi/Controllers/Oa/ApproverMapController.cs,45,DELETE,"[HttpDelete(""{id}"")]"
core,application_or_library,CP6.WebApi/Controllers/Oa/CatalogController.cs,34,GET,"[HttpGet(""tree"")]"
core,application_or_library,CP6.WebApi/Controllers/Oa/CatalogController.cs,45,POST,"[HttpPost(""favorite"")]"
core,application_or_library,CP6.WebApi/Controllers/Oa/DefinitionController.cs,25,GET,"[HttpGet(""flow-defs/{flowKey}/draft"")]"
core,application_or_library,CP6.WebApi/Controllers/Oa/DefinitionController.cs,38,PUT,"[HttpPut(""flow-defs/{flowKey}/draft"")]"
core,application_or_library,CP6.WebApi/Controllers/Oa/DefinitionController.cs,51,POST,"[HttpPost(""flow-defs/{flowKey}/publish"")]"
core,application_or_library,CP6.WebApi/Controllers/Oa/DefinitionController.cs,63,GET,"[HttpGet(""flow-defs/{flowKey}/versions"")]"
core,application_or_library,CP6.WebApi/Controllers/Oa/DefinitionController.cs,66,GET,"[HttpGet(""flow-defs/{flowKey}/versions/{version:int}"")]"
core,application_or_library,CP6.WebApi/Controllers/Oa/DefinitionController.cs,70,GET,"[HttpGet(""form-defs/{formKey}/draft"")]"
core,application_or_library,CP6.WebApi/Controllers/Oa/DefinitionController.cs,74,PUT,"[HttpPut(""form-defs/{formKey}/draft"")]"
core,application_or_library,CP6.WebApi/Controllers/Oa/DefinitionController.cs,87,POST,"[HttpPost(""form-defs/{formKey}/publish"")]"
core,application_or_library,CP6.WebApi/Controllers/Oa/DefinitionController.cs,99,GET,"[HttpGet(""form-defs/{formKey}/versions"")]"
core,application_or_library,CP6.WebApi/Controllers/Oa/DefinitionController.cs,102,GET,"[HttpGet(""form-defs/{formKey}/versions/{version:int}"")]"
core,application_or_library,CP6.WebApi/Controllers/Oa/DelegateController.cs,33,GET,"[HttpGet(""my-grants"")]"
core,application_or_library,CP6.WebApi/Controllers/Oa/DelegateController.cs,42,GET,"[HttpGet(""list"")]"
core,application_or_library,CP6.WebApi/Controllers/Oa/DelegateController.cs,53,POST,"[HttpPost(""add"")]"
core,application_or_library,CP6.WebApi/Controllers/Oa/DelegateController.cs,70,POST,"[HttpPost(""remove"")]"
core,application_or_library,CP6.WebApi/Controllers/Oa/DesignerController.cs,33,GET,"[HttpGet(""list"")]"
core,application_or_library,CP6.WebApi/Controllers/Oa/DesignerController.cs,37,GET,"[HttpGet(""service-catalog"")]"
core,application_or_library,CP6.WebApi/Controllers/Oa/DesignerController.cs,41,GET,"[HttpGet(""load/{flowKey}"")]"
core,application_or_library,CP6.WebApi/Controllers/Oa/DesignerController.cs,53,POST,"[HttpPost(""save"")]"
core,application_or_library,CP6.WebApi/Controllers/Oa/DesignerController.cs,74,POST,"[HttpPost(""clone"")]"
core,application_or_library,CP6.WebApi/Controllers/Oa/DraftController.cs,24,POST,"[HttpPost(""forms/{formKey}/drafts"")]"
core,application_or_library,CP6.WebApi/Controllers/Oa/DraftController.cs,31,GET,"[HttpGet(""drafts"")]"
core,application_or_library,CP6.WebApi/Controllers/Oa/DraftController.cs,36,GET,"[HttpGet(""drafts/{draftId:guid}"")]"
core,application_or_library,CP6.WebApi/Controllers/Oa/DraftController.cs,40,PUT,"[HttpPut(""drafts/{draftId:guid}"")]"
core,application_or_library,CP6.WebApi/Controllers/Oa/DraftController.cs,48,POST,"[HttpPost(""drafts/{draftId:guid}/rebase"")]"
core,application_or_library,CP6.WebApi/Controllers/Oa/DraftController.cs,55,POST,"[HttpPost(""drafts/{draftId:guid}/submit"")]"
core,application_or_library,CP6.WebApi/Controllers/Oa/DraftController.cs,67,DELETE,"[HttpDelete(""drafts/{draftId:guid}"")]"
core,application_or_library,CP6.WebApi/Controllers/Oa/FlowAdminController.cs,29,GET,"[HttpGet(""list"")]"
core,application_or_library,CP6.WebApi/Controllers/Oa/FlowAdminController.cs,37,GET,"[HttpGet(""{flowKey}"")]"
core,application_or_library,CP6.WebApi/Controllers/Oa/FlowAdminController.cs,48,POST,"[HttpPost(""enable"")]"
core,application_or_library,CP6.WebApi/Controllers/Oa/FlowTriggerAdminController.cs,31,GET,"[HttpGet(""list"")]"
core,application_or_library,CP6.WebApi/Controllers/Oa/FlowTriggerAdminController.cs,34,GET,"[HttpGet(""{id:guid}"")]"
core,application_or_library,CP6.WebApi/Controllers/Oa/FlowTriggerAdminController.cs,41,POST,[HttpPost]
core,application_or_library,CP6.WebApi/Controllers/Oa/FlowTriggerAdminController.cs,53,PUT,"[HttpPut(""{id:guid}"")]"
core,application_or_library,CP6.WebApi/Controllers/Oa/FlowTriggerAdminController.cs,61,POST,"[HttpPost(""{id:guid}/enable"")]"
core,application_or_library,CP6.WebApi/Controllers/Oa/FlowTriggerAdminController.cs,69,POST,"[HttpPost(""{id:guid}/reset-key"")]"
core,application_or_library,CP6.WebApi/Controllers/Oa/FlowTriggerAdminController.cs,77,POST,"[HttpPost(""{id:guid}/manual-fire"")]"
core,application_or_library,CP6.WebApi/Controllers/Oa/FlowTriggerAdminController.cs,91,GET,"[HttpGet(""{id:guid}/fires"")]"
core,application_or_library,CP6.WebApi/Controllers/Oa/FlowTriggerAdminController.cs,95,POST,"[HttpPost(""cron-preview"")]"
core,application_or_library,CP6.WebApi/Controllers/Oa/ForecastController.cs,32,POST,"[HttpPost(""preview"")]"
core,application_or_library,CP6.WebApi/Controllers/Oa/FormSubmissionController.cs,24,POST,[HttpPost]
core,application_or_library,CP6.WebApi/Controllers/Oa/InboxController.cs,57,GET,"[HttpGet(""pending"")]"
core,application_or_library,CP6.WebApi/Controllers/Oa/InboxController.cs,72,GET,"[HttpGet(""pending-cc"")]"
core,application_or_library,CP6.WebApi/Controllers/Oa/InboxController.cs,85,GET,"[HttpGet(""running"")]"
core,application_or_library,CP6.WebApi/Controllers/Oa/InboxController.cs,98,GET,"[HttpGet(""done"")]"
core,application_or_library,CP6.WebApi/Controllers/Oa/InboxController.cs,111,GET,"[HttpGet(""stats"")]"
core,application_or_library,CP6.WebApi/Controllers/Oa/InboxController.cs,124,GET,"[HttpGet(""detail/{instanceId:guid}"")]"
core,application_or_library,CP6.WebApi/Controllers/Oa/InboxController.cs,145,POST,"[HttpPost(""task/read"")]"
core,application_or_library,CP6.WebApi/Controllers/Oa/InboxController.cs,154,POST,"[HttpPost(""cc/read"")]"
core,application_or_library,CP6.WebApi/Controllers/Oa/InboxController.cs,165,POST,"[HttpPost(""batch"")]"
core,application_or_library,CP6.WebApi/Controllers/Oa/InboxController.cs,182,POST,"[HttpPost(""transfer"")]"
core,application_or_library,CP6.WebApi/Controllers/Oa/InboxController.cs,199,POST,"[HttpPost(""sendback"")]"
core,application_or_library,CP6.WebApi/Controllers/Oa/InboxController.cs,221,POST,"[HttpPost(""batch-transfer"")]"
core,application_or_library,CP6.WebApi/Controllers/Oa/InboxController.cs,233,POST,"[HttpPost(""batch-transfer/preview"")]"
core,application_or_library,CP6.WebApi/Controllers/Oa/NotificationController.cs,33,GET,"[HttpGet(""list"")]"
core,application_or_library,CP6.WebApi/Controllers/Oa/NotificationController.cs,45,GET,"[HttpGet(""unread-count"")]"
core,application_or_library,CP6.WebApi/Controllers/Oa/NotificationController.cs,54,POST,"[HttpPost(""read"")]"
core,application_or_library,CP6.WebApi/Controllers/Oa/NotificationController.cs,65,POST,"[HttpPost(""read-all"")]"
core,application_or_library,CP6.WebApi/Controllers/Oa/PrefController.cs,32,GET,"[HttpGet(""get"")]"
core,application_or_library,CP6.WebApi/Controllers/Oa/PrefController.cs,46,POST,"[HttpPost(""save"")]"
core,application_or_library,CP6.WebApi/Controllers/Oa/PrefController.cs,62,GET,"[HttpGet(""notify-matrix"")]"
core,application_or_library,CP6.WebApi/Controllers/Oa/QueryController.cs,32,POST,"[HttpPost(""search"")]"
core,application_or_library,CP6.WebApi/Controllers/Oa/TaskDecisionController.cs,27,POST,"[HttpPost(""{taskId:guid}/decision"")]"
core,application_or_library,CP6.WebApi/Controllers/Oa/WfConnectorController.cs,46,GET,[HttpGet]
core,application_or_library,CP6.WebApi/Controllers/Oa/WfConnectorController.cs,50,GET,"[HttpGet(""{id:guid}"")]"
core,application_or_library,CP6.WebApi/Controllers/Oa/WfConnectorController.cs,58,POST,[HttpPost]
core,application_or_library,CP6.WebApi/Controllers/Oa/WfConnectorController.cs,67,PUT,"[HttpPut(""{id:guid}"")]"
core,application_or_library,CP6.WebApi/Controllers/Oa/WfConnectorController.cs,76,POST,"[HttpPost(""{id:guid}/enabled"")]"
core,application_or_library,CP6.WebApi/Controllers/Oa/WorkCalendarController.cs,29,GET,[HttpGet]
core,application_or_library,CP6.WebApi/Controllers/Oa/WorkCalendarController.cs,39,POST,"[HttpPost(""toggle"")]"
core,application_or_library,CP6.WebApi/Controllers/Oa/WorkCalendarController.cs,48,DELETE,"[HttpDelete(""{date:datetime}"")]"
core,application_or_library,CP6.WebApi/Controllers/Oa/WorkCalendarController.cs,57,POST,"[HttpPost(""import-jp"")]"
core,application_or_library,CP6.WebApi/Controllers/Plan/ItemPlanningPolicyController.cs,22,GET,[HttpGet]
core,application_or_library,CP6.WebApi/Controllers/Plan/ItemPlanningPolicyController.cs,26,GET,"[HttpGet(""{itemCd}"")]"
core,application_or_library,CP6.WebApi/Controllers/Plan/ItemPlanningPolicyController.cs,30,POST,[HttpPost]
core,application_or_library,CP6.WebApi/Controllers/Plan/ItemPlanningPolicyController.cs,38,DELETE,"[HttpDelete(""{itemCd}"")]"
core,application_or_library,CP6.WebApi/Controllers/Plan/MrpController.cs,53,POST,"[HttpPost(""run"")]"
core,application_or_library,CP6.WebApi/Controllers/Plan/MrpController.cs,71,GET,"[HttpGet(""runs"")]"
core,application_or_library,CP6.WebApi/Controllers/Plan/MrpController.cs,77,GET,"[HttpGet(""run/{id}/planned-orders"")]"
core,application_or_library,CP6.WebApi/Controllers/Plan/MrpController.cs,84,GET,"[HttpGet(""run/{id}/net-requirements"")]"
core,application_or_library,CP6.WebApi/Controllers/Plan/MrpController.cs,91,POST,"[HttpPost(""planned-order/{id}/confirm"")]"
core,application_or_library,CP6.WebApi/Controllers/Plan/MrpController.cs,100,POST,"[HttpPost(""planned-order/{id}/convert"")]"
core,application_or_library,CP6.WebApi/Controllers/Plan/MrpController.cs,109,POST,"[HttpPost(""planned-order/{id}/ignore"")]"
core,application_or_library,CP6.WebApi/Controllers/Platform/CrossTenantAuditController.cs,28,GET,[HttpGet]
core,application_or_library,CP6.WebApi/Controllers/Platform/GdprController.cs,25,GET,"[HttpGet(""export/tenant/{tenantId:guid}"")]"
core,application_or_library,CP6.WebApi/Controllers/Platform/GdprController.cs,40,GET,"[HttpGet(""export/subject/{userId:guid}"")]"
core,application_or_library,CP6.WebApi/Controllers/Platform/GdprController.cs,55,DELETE,"[HttpDelete(""erase/subject/{userId:guid}"")]"
core,application_or_library,CP6.WebApi/Controllers/Platform/GdprController.cs,72,DELETE,"[HttpDelete(""erase/tenant/{tenantId:guid}"")]"
core,application_or_library,CP6.WebApi/Controllers/Platform/ImpersonationController.cs,24,POST,"[HttpPost(""start"")]"
core,application_or_library,CP6.WebApi/Controllers/Platform/ImpersonationController.cs,41,POST,"[HttpPost(""end"")]"
core,application_or_library,CP6.WebApi/Controllers/Platform/PlatformAdminController.cs,24,GET,[HttpGet]
core,application_or_library,CP6.WebApi/Controllers/Platform/PlatformAdminController.cs,28,POST,"[HttpPost(""{userId:guid}/grant"")]"
core,application_or_library,CP6.WebApi/Controllers/Platform/PlatformAdminController.cs,43,POST,"[HttpPost(""{userId:guid}/revoke"")]"
core,application_or_library,CP6.WebApi/Controllers/Platform/TenantController.cs,24,GET,[HttpGet]
core,application_or_library,CP6.WebApi/Controllers/Platform/TenantController.cs,36,GET,"[HttpGet(""{id:guid}"")]"
core,application_or_library,CP6.WebApi/Controllers/Platform/TenantController.cs,44,POST,[HttpPost]
core,application_or_library,CP6.WebApi/Controllers/Platform/TenantController.cs,59,PUT,"[HttpPut(""{id:guid}"")]"
core,application_or_library,CP6.WebApi/Controllers/Platform/TenantController.cs,74,POST,"[HttpPost(""{id:guid}/suspend"")]"
core,application_or_library,CP6.WebApi/Controllers/Platform/TenantController.cs,89,POST,"[HttpPost(""{id:guid}/reactivate"")]"
core,application_or_library,CP6.WebApi/Controllers/Pub/AttachmentController.cs,36,POST,"[HttpPost(""upload"")]"
core,application_or_library,CP6.WebApi/Controllers/Pub/AttachmentController.cs,53,GET,"[HttpGet(""list"")]"
core,application_or_library,CP6.WebApi/Controllers/Pub/AttachmentController.cs,61,GET,"[HttpGet(""{id}/download"")]"
core,application_or_library,CP6.WebApi/Controllers/Pub/AttachmentController.cs,65,GET,"[HttpGet(""{id}/preview"")]"
core,application_or_library,CP6.WebApi/Controllers/Pub/AttachmentController.cs,86,DELETE,"[HttpDelete(""{id}"")]"
core,application_or_library,CP6.WebApi/Controllers/Pub/AttachmentController.cs,98,POST,"[HttpPost(""rebind"")]"
core,application_or_library,CP6.WebApi/Controllers/Pub/CodeGenController.cs,22,GET,"[HttpGet(""tables"")]"
core,application_or_library,CP6.WebApi/Controllers/Pub/CodeGenController.cs,27,POST,"[HttpPost(""save"")]"
core,application_or_library,CP6.WebApi/Controllers/Pub/CodeGenController.cs,58,GET,"[HttpGet(""{id}/preview"")]"
core,application_or_library,CP6.WebApi/Controllers/Pub/CodeGenController.cs,68,POST,"[HttpPost(""preview"")]"
core,application_or_library,CP6.WebApi/Controllers/Pub/SeqController.cs,19,GET,[HttpGet]
core,application_or_library,CP6.WebApi/Controllers/Pub/SeqController.cs,31,POST,[HttpPost]
core,application_or_library,CP6.WebApi/Controllers/Pub/SeqController.cs,43,PUT,[HttpPut]
core,application_or_library,CP6.WebApi/Controllers/Pub/SeqController.cs,58,DELETE,[HttpDelete]
core,application_or_library,CP6.WebApi/Controllers/Pub/SeqController.cs,69,GET,"[HttpGet(""preview/{bizKey}"")]"
core,application_or_library,CP6.WebApi/Controllers/Pur/GoodsReceiptController.cs,21,GET,[HttpGet]
core,application_or_library,CP6.WebApi/Controllers/Pur/GoodsReceiptController.cs,25,GET,"[HttpGet(""{grNo}"")]"
core,application_or_library,CP6.WebApi/Controllers/Pur/GoodsReceiptController.cs,33,POST,[HttpPost]
core,application_or_library,CP6.WebApi/Controllers/Pur/GoodsReceiptController.cs,42,POST,"[HttpPost(""{grNo}/apply-qc"")]"
core,application_or_library,CP6.WebApi/Controllers/Pur/PurReconcileController.cs,23,GET,"[HttpGet(""{poNo}"")]"
core,application_or_library,CP6.WebApi/Controllers/Pur/PurchaseOrderController.cs,22,GET,[HttpGet]
core,application_or_library,CP6.WebApi/Controllers/Pur/PurchaseOrderController.cs,26,GET,"[HttpGet(""{poNo}"")]"
core,application_or_library,CP6.WebApi/Controllers/Pur/PurchaseOrderController.cs,33,POST,[HttpPost]
core,application_or_library,CP6.WebApi/Controllers/Pur/PurchaseOrderController.cs,42,POST,"[HttpPost(""{poNo}/submit"")]"
core,application_or_library,CP6.WebApi/Controllers/Pur/PurchaseOrderController.cs,51,POST,"[HttpPost(""{poNo}/cancel"")]"
core,application_or_library,CP6.WebApi/Controllers/Pur/PurchaseRequestController.cs,33,GET,[HttpGet]
core,application_or_library,CP6.WebApi/Controllers/Pur/PurchaseRequestController.cs,48,GET,"[HttpGet(""{prNo}"")]"
core,application_or_library,CP6.WebApi/Controllers/Pur/PurchaseRequestController.cs,64,POST,[HttpPost]
core,application_or_library,CP6.WebApi/Controllers/Pur/PurchaseRequestController.cs,73,POST,"[HttpPost(""{prNo}/submit"")]"
core,application_or_library,CP6.WebApi/Controllers/Pur/PurchaseRequestController.cs,91,POST,"[HttpPost(""{prNo}/convert"")]"
core,application_or_library,CP6.WebApi/Controllers/Pur/RfqController.cs,25,GET,[HttpGet]
core,application_or_library,CP6.WebApi/Controllers/Pur/RfqController.cs,29,GET,"[HttpGet(""{rfqNo}"")]"
core,application_or_library,CP6.WebApi/Controllers/Pur/RfqController.cs,37,POST,"[HttpPost(""from-pr/{prNo}"")]"
core,application_or_library,CP6.WebApi/Controllers/Pur/RfqController.cs,46,POST,"[HttpPost(""{rfqNo}/suppliers"")]"
core,application_or_library,CP6.WebApi/Controllers/Pur/RfqController.cs,55,POST,"[HttpPost(""{rfqNo}/quote"")]"
core,application_or_library,CP6.WebApi/Controllers/Pur/RfqController.cs,64,POST,"[HttpPost(""{rfqNo}/rank"")]"
core,application_or_library,CP6.WebApi/Controllers/Pur/RfqController.cs,73,POST,"[HttpPost(""{rfqNo}/select"")]"
core,application_or_library,CP6.WebApi/Controllers/Pur/RfqController.cs,82,POST,"[HttpPost(""{rfqNo}/writeback"")]"
core,application_or_library,CP6.WebApi/Controllers/Pur/RfqController.cs,91,POST,"[HttpPost(""{rfqNo}/convert"")]"
core,application_or_library,CP6.WebApi/Controllers/Pur/SubcontractController.cs,25,GET,"[HttpGet(""orders"")]"
core,application_or_library,CP6.WebApi/Controllers/Pur/SubcontractController.cs,29,GET,"[HttpGet(""{poNo}/consign"")]"
core,application_or_library,CP6.WebApi/Controllers/Pur/SubcontractController.cs,34,POST,"[HttpPost(""{poNo}/{lineNo:int}/consign"")]"
core,application_or_library,CP6.WebApi/Controllers/Pur/SubcontractController.cs,43,POST,"[HttpPost(""{poNo}/{lineNo:int}/issue"")]"
core,application_or_library,CP6.WebApi/Controllers/Pur/SubcontractController.cs,52,POST,"[HttpPost(""{poNo}/{lineNo:int}/finished-cost"")]"
core,application_or_library,CP6.WebApi/Controllers/Pur/SubcontractController.cs,61,POST,"[HttpPost(""{poNo}/{lineNo:int}/reconcile"")]"
core,application_or_library,CP6.WebApi/Controllers/Pur/SupplierPriceController.cs,23,GET,[HttpGet]
core,application_or_library,CP6.WebApi/Controllers/Pur/SupplierPriceController.cs,28,GET,"[HttpGet(""resolve"")]"
core,application_or_library,CP6.WebApi/Controllers/Pur/SupplierPriceController.cs,33,POST,[HttpPost]
core,application_or_library,CP6.WebApi/Controllers/Pur/SupplierPriceController.cs,41,DELETE,"[HttpDelete(""{id}"")]"
core,application_or_library,CP6.WebApi/Controllers/Pur/ThreeWayMatchController.cs,22,GET,[HttpGet]
core,application_or_library,CP6.WebApi/Controllers/Pur/ThreeWayMatchController.cs,26,GET,"[HttpGet(""{matchNo}"")]"
core,application_or_library,CP6.WebApi/Controllers/Pur/ThreeWayMatchController.cs,34,POST,[HttpPost]
core,application_or_library,CP6.WebApi/Controllers/Pur/ThreeWayMatchController.cs,43,POST,"[HttpPost(""{matchNo}/release"")]"
core,application_or_library,CP6.WebApi/Controllers/Pur/ThreeWayMatchController.cs,52,POST,"[HttpPost(""{matchNo}/reject"")]"
core,application_or_library,CP6.WebApi/Controllers/Space/CodeRuleController.cs,31,GET,"[HttpGet(""code-rule"")]"
core,application_or_library,CP6.WebApi/Controllers/Space/CodeRuleController.cs,36,POST,"[HttpPost(""code-rule"")]"
core,application_or_library,CP6.WebApi/Controllers/Space/CodeRuleController.cs,44,PUT,"[HttpPut(""code-rule/{id:guid}"")]"
core,application_or_library,CP6.WebApi/Controllers/Space/CodeRuleController.cs,52,DELETE,"[HttpDelete(""code-rule/{id:guid}"")]"
core,application_or_library,CP6.WebApi/Controllers/Space/CodeRuleController.cs,60,POST,"[HttpPost(""code-rule/preview"")]"
core,application_or_library,CP6.WebApi/Controllers/Space/CodeRuleController.cs,73,POST,"[HttpPost(""floor/{id:guid}/generate-codes"")]"
core,application_or_library,CP6.WebApi/Controllers/Space/CodeRuleController.cs,86,GET,"[HttpGet(""floor/{id:guid}/code-precheck"")]"
core,application_or_library,CP6.WebApi/Controllers/Space/CodeRuleController.cs,97,POST,"[HttpPost(""location/{id:guid}/gen-code"")]"
core,application_or_library,CP6.WebApi/Controllers/Space/ConnectorController.cs,25,GET,"[HttpGet(""site/{siteId:guid}/connector"")]"
core,application_or_library,CP6.WebApi/Controllers/Space/ConnectorController.cs,28,POST,"[HttpPost(""connector"")]"
core,application_or_library,CP6.WebApi/Controllers/Space/ConnectorController.cs,35,PUT,"[HttpPut(""connector/{id:guid}/stop"")]"
core,application_or_library,CP6.WebApi/Controllers/Space/ConnectorController.cs,42,DELETE,"[HttpDelete(""connector/{id:guid}/stop/{floorId:guid}"")]"
core,application_or_library,CP6.WebApi/Controllers/Space/ConnectorController.cs,46,PUT,"[HttpPut(""connector/{id:guid}"")]"
core,application_or_library,CP6.WebApi/Controllers/Space/ConnectorController.cs,53,DELETE,"[HttpDelete(""connector/{id:guid}"")]"
core,application_or_library,CP6.WebApi/Controllers/Space/LocationPublishController.cs,41,POST,"[HttpPost(""floor/{id:guid}/publish"")]"
core,application_or_library,CP6.WebApi/Controllers/Space/LocationPublishController.cs,60,PUT,"[HttpPut(""location/{id:guid}/deactivate"")]"
core,application_or_library,CP6.WebApi/Controllers/Space/LocationPublishController.cs,79,POST,"[HttpPost(""location/adopt"")]"
core,application_or_library,CP6.WebApi/Controllers/Space/LocationPublishController.cs,99,GET,"[HttpGet(""publish/events"")]"
core,application_or_library,CP6.WebApi/Controllers/Space/SceneController.cs,37,POST,"[HttpPost(""floor/{id:guid}/scene"")]"
core,application_or_library,CP6.WebApi/Controllers/Space/SceneController.cs,47,GET,"[HttpGet(""floor/{id:guid}/export"")]"
core,application_or_library,CP6.WebApi/Controllers/Space/SceneController.cs,54,POST,"[HttpPost(""site/{id:guid}/import"")]"
core,application_or_library,CP6.WebApi/Controllers/Space/SceneController.cs,64,POST,"[HttpPost(""rack/{id:guid}/bind-codes"")]"
core,application_or_library,CP6.WebApi/Controllers/Space/SpaceAdvancedController.cs,26,GET,"[HttpGet(""floor/{floorId:guid}/pick-path"")]"
core,application_or_library,CP6.WebApi/Controllers/Space/SpaceAdvancedController.cs,60,GET,"[HttpGet(""floor/{floorId:guid}/workload"")]"
core,application_or_library,CP6.WebApi/Controllers/Space/SpaceAdvancedController.cs,91,GET,"[HttpGet(""site/{siteId:guid}/pick-path"")]"
core,application_or_library,CP6.WebApi/Controllers/Space/SpaceAdvancedController.cs,148,GET,"[HttpGet(""floor/{floorId:guid}/devices"")]"
core,application_or_library,CP6.WebApi/Controllers/Space/SpaceAiAdministrationController.cs,47,GET,"[HttpGet(""ai-policy"")]"
core,application_or_library,CP6.WebApi/Controllers/Space/SpaceAiAdministrationController.cs,59,PUT,"[HttpPut(""ai-policy"")]"
core,application_or_library,CP6.WebApi/Controllers/Space/SpaceAiAdministrationController.cs,81,GET,"[HttpGet(""ai-usage"")]"
core,application_or_library,CP6.WebApi/Controllers/Space/SpaceAiAtomicApplyController.cs,48,GET,[HttpGet]
core,application_or_library,CP6.WebApi/Controllers/Space/SpaceAiAtomicApplyController.cs,62,POST,"[HttpPost(""apply"")]"
core,application_or_library,CP6.WebApi/Controllers/Space/SpaceAiAtomicApplyController.cs,93,POST,"[HttpPost(""cancel"")]"
core,application_or_library,CP6.WebApi/Controllers/Space/SpaceAiAtomicApplyController.cs,119,POST,"[HttpPost(""retry"")]"
core,application_or_library,CP6.WebApi/Controllers/Space/SpaceAiAtomicApplyController.cs,148,POST,"[HttpPost(""discard"")]"
core,application_or_library,CP6.WebApi/Controllers/Space/SpaceAiAtomicApplyController.cs,174,POST,"[HttpPost(""reconcile"")]"
core,application_or_library,CP6.WebApi/Controllers/Space/SpaceAiGenerationRecoveryController.cs,47,POST,[HttpPost]
core,application_or_library,CP6.WebApi/Controllers/Space/SpaceAiProposalDecisionController.cs,47,GET,"[HttpGet(""review"")]"
core,application_or_library,CP6.WebApi/Controllers/Space/SpaceAiProposalDecisionController.cs,61,GET,"[HttpGet(""proposals"")]"
core,application_or_library,CP6.WebApi/Controllers/Space/SpaceAiProposalDecisionController.cs,76,GET,"[HttpGet(""issues"")]"
core,application_or_library,CP6.WebApi/Controllers/Space/SpaceAiProposalDecisionController.cs,91,GET,"[HttpGet(""decisions"")]"
core,application_or_library,CP6.WebApi/Controllers/Space/SpaceAiProposalDecisionController.cs,112,POST,"[HttpPost(""decisions"")]"
core,application_or_library,CP6.WebApi/Controllers/Space/SpaceAiProposalDecisionController.cs,139,POST,"[HttpPost(""decisions:batch"")]"
core,application_or_library,CP6.WebApi/Controllers/Space/SpaceAnalyticsController.cs,28,GET,"[HttpGet(""site/{siteId:guid}/analytics/config"")]"
core,application_or_library,CP6.WebApi/Controllers/Space/SpaceAnalyticsController.cs,35,PUT,"[HttpPut(""site/{siteId:guid}/analytics/config"")]"
core,application_or_library,CP6.WebApi/Controllers/Space/SpaceAnalyticsController.cs,51,POST,"[HttpPost(""site/{siteId:guid}/analytics/abc/rebuild"")]"
core,application_or_library,CP6.WebApi/Controllers/Space/SpaceAnalyticsController.cs,56,GET,"[HttpGet(""floor/{floorId:guid}/analytics/utilization"")]"
core,application_or_library,CP6.WebApi/Controllers/Space/SpaceAnalyticsController.cs,60,GET,"[HttpGet(""floor/{floorId:guid}/analytics/storage-types"")]"
core,application_or_library,CP6.WebApi/Controllers/Space/SpaceAnalyticsController.cs,64,GET,"[HttpGet(""floor/{floorId:guid}/analytics/abc"")]"
core,application_or_library,CP6.WebApi/Controllers/Space/SpaceAnalyticsController.cs,69,GET,"[HttpGet(""site/{siteId:guid}/control-tower"")]"
core,application_or_library,CP6.WebApi/Controllers/Space/SpaceAuditController.cs,29,GET,"[HttpGet(""events"")]"
core,application_or_library,CP6.WebApi/Controllers/Space/SpaceAuditController.cs,54,GET,"[HttpGet(""timeline/{correlationId:guid}"")]"
core,application_or_library,CP6.WebApi/Controllers/Space/SpaceCadMappingProfileController.cs,47,GET,[HttpGet]
core,application_or_library,CP6.WebApi/Controllers/Space/SpaceCadMappingProfileController.cs,55,GET,"[HttpGet(""{profileId:guid}"")]"
core,application_or_library,CP6.WebApi/Controllers/Space/SpaceCadMappingProfileController.cs,64,POST,[HttpPost]
core,application_or_library,CP6.WebApi/Controllers/Space/SpaceCadParseController.cs,59,POST,"[HttpPost(""versions/{versionId:guid}/cad-sources"")]"
core,application_or_library,CP6.WebApi/Controllers/Space/SpaceCadParseController.cs,101,GET,"[HttpGet(
        ""versions/{versionId:guid}/sources/{sourceId:guid}/"" +
        ""cad-preparations/status"")]"
core,application_or_library,CP6.WebApi/Controllers/Space/SpaceCadParseController.cs,114,GET,"[HttpGet(""versions/{versionId:guid}/cad-mapping-profiles"")]"
core,application_or_library,CP6.WebApi/Controllers/Space/SpaceCadParseController.cs,125,POST,"[HttpPost(
        ""versions/{versionId:guid}/sources/{sourceId:guid}/"" +
        ""cad-preparations:preview"")]"
core,application_or_library,CP6.WebApi/Controllers/Space/SpaceCadParseController.cs,147,POST,"[HttpPost(
        ""versions/{versionId:guid}/sources/{sourceId:guid}/cad-parses"")]"
core,application_or_library,CP6.WebApi/Controllers/Space/SpaceCadParseController.cs,176,GET,"[HttpGet(
        ""versions/{versionId:guid}/sources/{sourceId:guid}/"" +
        ""cad-parses/{jobId:guid}"")]"
core,application_or_library,CP6.WebApi/Controllers/Space/SpaceCadParseController.cs,192,GET,"[HttpGet(
        ""versions/{versionId:guid}/floors/{floorLogicalId:guid}/"" +
        ""cad-review-candidates"")]"
core,application_or_library,CP6.WebApi/Controllers/Space/SpaceCadParseController.cs,209,GET,"[HttpGet(
        ""versions/{versionId:guid}/sources/{sourceId:guid}/"" +
        ""cad-parses/{jobId:guid}/review-workspace"")]"
core,application_or_library,CP6.WebApi/Controllers/Space/SpaceCadParseController.cs,225,POST,"[HttpPost(
        ""versions/{versionId:guid}/sources/{sourceId:guid}/"" +
        ""cad-parses/{jobId:guid}/review-workspace:apply"")]"
core,application_or_library,CP6.WebApi/Controllers/Space/SpaceCadParseController.cs,248,POST,"[HttpPost(
        ""versions/{versionId:guid}/sources/{sourceId:guid}/"" +
        ""cad-parses/{jobId:guid}:cancel"")]"
core,application_or_library,CP6.WebApi/Controllers/Space/SpaceCadParseController.cs,272,POST,"[HttpPost(
        ""versions/{versionId:guid}/sources/{sourceId:guid}/"" +
        ""cad-parses/{jobId:guid}:retry"")]"
core,application_or_library,CP6.WebApi/Controllers/Space/SpaceCadProviderController.cs,47,GET,"[HttpGet(""cad-capability"")]"
core,application_or_library,CP6.WebApi/Controllers/Space/SpaceCadProviderController.cs,60,PUT,"[HttpPut(""cad-provider-configuration"")]"
core,application_or_library,CP6.WebApi/Controllers/Space/SpaceDesignCodingController.cs,46,POST,"[HttpPost(
        ""versions/{versionId:guid}/floors/{floorLogicalId:guid}/location-codes:preview"")]"
core,application_or_library,CP6.WebApi/Controllers/Space/SpaceDesignCodingController.cs,62,POST,"[HttpPost(
        ""versions/{versionId:guid}/floors/{floorLogicalId:guid}/location-codes:apply"")]"
core,application_or_library,CP6.WebApi/Controllers/Space/SpaceDesignV1Controller.cs,63,GET,"[HttpGet(""modeling-templates/excel/standard"")]"
core,application_or_library,CP6.WebApi/Controllers/Space/SpaceDesignV1Controller.cs,88,GET,"[HttpGet(""sites/{siteId:guid}/model"")]"
core,application_or_library,CP6.WebApi/Controllers/Space/SpaceDesignV1Controller.cs,96,GET,"[HttpGet(""sites/{siteId:guid}/published-scene"")]"
core,application_or_library,CP6.WebApi/Controllers/Space/SpaceDesignV1Controller.cs,105,GET,"[HttpGet(""sites/{siteId:guid}/versions"")]"
core,application_or_library,CP6.WebApi/Controllers/Space/SpaceDesignV1Controller.cs,121,POST,"[HttpPost(""sites/{siteId:guid}/versions"")]"
core,application_or_library,CP6.WebApi/Controllers/Space/SpaceDesignV1Controller.cs,142,GET,"[HttpGet(""versions/{versionId:guid}"")]"
core,application_or_library,CP6.WebApi/Controllers/Space/SpaceDesignV1Controller.cs,150,GET,"[HttpGet(""versions/{versionId:guid}/floors"")]"
core,application_or_library,CP6.WebApi/Controllers/Space/SpaceDesignV1Controller.cs,159,POST,"[HttpPost(""versions/{versionId:guid}/floors"")]"
core,application_or_library,CP6.WebApi/Controllers/Space/SpaceDesignV1Controller.cs,187,GET,"[HttpGet(""versions/{versionId:guid}/floors/{floorLogicalId:guid}/scene"")]"
core,application_or_library,CP6.WebApi/Controllers/Space/SpaceDesignV1Controller.cs,199,POST,"[HttpPost(
        ""versions/{versionId:guid}/floors/{floorLogicalId:guid}/commands"")]"
core,application_or_library,CP6.WebApi/Controllers/Space/SpaceDesignV1Controller.cs,215,POST,"[HttpPost(
        ""versions/{versionId:guid}/floors/{floorLogicalId:guid}/layout-commands"")]"
core,application_or_library,CP6.WebApi/Controllers/Space/SpaceDesignV1Controller.cs,231,GET,"[HttpGet(""assets"")]"
core,application_or_library,CP6.WebApi/Controllers/Space/SpaceDesignV1Controller.cs,247,POST,"[HttpPost(""assets"")]"
core,application_or_library,CP6.WebApi/Controllers/Space/SpaceDesignV1Controller.cs,269,GET,"[HttpGet(""versions/{versionId:guid}/sources"")]"
core,application_or_library,CP6.WebApi/Controllers/Space/SpaceDesignV1Controller.cs,287,POST,"[HttpPost(""versions/{versionId:guid}/sources"")]"
core,application_or_library,CP6.WebApi/Controllers/Space/SpaceDesignV1Controller.cs,312,GET,"[HttpGet(
        ""versions/{versionId:guid}/sources/{sourceId:guid}/removal-preview"")]"
core,application_or_library,CP6.WebApi/Controllers/Space/SpaceDesignV1Controller.cs,326,POST,"[HttpPost(""versions/{versionId:guid}/sources/{sourceId:guid}:remove"")]"
core,application_or_library,CP6.WebApi/Controllers/Space/SpaceDesignV1Controller.cs,350,POST,"[HttpPost(""versions/{versionId:guid}/underlay-sources"")]"
core,application_or_library,CP6.WebApi/Controllers/Space/SpaceDesignV1Controller.cs,375,GET,"[HttpGet(""versions/{versionId:guid}/files/{fileId:guid}"")]"
core,application_or_library,CP6.WebApi/Controllers/Space/SpaceDesignV1Controller.cs,387,GET,"[HttpGet(""versions/{versionId:guid}/sources/{sourceId:guid}/content"")]"
core,application_or_library,CP6.WebApi/Controllers/Space/SpaceDesignV1Controller.cs,417,GET,"[HttpGet(
        ""versions/{versionId:guid}/sources/{sourceId:guid}/underlay-calibration"")]"
core,application_or_library,CP6.WebApi/Controllers/Space/SpaceDesignV1Controller.cs,433,POST,"[HttpPost(
        ""versions/{versionId:guid}/sources/{sourceId:guid}/underlay-calibration"")]"
core,application_or_library,CP6.WebApi/Controllers/Space/SpaceDesignV1Controller.cs,458,PUT,"[HttpPut(
        ""versions/{versionId:guid}/floors/{floorLogicalId:guid}/underlay"")]"
core,application_or_library,CP6.WebApi/Controllers/Space/SpaceDesignV1Controller.cs,483,POST,"[HttpPost(
        ""versions/{versionId:guid}/floors/{floorLogicalId:guid}/underlay:compensate"")]"
core,application_or_library,CP6.WebApi/Controllers/Space/SpaceDesignV1Controller.cs,512,GET,"[HttpGet(""jobs/{jobId:guid}"")]"
core,application_or_library,CP6.WebApi/Controllers/Space/SpaceDesignV1Controller.cs,520,GET,"[HttpGet(""versions/{versionId:guid}/issues"")]"
core,application_or_library,CP6.WebApi/Controllers/Space/SpaceDesignV1Controller.cs,538,POST,"[HttpPost(""versions/{versionId:guid}/wms-adoption/refresh"")]"
core,application_or_library,CP6.WebApi/Controllers/Space/SpaceDesignV1Controller.cs,556,GET,"[HttpGet(""versions/{versionId:guid}/wms-adoption/locations"")]"
core,application_or_library,CP6.WebApi/Controllers/Space/SpaceDesignV1Controller.cs,575,POST,"[HttpPost(
        ""versions/{versionId:guid}/wms-adoption/locations/{adoptionId:guid}/bind"")]"
core,application_or_library,CP6.WebApi/Controllers/Space/SpaceDesignV1Controller.cs,591,POST,"[HttpPost(""versions/{versionId:guid}/wms-adoption/bindings:batch"")]"
core,application_or_library,CP6.WebApi/Controllers/Space/SpaceDesignV1Controller.cs,604,POST,"[HttpPost(
        ""versions/{versionId:guid}/wms-adoption/locations/{adoptionId:guid}/place"")]"
core,application_or_library,CP6.WebApi/Controllers/Space/SpaceDesignV1Controller.cs,620,POST,"[HttpPost(""templates"")]"
core,application_or_library,CP6.WebApi/Controllers/Space/SpaceDesignV1Controller.cs,643,POST,"[HttpPost(""versions/{versionId:guid}/tenant-template-preview"")]"
core,application_or_library,CP6.WebApi/Controllers/Space/SpaceDesignV1Controller.cs,658,POST,"[HttpPost(""versions/{versionId:guid}/tenant-templates"")]"
core,application_or_library,CP6.WebApi/Controllers/Space/SpaceDesignV1Controller.cs,683,GET,"[HttpGet(""templates"")]"
core,application_or_library,CP6.WebApi/Controllers/Space/SpaceDesignV1Controller.cs,693,POST,"[HttpPost(""templates/{templateId:guid}/instantiate"")]"
core,application_or_library,CP6.WebApi/Controllers/Space/SpaceDesignV1Controller.cs,707,POST,"[HttpPost(
        ""versions/{versionId:guid}/floors/{floorLogicalId:guid}/templates/{templateId:guid}:apply"")]"
core,application_or_library,CP6.WebApi/Controllers/Space/SpaceDeviceEventsController.cs,47,GET,"[HttpGet(""device-mappings"")]"
core,application_or_library,CP6.WebApi/Controllers/Space/SpaceDeviceEventsController.cs,63,POST,"[HttpPost(""device-mappings"")]"
core,application_or_library,CP6.WebApi/Controllers/Space/SpaceDeviceEventsController.cs,86,PUT,"[HttpPut(""device-mappings/{mappingId:guid}"")]"
core,application_or_library,CP6.WebApi/Controllers/Space/SpaceDeviceEventsController.cs,106,POST,"[HttpPost(""device-events"")]"
core,application_or_library,CP6.WebApi/Controllers/Space/SpaceDeviceRuntimeController.cs,45,GET,"[HttpGet(""devices"")]"
core,application_or_library,CP6.WebApi/Controllers/Space/SpaceDispatchApprovalController.cs,48,PUT,"[HttpPut(""{approvalRequestId:guid}"")]"
core,application_or_library,CP6.WebApi/Controllers/Space/SpaceDispatchApprovalController.cs,74,GET,"[HttpGet(""{approvalRequestId:guid}"")]"
core,application_or_library,CP6.WebApi/Controllers/Space/SpaceDispatchApprovalController.cs,99,POST,"[HttpPost(""{approvalRequestId:guid}/cancel"")]"
core,application_or_library,CP6.WebApi/Controllers/Space/SpaceDispatchApprovalController.cs,125,GET,"[HttpGet(""{approvalRequestId:guid}/execution"")]"
core,application_or_library,CP6.WebApi/Controllers/Space/SpaceDispatchApprovalController.cs,150,GET,"[HttpGet(""{approvalRequestId:guid}/evaluation"")]"
core,application_or_library,CP6.WebApi/Controllers/Space/SpaceDispatchApprovalController.cs,175,PUT,"[HttpPut(""{approvalRequestId:guid}/retry-requests/{actionId:guid}"")]"
core,application_or_library,CP6.WebApi/Controllers/Space/SpaceDispatchApprovalController.cs,203,PUT,"[HttpPut(""{approvalRequestId:guid}/compensation-requests/{actionId:guid}"")]"
core,application_or_library,CP6.WebApi/Controllers/Space/SpaceDispatchRecommendationController.cs,50,PUT,"[HttpPut(""{recommendationId:guid}"")]"
core,application_or_library,CP6.WebApi/Controllers/Space/SpaceDispatchRecommendationController.cs,74,GET,"[HttpGet(""{recommendationId:guid}"")]"
core,application_or_library,CP6.WebApi/Controllers/Space/SpaceEditLeaseController.cs,47,GET,"[HttpGet(""lease"")]"
core,application_or_library,CP6.WebApi/Controllers/Space/SpaceEditLeaseController.cs,56,POST,"[HttpPost(""lease"")]"
core,application_or_library,CP6.WebApi/Controllers/Space/SpaceEditLeaseController.cs,66,POST,"[HttpPost(""lease/{leaseId:guid}:renew"")]"
core,application_or_library,CP6.WebApi/Controllers/Space/SpaceEditLeaseController.cs,82,POST,"[HttpPost(""lease/{leaseId:guid}:release"")]"
core,application_or_library,CP6.WebApi/Controllers/Space/SpaceEditLeaseController.cs,98,POST,"[HttpPost(""lease:takeover"")]"
core,application_or_library,CP6.WebApi/Controllers/Space/SpaceExcelCadMatchController.cs,52,POST,"[HttpPost(""versions/{versionId:guid}/excel-cad-matches"")]"
core,application_or_library,CP6.WebApi/Controllers/Space/SpaceExcelCadMatchController.cs,78,GET,"[HttpGet(""versions/{versionId:guid}/excel-cad-matches/{jobId:guid}"")]"
core,application_or_library,CP6.WebApi/Controllers/Space/SpaceExcelCadMatchController.cs,108,POST,"[HttpPost(
        ""versions/{versionId:guid}/excel-cad-matches/{matchJobId:guid}/confirmations"")]"
core,application_or_library,CP6.WebApi/Controllers/Space/SpaceExcelCadMatchController.cs,137,GET,"[HttpGet(
        ""versions/{versionId:guid}/excel-cad-matches/{matchJobId:guid}/"" +
        ""confirmations/{applyJobId:guid}"")]"
core,application_or_library,CP6.WebApi/Controllers/Space/SpaceExcelCadMatchController.cs,159,POST,"[HttpPost(
        ""versions/{versionId:guid}/excel-cad-matches/{matchJobId:guid}/"" +
        ""confirmations/{applyJobId:guid}:compensate"")]"
core,application_or_library,CP6.WebApi/Controllers/Space/SpaceExcelMappingController.cs,47,GET,[HttpGet]
core,application_or_library,CP6.WebApi/Controllers/Space/SpaceExcelMappingController.cs,55,GET,"[HttpGet(""{profileId:guid}"")]"
core,application_or_library,CP6.WebApi/Controllers/Space/SpaceExcelMappingController.cs,64,POST,"[HttpPost(""preview"")]"
core,application_or_library,CP6.WebApi/Controllers/Space/SpaceExcelMappingController.cs,71,POST,[HttpPost]
core,application_or_library,CP6.WebApi/Controllers/Space/SpaceExcelPreflightController.cs,56,POST,"[HttpPost(""versions/{versionId:guid}/excel-sources"")]"
core,application_or_library,CP6.WebApi/Controllers/Space/SpaceExcelPreflightController.cs,83,POST,"[HttpPost(
        ""versions/{versionId:guid}/sources/{sourceId:guid}/excel-preflights"")]"
core,application_or_library,CP6.WebApi/Controllers/Space/SpaceExcelPreflightController.cs,112,GET,"[HttpGet(
        ""versions/{versionId:guid}/sources/{sourceId:guid}/"" +
        ""excel-preflights/{jobId:guid}"")]"
core,application_or_library,CP6.WebApi/Controllers/Space/SpaceExcelPreflightController.cs,130,GET,"[HttpGet(
        ""versions/{versionId:guid}/sources/{sourceId:guid}/"" +
        ""excel-preflights/{jobId:guid}/report"")]"
core,application_or_library,CP6.WebApi/Controllers/Space/SpaceExternalOrganizationController.cs,48,GET,[HttpGet]
core,application_or_library,CP6.WebApi/Controllers/Space/SpaceExternalOrganizationController.cs,61,GET,"[HttpGet(""{organizationId:guid}"")]"
core,application_or_library,CP6.WebApi/Controllers/Space/SpaceExternalOrganizationController.cs,73,POST,[HttpPost]
core,application_or_library,CP6.WebApi/Controllers/Space/SpaceExternalOrganizationController.cs,97,PUT,"[HttpPut(""{organizationId:guid}"")]"
core,application_or_library,CP6.WebApi/Controllers/Space/SpaceExternalOrganizationController.cs,118,GET,"[HttpGet(""{organizationId:guid}/membership"")]"
core,application_or_library,CP6.WebApi/Controllers/Space/SpaceExternalOrganizationController.cs,134,POST,"[HttpPost(""{organizationId:guid}/membership"")]"
core,application_or_library,CP6.WebApi/Controllers/Space/SpaceExternalOrganizationController.cs,158,PUT,"[HttpPut(""{organizationId:guid}/membership/{membershipId:guid}"")]"
core,application_or_library,CP6.WebApi/Controllers/Space/SpaceExternalOrganizationController.cs,181,GET,"[HttpGet(""{organizationId:guid}/grant"")]"
core,application_or_library,CP6.WebApi/Controllers/Space/SpaceExternalOrganizationController.cs,197,GET,"[HttpGet(""{organizationId:guid}/grant/{grantId:guid}"")]"
core,application_or_library,CP6.WebApi/Controllers/Space/SpaceExternalOrganizationController.cs,213,POST,"[HttpPost(""{organizationId:guid}/grant"")]"
core,application_or_library,CP6.WebApi/Controllers/Space/SpaceExternalOrganizationController.cs,244,PUT,"[HttpPut(""{organizationId:guid}/grant/{grantId:guid}"")]"
core,application_or_library,CP6.WebApi/Controllers/Space/SpaceExternalPortalController.cs,54,GET,"[HttpGet(""organizations"")]"
core,application_or_library,CP6.WebApi/Controllers/Space/SpaceExternalPortalController.cs,65,GET,"[HttpGet(""sites"")]"
core,application_or_library,CP6.WebApi/Controllers/Space/SpaceExternalPortalController.cs,76,GET,"[HttpGet(""sites/{siteId:guid}/published-scene"")]"
core,application_or_library,CP6.WebApi/Controllers/Space/SpaceExternalPortalController.cs,90,GET,"[HttpGet(""sites/{siteId:guid}/stock"")]"
core,application_or_library,CP6.WebApi/Controllers/Space/SpaceExternalPortalController.cs,103,GET,"[HttpGet(""sites/{siteId:guid}/tasks"")]"
core,application_or_library,CP6.WebApi/Controllers/Space/SpaceFieldPolicyController.cs,47,GET,[HttpGet]
core,application_or_library,CP6.WebApi/Controllers/Space/SpaceFieldPolicyController.cs,57,GET,"[HttpGet(""{policyId:guid}"")]"
core,application_or_library,CP6.WebApi/Controllers/Space/SpaceFieldPolicyController.cs,65,POST,[HttpPost]
core,application_or_library,CP6.WebApi/Controllers/Space/SpaceFieldPolicyController.cs,83,PUT,"[HttpPut(""{policyId:guid}"")]"
core,application_or_library,CP6.WebApi/Controllers/Space/SpaceLocateController.cs,24,GET,"[HttpGet(""location/locate"")]"
core,application_or_library,CP6.WebApi/Controllers/Space/SpaceLocateController.cs,33,GET,"[HttpGet(""location/search"")]"
core,application_or_library,CP6.WebApi/Controllers/Space/SpaceLocateController.cs,38,GET,"[HttpGet(""location/{id:guid}/detail"")]"
core,application_or_library,CP6.WebApi/Controllers/Space/SpaceMasterController.cs,29,GET,"[HttpGet(""site"")]"
core,application_or_library,CP6.WebApi/Controllers/Space/SpaceMasterController.cs,32,POST,"[HttpPost(""site"")]"
core,application_or_library,CP6.WebApi/Controllers/Space/SpaceMasterController.cs,39,PUT,"[HttpPut(""site/{id:guid}"")]"
core,application_or_library,CP6.WebApi/Controllers/Space/SpaceMasterController.cs,46,DELETE,"[HttpDelete(""site/{id:guid}"")]"
core,application_or_library,CP6.WebApi/Controllers/Space/SpaceMasterController.cs,55,GET,"[HttpGet(""floor"")]"
core,application_or_library,CP6.WebApi/Controllers/Space/SpaceMasterController.cs,59,POST,"[HttpPost(""floor"")]"
core,application_or_library,CP6.WebApi/Controllers/Space/SpaceMasterController.cs,66,PUT,"[HttpPut(""floor/{id:guid}"")]"
core,application_or_library,CP6.WebApi/Controllers/Space/SpaceMasterController.cs,73,DELETE,"[HttpDelete(""floor/{id:guid}"")]"
core,application_or_library,CP6.WebApi/Controllers/Space/SpaceMasterController.cs,82,GET,"[HttpGet(""zone"")]"
core,application_or_library,CP6.WebApi/Controllers/Space/SpaceMasterController.cs,86,POST,"[HttpPost(""zone"")]"
core,application_or_library,CP6.WebApi/Controllers/Space/SpaceMasterController.cs,93,PUT,"[HttpPut(""zone/{id:guid}"")]"
core,application_or_library,CP6.WebApi/Controllers/Space/SpaceMasterController.cs,100,DELETE,"[HttpDelete(""zone/{id:guid}"")]"
core,application_or_library,CP6.WebApi/Controllers/Space/SpaceMasterController.cs,109,GET,"[HttpGet(""aisle"")]"
core,application_or_library,CP6.WebApi/Controllers/Space/SpaceMasterController.cs,113,POST,"[HttpPost(""aisle"")]"
core,application_or_library,CP6.WebApi/Controllers/Space/SpaceMasterController.cs,120,PUT,"[HttpPut(""aisle/{id:guid}"")]"
core,application_or_library,CP6.WebApi/Controllers/Space/SpaceMasterController.cs,127,DELETE,"[HttpDelete(""aisle/{id:guid}"")]"
core,application_or_library,CP6.WebApi/Controllers/Space/SpaceMasterController.cs,136,GET,"[HttpGet(""rack"")]"
core,application_or_library,CP6.WebApi/Controllers/Space/SpaceMasterController.cs,140,POST,"[HttpPost(""rack"")]"
core,application_or_library,CP6.WebApi/Controllers/Space/SpaceMasterController.cs,147,PUT,"[HttpPut(""rack/{id:guid}"")]"
core,application_or_library,CP6.WebApi/Controllers/Space/SpaceMasterController.cs,154,DELETE,"[HttpDelete(""rack/{id:guid}"")]"
core,application_or_library,CP6.WebApi/Controllers/Space/SpaceMasterController.cs,163,GET,"[HttpGet(""floor/{id:guid}/scene"")]"
core,application_or_library,CP6.WebApi/Controllers/Space/SpaceMasterController.cs,167,GET,"[HttpGet(""location/unplaced"")]"
core,application_or_library,CP6.WebApi/Controllers/Space/SpaceMasterController.cs,171,GET,"[HttpGet(""location"")]"
core,application_or_library,CP6.WebApi/Controllers/Space/SpaceOperationsDiagnosticController.cs,46,GET,[HttpGet]
core,application_or_library,CP6.WebApi/Controllers/Space/SpacePersonnelEventsController.cs,47,POST,[HttpPost]
core,application_or_library,CP6.WebApi/Controllers/Space/SpacePersonnelRuntimeController.cs,47,GET,[HttpGet]
core,application_or_library,CP6.WebApi/Controllers/Space/SpacePersonnelRuntimeController.cs,67,GET,"[HttpGet(""trajectory"")]"
core,application_or_library,CP6.WebApi/Controllers/Space/SpacePlanningComparisonController.cs,46,PUT,"[HttpPut(""{comparisonId:guid}"")]"
core,application_or_library,CP6.WebApi/Controllers/Space/SpacePlanningComparisonController.cs,61,GET,"[HttpGet(""{comparisonId:guid}"")]"
core,application_or_library,CP6.WebApi/Controllers/Space/SpacePlanningComparisonController.cs,70,GET,[HttpGet]
core,application_or_library,CP6.WebApi/Controllers/Space/SpacePlanningComparisonController.cs,80,PUT,"[HttpPut(""{comparisonId:guid}/decisions/{decisionId:guid}"")]"
core,application_or_library,CP6.WebApi/Controllers/Space/SpacePlanningComparisonController.cs,97,GET,"[HttpGet(""{comparisonId:guid}/decisions/{decisionId:guid}"")]"
core,application_or_library,CP6.WebApi/Controllers/Space/SpacePlanningComparisonController.cs,111,GET,"[HttpGet(""{comparisonId:guid}/decisions"")]"
core,application_or_library,CP6.WebApi/Controllers/Space/SpacePlanningDatasetController.cs,48,PUT,"[HttpPut(""{datasetId:guid}"")]"
core,application_or_library,CP6.WebApi/Controllers/Space/SpacePlanningDatasetController.cs,66,GET,"[HttpGet(""{datasetId:guid}"")]"
core,application_or_library,CP6.WebApi/Controllers/Space/SpacePlanningDatasetController.cs,81,GET,[HttpGet]
core,application_or_library,CP6.WebApi/Controllers/Space/SpacePlanningExchangeController.cs,47,GET,"[HttpGet(""gltf"")]"
core,application_or_library,CP6.WebApi/Controllers/Space/SpacePlanningScenarioController.cs,46,PUT,"[HttpPut(""{branchId:guid}"")]"
core,application_or_library,CP6.WebApi/Controllers/Space/SpacePlanningScenarioController.cs,61,GET,"[HttpGet(""{branchId:guid}"")]"
core,application_or_library,CP6.WebApi/Controllers/Space/SpacePlanningScenarioController.cs,71,GET,[HttpGet]
core,application_or_library,CP6.WebApi/Controllers/Space/SpacePlanningSimulationController.cs,48,PUT,"[HttpPut(""{runId:guid}"")]"
core,application_or_library,CP6.WebApi/Controllers/Space/SpacePlanningSimulationController.cs,65,GET,"[HttpGet(""{runId:guid}"")]"
core,application_or_library,CP6.WebApi/Controllers/Space/SpacePlanningSimulationController.cs,80,GET,[HttpGet]
core,application_or_library,CP6.WebApi/Controllers/Space/SpacePublishActivityController.cs,46,GET,"[HttpGet(""sites/{siteId:guid}/publish-attempts"")]"
core,application_or_library,CP6.WebApi/Controllers/Space/SpacePublishController.cs,47,POST,"[HttpPost(""versions/{historicalVersionId:guid}/republish"")]"
core,application_or_library,CP6.WebApi/Controllers/Space/SpacePublishController.cs,78,GET,"[HttpGet(""republishes/{republishId:guid}"")]"
core,application_or_library,CP6.WebApi/Controllers/Space/SpacePublishController.cs,93,POST,"[HttpPost(""versions/{versionId:guid}/publish-attempts"")]"
core,application_or_library,CP6.WebApi/Controllers/Space/SpacePublishController.cs,124,GET,"[HttpGet(""publish-attempts/{attemptId:guid}"")]"
core,application_or_library,CP6.WebApi/Controllers/Space/SpacePublishController.cs,139,POST,"[HttpPost(""publish-attempts/{attemptId:guid}/retry"")]"
core,application_or_library,CP6.WebApi/Controllers/Space/SpacePublishPreviewController.cs,46,GET,"[HttpGet(""versions/{versionId:guid}/publish-preview"")]"
core,application_or_library,CP6.WebApi/Controllers/Space/SpacePutawayRecommendationController.cs,50,PUT,"[HttpPut(""{recommendationId:guid}"")]"
core,application_or_library,CP6.WebApi/Controllers/Space/SpacePutawayRecommendationController.cs,74,GET,"[HttpGet(""{recommendationId:guid}"")]"
core,application_or_library,CP6.WebApi/Controllers/Space/SpaceRackGenerationProfileController.cs,47,GET,"[HttpGet(""rack-generation-profiles"")]"
core,application_or_library,CP6.WebApi/Controllers/Space/SpaceRackGenerationProfileController.cs,64,GET,"[HttpGet(""rack-generation-profile-versions/{versionId:guid}"")]"
core,application_or_library,CP6.WebApi/Controllers/Space/SpaceRackGenerationProfileController.cs,80,POST,"[HttpPost(""rack-generation-profiles"")]"
core,application_or_library,CP6.WebApi/Controllers/Space/SpaceStockController.cs,21,GET,"[HttpGet(""floor/{floorId:guid}/stock"")]"
core,application_or_library,CP6.WebApi/Controllers/Space/SpaceStockController.cs,34,GET,"[HttpGet(""floor/{floorId:guid}/stock/delta"")]"
core,application_or_library,CP6.WebApi/Controllers/Space/SpaceStockController.cs,56,GET,"[HttpGet(""stock/locate"")]"
core,application_or_library,CP6.WebApi/Controllers/Space/SpaceValidationController.cs,46,POST,"[HttpPost(""versions/{versionId:guid}/validations"")]"
core,application_or_library,CP6.WebApi/Controllers/Space/SpaceValidationController.cs,71,GET,"[HttpGet(""validations/{validationId:guid}"")]"
core,application_or_library,CP6.WebApi/Controllers/Space/SpaceWmsRuntimeController.cs,53,GET,"[HttpGet(""inventory"")]"
core,application_or_library,CP6.WebApi/Controllers/Space/SpaceWmsRuntimeController.cs,70,GET,"[HttpGet(""inventory/locate"")]"
core,application_or_library,CP6.WebApi/Controllers/Space/SpaceWmsRuntimeController.cs,93,GET,"[HttpGet(""overview"")]"
core,application_or_library,CP6.WebApi/Controllers/Space/SpaceWmsRuntimeController.cs,109,GET,"[HttpGet(""tasks"")]"
core,application_or_library,CP6.WebApi/Controllers/Space/SpaceWmsRuntimeController.cs,126,GET,"[HttpGet(""tasks/path"")]"
core,application_or_library,CP6.WebApi/Controllers/Space/TemplateController.cs,28,GET,"[HttpGet(""template"")]"
core,application_or_library,CP6.WebApi/Controllers/Space/TemplateController.cs,32,POST,"[HttpPost(""template"")]"
core,application_or_library,CP6.WebApi/Controllers/Space/TemplateController.cs,40,PUT,"[HttpPut(""template/{id:guid}"")]"
core,application_or_library,CP6.WebApi/Controllers/Space/TemplateController.cs,48,DELETE,"[HttpDelete(""template/{id:guid}"")]"
core,application_or_library,CP6.WebApi/Controllers/Space/TemplateController.cs,56,POST,"[HttpPost(""template/{id:guid}/clone"")]"
core,application_or_library,CP6.WebApi/Controllers/Sys/AuthController.cs,75,POST,"[HttpPost(""login"")]"
core,application_or_library,CP6.WebApi/Controllers/Sys/AuthController.cs,227,GET,"[HttpGet(""sso/authorize"")]"
core,application_or_library,CP6.WebApi/Controllers/Sys/AuthController.cs,246,GET,"[HttpGet(""sso/callback"")]"
core,application_or_library,CP6.WebApi/Controllers/Sys/AuthController.cs,277,GET,"[HttpGet(""profile"")]"
core,application_or_library,CP6.WebApi/Controllers/Sys/AuthController.cs,348,POST,"[HttpPost(""2fa/setup"")]"
core,application_or_library,CP6.WebApi/Controllers/Sys/AuthController.cs,361,POST,"[HttpPost(""2fa/enroll"")]"
core,application_or_library,CP6.WebApi/Controllers/Sys/AuthController.cs,376,POST,"[HttpPost(""2fa/verify"")]"
core,application_or_library,CP6.WebApi/Controllers/Sys/AuthController.cs,405,POST,"[HttpPost(""2fa/email-otp"")]"
core,application_or_library,CP6.WebApi/Controllers/Sys/AuthController.cs,419,GET,"[HttpGet(""2fa/status"")]"
core,application_or_library,CP6.WebApi/Controllers/Sys/AuthController.cs,430,POST,"[HttpPost(""2fa/setup-self"")]"
core,application_or_library,CP6.WebApi/Controllers/Sys/AuthController.cs,445,POST,"[HttpPost(""2fa/enroll-self"")]"
core,application_or_library,CP6.WebApi/Controllers/Sys/AuthController.cs,458,POST,"[HttpPost(""2fa/disable-self"")]"
core,application_or_library,CP6.WebApi/Controllers/Sys/AuthController.cs,482,POST,"[HttpPost(""2fa/email-otp-self"")]"
core,application_or_library,CP6.WebApi/Controllers/Sys/AuthController.cs,497,POST,"[HttpPost(""change-password"")]"
core,application_or_library,CP6.WebApi/Controllers/Sys/AuthController.cs,540,POST,"[HttpPost(""refresh"")]"
core,application_or_library,CP6.WebApi/Controllers/Sys/AuthController.cs,573,POST,"[HttpPost(""logout"")]"
core,application_or_library,CP6.WebApi/Controllers/Sys/CrmOidcController.cs,24,GET,"[HttpGet(""/.well-known/openid-configuration"")]"
core,application_or_library,CP6.WebApi/Controllers/Sys/CrmOidcController.cs,42,GET,"[HttpGet(""/.well-known/jwks.json"")]"
core,application_or_library,CP6.WebApi/Controllers/Sys/CrmOidcController.cs,55,GET,"[HttpGet(""/connect/organizations/{slug}"")]"
core,application_or_library,CP6.WebApi/Controllers/Sys/CrmOidcController.cs,63,GET,"[HttpGet(""/connect/authorize"")]"
core,application_or_library,CP6.WebApi/Controllers/Sys/CrmOidcController.cs,64,GET,"[HttpGet(""/api/auth/crm-authorize"")]"
core,application_or_library,CP6.WebApi/Controllers/Sys/CrmOidcController.cs,122,POST,"[HttpPost(""/connect/token"")]"
core,application_or_library,CP6.WebApi/Controllers/Sys/CrmOidcController.cs,207,POST,"[HttpPost(""/connect/service-revocations"")]"
core,application_or_library,CP6.WebApi/Controllers/Sys/CrmOidcController.cs,224,GET,"[HttpGet(""/connect/userinfo"")]"
core,application_or_library,CP6.WebApi/Controllers/Sys/CrmOidcController.cs,235,GET,"[HttpGet(""/connect/crm-context"")]"
core,application_or_library,CP6.WebApi/Controllers/Sys/CrmOidcController.cs,243,POST,"[HttpPost(""/connect/end-session"")]"
core,application_or_library,CP6.WebApi/Controllers/Sys/CrmOidcController.cs,279,GET,"[HttpGet(""/api/auth/crm-logout"")]"
core,application_or_library,CP6.WebApi/Controllers/Sys/CrmOidcController.cs,291,GET,"[HttpGet(""/api/auth/crm-logout-complete"")]"
core,application_or_library,CP6.WebApi/Controllers/Sys/DashboardController.cs,34,GET,[HttpGet]
core,application_or_library,CP6.WebApi/Controllers/Sys/DeptController.cs,22,GET,"[HttpGet(""tree"")]"
core,application_or_library,CP6.WebApi/Controllers/Sys/DeptController.cs,25,POST,[HttpPost]
core,application_or_library,CP6.WebApi/Controllers/Sys/DeptController.cs,33,PUT,"[HttpPut(""{id}"")]"
core,application_or_library,CP6.WebApi/Controllers/Sys/DeptController.cs,41,DELETE,"[HttpDelete(""{id}"")]"
core,application_or_library,CP6.WebApi/Controllers/Sys/DeptController.cs,49,POST,"[HttpPost(""{id}/move"")]"
core,application_or_library,CP6.WebApi/Controllers/Sys/DeptController.cs,57,PUT,"[HttpPut(""{id}/leader"")]"
core,application_or_library,CP6.WebApi/Controllers/Sys/DictController.cs,27,GET,"[HttpGet(""types"")]"
core,application_or_library,CP6.WebApi/Controllers/Sys/DictController.cs,44,POST,"[HttpPost(""types"")]"
core,application_or_library,CP6.WebApi/Controllers/Sys/DictController.cs,57,PUT,"[HttpPut(""types"")]"
core,application_or_library,CP6.WebApi/Controllers/Sys/DictController.cs,73,DELETE,"[HttpDelete(""types"")]"
core,application_or_library,CP6.WebApi/Controllers/Sys/DictController.cs,96,GET,"[HttpGet(""data"")]"
core,application_or_library,CP6.WebApi/Controllers/Sys/DictController.cs,113,POST,"[HttpPost(""data"")]"
core,application_or_library,CP6.WebApi/Controllers/Sys/DictController.cs,127,PUT,"[HttpPut(""data"")]"
core,application_or_library,CP6.WebApi/Controllers/Sys/DictController.cs,146,DELETE,"[HttpDelete(""data"")]"
core,application_or_library,CP6.WebApi/Controllers/Sys/DictController.cs,173,GET,"[HttpGet(""options/{typeCode}"")]"
core,application_or_library,CP6.WebApi/Controllers/Sys/FieldAuditController.cs,24,GET,[HttpGet]
core,application_or_library,CP6.WebApi/Controllers/Sys/FieldAuditController.cs,76,GET,"[HttpGet(""record"")]"
core,application_or_library,CP6.WebApi/Controllers/Sys/LangController.cs,41,GET,"[HttpGet(""{langCode}"")]"
core,application_or_library,CP6.WebApi/Controllers/Sys/LangController.cs,83,GET,"[HttpGet(""{lang}/ns/{ns}"")]"
core,application_or_library,CP6.WebApi/Controllers/Sys/LangController.cs,102,GET,"[HttpGet(""manifest"")]"
core,application_or_library,CP6.WebApi/Controllers/Sys/LangController.cs,112,GET,"[HttpGet(""published/{version}/{lang}"")]"
core,application_or_library,CP6.WebApi/Controllers/Sys/LangController.cs,123,POST,"[HttpPost(""publish"")]"
core,application_or_library,CP6.WebApi/Controllers/Sys/LangController.cs,133,POST,"[HttpPost(""publish/rollback"")]"
core,application_or_library,CP6.WebApi/Controllers/Sys/LangController.cs,147,POST,"[HttpPost(""review"")]"
core,application_or_library,CP6.WebApi/Controllers/Sys/LangController.cs,171,GET,[HttpGet]
core,application_or_library,CP6.WebApi/Controllers/Sys/LangController.cs,191,POST,[HttpPost]
core,application_or_library,CP6.WebApi/Controllers/Sys/LangController.cs,214,PUT,[HttpPut]
core,application_or_library,CP6.WebApi/Controllers/Sys/LangController.cs,241,DELETE,[HttpDelete]
core,application_or_library,CP6.WebApi/Controllers/Sys/MenuController.cs,25,GET,[HttpGet]
core,application_or_library,CP6.WebApi/Controllers/Sys/MenuController.cs,34,POST,[HttpPost]
core,application_or_library,CP6.WebApi/Controllers/Sys/MenuController.cs,44,PUT,[HttpPut]
core,application_or_library,CP6.WebApi/Controllers/Sys/MenuController.cs,69,PUT,"[HttpPut(""tree"")]"
core,application_or_library,CP6.WebApi/Controllers/Sys/MenuController.cs,127,DELETE,[HttpDelete]
core,application_or_library,CP6.WebApi/Controllers/Sys/OperLogController.cs,21,GET,[HttpGet]
core,application_or_library,CP6.WebApi/Controllers/Sys/OperLogController.cs,44,DELETE,[HttpDelete]
core,application_or_library,CP6.WebApi/Controllers/Sys/RoleController.cs,22,GET,[HttpGet]
core,application_or_library,CP6.WebApi/Controllers/Sys/RoleController.cs,43,GET,"[HttpGet(""all"")]"
core,application_or_library,CP6.WebApi/Controllers/Sys/RoleController.cs,54,POST,[HttpPost]
core,application_or_library,CP6.WebApi/Controllers/Sys/RoleController.cs,67,PUT,[HttpPut]
core,application_or_library,CP6.WebApi/Controllers/Sys/RoleController.cs,87,DELETE,[HttpDelete]
core,application_or_library,CP6.WebApi/Controllers/Sys/RoleController.cs,104,GET,"[HttpGet(""{roleId}/menus"")]"
core,application_or_library,CP6.WebApi/Controllers/Sys/RoleController.cs,118,POST,"[HttpPost(""{roleId}/menus"")]"
core,application_or_library,CP6.WebApi/Controllers/Sys/RolePermController.cs,23,GET,"[HttpGet(""menu-action/{menuId:int}"")]"
core,application_or_library,CP6.WebApi/Controllers/Sys/RolePermController.cs,28,GET,"[HttpGet(""menu-action/all"")]"
core,application_or_library,CP6.WebApi/Controllers/Sys/RolePermController.cs,33,PUT,"[HttpPut(""menu-action/{menuId:int}"")]"
core,application_or_library,CP6.WebApi/Controllers/Sys/RolePermController.cs,42,GET,"[HttpGet(""my-actions"")]"
core,application_or_library,CP6.WebApi/Controllers/Sys/RolePermController.cs,46,GET,"[HttpGet(""{roleId:int}"")]"
core,application_or_library,CP6.WebApi/Controllers/Sys/RolePermController.cs,51,PUT,"[HttpPut(""{roleId:int}"")]"
core,application_or_library,CP6.WebApi/Controllers/Sys/RolePermController.cs,62,GET,"[HttpGet(""data-scope/resources"")]"
core,application_or_library,CP6.WebApi/Controllers/Sys/RolePermController.cs,66,GET,"[HttpGet(""data-scope/{roleId:int}"")]"
core,application_or_library,CP6.WebApi/Controllers/Sys/RolePermController.cs,71,PUT,"[HttpPut(""data-scope/{roleId:int}"")]"
core,application_or_library,CP6.WebApi/Controllers/Sys/RolePermController.cs,82,GET,"[HttpGet(""field-perm/resources"")]"
core,application_or_library,CP6.WebApi/Controllers/Sys/RolePermController.cs,86,GET,"[HttpGet(""field-perm/{roleId:int}"")]"
core,application_or_library,CP6.WebApi/Controllers/Sys/RolePermController.cs,91,PUT,"[HttpPut(""field-perm/{roleId:int}"")]"
core,application_or_library,CP6.WebApi/Controllers/Sys/RolePermController.cs,100,GET,"[HttpGet(""my-readonly/{resourceKey}"")]"
core,application_or_library,CP6.WebApi/Controllers/Sys/SecurityLogController.cs,22,GET,[HttpGet]
core,application_or_library,CP6.WebApi/Controllers/Sys/SsoConfigController.cs,32,GET,[HttpGet]
core,application_or_library,CP6.WebApi/Controllers/Sys/SsoConfigController.cs,52,PUT,[HttpPut]
core,application_or_library,CP6.WebApi/Controllers/Sys/TwoFactorPolicyController.cs,30,GET,[HttpGet]
core,application_or_library,CP6.WebApi/Controllers/Sys/TwoFactorPolicyController.cs,41,PUT,[HttpPut]
core,application_or_library,CP6.WebApi/Controllers/Sys/UserController.cs,30,GET,[HttpGet]
core,application_or_library,CP6.WebApi/Controllers/Sys/UserController.cs,61,POST,[HttpPost]
core,application_or_library,CP6.WebApi/Controllers/Sys/UserController.cs,78,PUT,[HttpPut]
core,application_or_library,CP6.WebApi/Controllers/Sys/UserController.cs,111,POST,"[HttpPost(""reset-2fa"")]"
core,application_or_library,CP6.WebApi/Controllers/Sys/UserController.cs,122,DELETE,[HttpDelete]
core,application_or_library,CP6.WebApi/Controllers/Sys/UserRoleController.cs,23,GET,"[HttpGet(""{userId}"")]"
core,application_or_library,CP6.WebApi/Controllers/Sys/UserRoleController.cs,27,PUT,"[HttpPut(""{userId}"")]"
core,application_or_library,CP6.WebApi/Controllers/Sys/UserRoleController.cs,36,POST,"[HttpPost(""migrate"")]"
core,application_or_library,CP6.WebApi/Controllers/Wf/AdvancedFlowController.cs,31,POST,"[HttpPost(""sendback"")]"
core,application_or_library,CP6.WebApi/Controllers/Wf/AdvancedFlowController.cs,45,POST,"[HttpPost(""addsign"")]"
core,application_or_library,CP6.WebApi/Controllers/Wf/AdvancedFlowController.cs,59,POST,"[HttpPost(""delegate"")]"
core,application_or_library,CP6.WebApi/Controllers/Wf/ApprovalController.cs,42,POST,"[HttpPost(""submit"")]"
core,application_or_library,CP6.WebApi/Controllers/Wf/ApprovalController.cs,52,GET,"[HttpGet(""status"")]"
core,application_or_library,CP6.WebApi/Controllers/Wf/FlowController.cs,42,POST,"[HttpPost(""flow/def"")]"
core,application_or_library,CP6.WebApi/Controllers/Wf/FlowController.cs,54,GET,"[HttpGet(""flow/def/{flowKey}"")]"
core,application_or_library,CP6.WebApi/Controllers/Wf/FlowController.cs,63,POST,"[HttpPost(""flow/submit"")]"
core,application_or_library,CP6.WebApi/Controllers/Wf/FlowController.cs,72,POST,"[HttpPost(""task/{id}/act"")]"
core,application_or_library,CP6.WebApi/Controllers/Wf/FlowController.cs,83,GET,"[HttpGet(""flow/instance/{id}"")]"
core,application_or_library,CP6.WebApi/Controllers/Wf/FormController.cs,22,POST,"[HttpPost(""form/def"")]"
core,application_or_library,CP6.WebApi/Controllers/Wf/FormController.cs,34,GET,"[HttpGet(""form/def/{formKey}"")]"
core,application_or_library,CP6.WebApi/Controllers/Wf/FormController.cs,41,POST,"[HttpPost(""form/data"")]"
core,application_or_library,CP6.WebApi/Controllers/Wf/TaskController.cs,28,GET,"[HttpGet(""my-todos"")]"
core,application_or_library,CP6.WebApi/Controllers/Wf/TaskController.cs,31,GET,"[HttpGet(""my-applications"")]"
core,application_or_library,CP6.WebApi/Controllers/Wf/TaskController.cs,34,POST,"[HttpPost(""flow/{id}/withdraw"")]"
core,application_or_library,CP6.WebApi/Controllers/Wms/BarcodeAliasesController.cs,16,GET,[HttpGet]
core,application_or_library,CP6.WebApi/Controllers/Wms/BarcodeAliasesController.cs,26,POST,[HttpPost]
core,application_or_library,CP6.WebApi/Controllers/Wms/BarcodeAliasesController.cs,43,POST,"[HttpPost(""import"")]"
core,application_or_library,CP6.WebApi/Controllers/Wms/BarcodeProfilesController.cs,16,GET,[HttpGet]
core,application_or_library,CP6.WebApi/Controllers/Wms/BarcodeProfilesController.cs,21,POST,[HttpPost]
core,application_or_library,CP6.WebApi/Controllers/Wms/BarcodeProfilesController.cs,41,POST,"[HttpPost(""parse"")]"
core,application_or_library,CP6.WebApi/Controllers/Wms/CarrierController.cs,18,GET,[HttpGet]
core,application_or_library,CP6.WebApi/Controllers/Wms/CarrierController.cs,22,GET,"[HttpGet(""{no}"")]"
core,application_or_library,CP6.WebApi/Controllers/Wms/CarrierController.cs,30,POST,[HttpPost]
core,application_or_library,CP6.WebApi/Controllers/Wms/CarrierController.cs,42,POST,"[HttpPost(""{no}/event"")]"
core,application_or_library,CP6.WebApi/Controllers/Wms/CarrierController.cs,50,POST,"[HttpPost(""{no}/pickup"")]"
core,application_or_library,CP6.WebApi/Controllers/Wms/CarrierController.cs,58,POST,"[HttpPost(""{no}/in-transit"")]"
core,application_or_library,CP6.WebApi/Controllers/Wms/CarrierController.cs,66,POST,"[HttpPost(""{no}/delivered"")]"
core,application_or_library,CP6.WebApi/Controllers/Wms/CarrierController.cs,74,POST,"[HttpPost(""{no}/fail"")]"
core,application_or_library,CP6.WebApi/Controllers/Wms/ClientDeviceAdminController.cs,29,GET,[HttpGet]
core,application_or_library,CP6.WebApi/Controllers/Wms/ClientDeviceAdminController.cs,41,POST,[HttpPost]
core,application_or_library,CP6.WebApi/Controllers/Wms/ClientDeviceAdminController.cs,58,PATCH,"[HttpPatch(""{deviceId}"")]"
core,application_or_library,CP6.WebApi/Controllers/Wms/ClientDeviceAdminController.cs,80,POST,"[HttpPost(""quick-pin"")]"
core,application_or_library,CP6.WebApi/Controllers/Wms/CrossDockController.cs,18,GET,[HttpGet]
core,application_or_library,CP6.WebApi/Controllers/Wms/CrossDockController.cs,22,GET,"[HttpGet(""{no}"")]"
core,application_or_library,CP6.WebApi/Controllers/Wms/CrossDockController.cs,30,POST,[HttpPost]
core,application_or_library,CP6.WebApi/Controllers/Wms/CrossDockController.cs,42,POST,"[HttpPost(""{no}/execute"")]"
core,application_or_library,CP6.WebApi/Controllers/Wms/CrossDockController.cs,51,POST,"[HttpPost(""{no}/cancel"")]"
core,application_or_library,CP6.WebApi/Controllers/Wms/ExpiryController.cs,20,GET,"[HttpGet(""expiring"")]"
core,application_or_library,CP6.WebApi/Controllers/Wms/ExpiryController.cs,28,POST,"[HttpPost(""dispose"")]"
core,application_or_library,CP6.WebApi/Controllers/Wms/InboundOrderController.cs,21,GET,[HttpGet]
core,application_or_library,CP6.WebApi/Controllers/Wms/InboundOrderController.cs,28,GET,"[HttpGet(""{no}"")]"
core,application_or_library,CP6.WebApi/Controllers/Wms/InboundOrderController.cs,36,POST,[HttpPost]
core,application_or_library,CP6.WebApi/Controllers/Wms/InboundOrderController.cs,48,PUT,"[HttpPut(""{no}"")]"
core,application_or_library,CP6.WebApi/Controllers/Wms/InboundOrderController.cs,60,DELETE,"[HttpDelete(""{no}"")]"
core,application_or_library,CP6.WebApi/Controllers/Wms/InboundOrderController.cs,72,POST,"[HttpPost(""{no}/confirm"")]"
core,application_or_library,CP6.WebApi/Controllers/Wms/InboundOrderController.cs,84,POST,"[HttpPost(""{no}/cancel"")]"
core,application_or_library,CP6.WebApi/Controllers/Wms/InboundReceiptController.cs,21,GET,[HttpGet]
core,application_or_library,CP6.WebApi/Controllers/Wms/InboundReceiptController.cs,28,GET,"[HttpGet(""{no}"")]"
core,application_or_library,CP6.WebApi/Controllers/Wms/InboundReceiptController.cs,37,POST,[HttpPost]
core,application_or_library,CP6.WebApi/Controllers/Wms/InkController.cs,18,GET,"[HttpGet(""lots"")]"
core,application_or_library,CP6.WebApi/Controllers/Wms/InkController.cs,22,GET,"[HttpGet(""lots/{no}"")]"
core,application_or_library,CP6.WebApi/Controllers/Wms/InkController.cs,30,POST,"[HttpPost(""lots"")]"
core,application_or_library,CP6.WebApi/Controllers/Wms/InkController.cs,42,POST,"[HttpPost(""lots/{no}/open"")]"
core,application_or_library,CP6.WebApi/Controllers/Wms/InkController.cs,50,POST,"[HttpPost(""lots/mix"")]"
core,application_or_library,CP6.WebApi/Controllers/Wms/InkController.cs,62,GET,"[HttpGet(""matches"")]"
core,application_or_library,CP6.WebApi/Controllers/Wms/InkController.cs,66,POST,"[HttpPost(""matches"")]"
core,application_or_library,CP6.WebApi/Controllers/Wms/IotMonitorController.cs,19,GET,"[HttpGet(""sensors"")]"
core,application_or_library,CP6.WebApi/Controllers/Wms/IotMonitorController.cs,23,GET,"[HttpGet(""sensors/{id}"")]"
core,application_or_library,CP6.WebApi/Controllers/Wms/IotMonitorController.cs,31,POST,"[HttpPost(""sensors"")]"
core,application_or_library,CP6.WebApi/Controllers/Wms/IotMonitorController.cs,43,PUT,"[HttpPut(""sensors/{id}"")]"
core,application_or_library,CP6.WebApi/Controllers/Wms/IotMonitorController.cs,51,DELETE,"[HttpDelete(""sensors/{id}"")]"
core,application_or_library,CP6.WebApi/Controllers/Wms/IotMonitorController.cs,60,GET,"[HttpGet(""sensors/{id}/readings"")]"
core,application_or_library,CP6.WebApi/Controllers/Wms/IotMonitorController.cs,64,POST,"[HttpPost(""sensors/{id}/readings"")]"
core,application_or_library,CP6.WebApi/Controllers/Wms/IotMonitorController.cs,73,POST,"[HttpPost(""simulate"")]"
core,application_or_library,CP6.WebApi/Controllers/Wms/IotMonitorController.cs,81,GET,"[HttpGet(""alerts"")]"
core,application_or_library,CP6.WebApi/Controllers/Wms/KittingController.cs,20,GET,"[HttpGet(""masters"")]"
core,application_or_library,CP6.WebApi/Controllers/Wms/KittingController.cs,24,GET,"[HttpGet(""masters/{kitSku}"")]"
core,application_or_library,CP6.WebApi/Controllers/Wms/KittingController.cs,32,POST,"[HttpPost(""masters"")]"
core,application_or_library,CP6.WebApi/Controllers/Wms/KittingController.cs,40,PUT,"[HttpPut(""masters/{kitSku}"")]"
core,application_or_library,CP6.WebApi/Controllers/Wms/KittingController.cs,48,DELETE,"[HttpDelete(""masters/{kitSku}"")]"
core,application_or_library,CP6.WebApi/Controllers/Wms/KittingController.cs,57,GET,"[HttpGet(""orders"")]"
core,application_or_library,CP6.WebApi/Controllers/Wms/KittingController.cs,61,GET,"[HttpGet(""orders/{no}"")]"
core,application_or_library,CP6.WebApi/Controllers/Wms/KittingController.cs,69,POST,"[HttpPost(""orders"")]"
core,application_or_library,CP6.WebApi/Controllers/Wms/KittingController.cs,81,POST,"[HttpPost(""orders/{no}/execute"")]"
core,application_or_library,CP6.WebApi/Controllers/Wms/KittingController.cs,90,POST,"[HttpPost(""orders/{no}/cancel"")]"
core,application_or_library,CP6.WebApi/Controllers/Wms/LabelJobsController.cs,16,GET,[HttpGet]
core,application_or_library,CP6.WebApi/Controllers/Wms/LabelJobsController.cs,26,POST,[HttpPost]
core,application_or_library,CP6.WebApi/Controllers/Wms/LabelJobsController.cs,32,POST,"[HttpPost(""{jobNo}/claim"")]"
core,application_or_library,CP6.WebApi/Controllers/Wms/LabelJobsController.cs,38,POST,"[HttpPost(""{jobNo}/complete"")]"
core,application_or_library,CP6.WebApi/Controllers/Wms/LabelJobsController.cs,45,POST,"[HttpPost(""{jobNo}/fail"")]"
core,application_or_library,CP6.WebApi/Controllers/Wms/LabelJobsController.cs,52,GET,"[HttpGet(""templates"")]"
core,application_or_library,CP6.WebApi/Controllers/Wms/LabelJobsController.cs,57,POST,"[HttpPost(""templates"")]"
core,application_or_library,CP6.WebApi/Controllers/Wms/LotTraceController.cs,20,GET,"[HttpGet(""forward"")]"
core,application_or_library,CP6.WebApi/Controllers/Wms/LotTraceController.cs,30,GET,"[HttpGet(""backward"")]"
core,application_or_library,CP6.WebApi/Controllers/Wms/LotTraceController.cs,40,GET,"[HttpGet(""summary"")]"
core,application_or_library,CP6.WebApi/Controllers/Wms/LotTraceController.cs,49,POST,"[HttpPost(""recall"")]"
core,application_or_library,CP6.WebApi/Controllers/Wms/LpnsController.cs,16,GET,[HttpGet]
core,application_or_library,CP6.WebApi/Controllers/Wms/LpnsController.cs,28,GET,"[HttpGet(""{lpnNo}"")]"
core,application_or_library,CP6.WebApi/Controllers/Wms/LpnsController.cs,38,POST,[HttpPost]
core,application_or_library,CP6.WebApi/Controllers/Wms/LpnsController.cs,44,POST,"[HttpPost(""{lpnNo}/pack"")]"
core,application_or_library,CP6.WebApi/Controllers/Wms/LpnsController.cs,50,POST,"[HttpPost(""{lpnNo}/unpack"")]"
core,application_or_library,CP6.WebApi/Controllers/Wms/LpnsController.cs,56,POST,"[HttpPost(""{lpnNo}/move"")]"
core,application_or_library,CP6.WebApi/Controllers/Wms/LpnsController.cs,62,POST,"[HttpPost(""{lpnNo}/split"")]"
core,application_or_library,CP6.WebApi/Controllers/Wms/LpnsController.cs,68,POST,"[HttpPost(""{lpnNo}/merge"")]"
core,application_or_library,CP6.WebApi/Controllers/Wms/LpnsController.cs,74,POST,"[HttpPost(""policies"")]"
core,application_or_library,CP6.WebApi/Controllers/Wms/MaterialShortageController.cs,19,GET,[HttpGet]
core,application_or_library,CP6.WebApi/Controllers/Wms/MaterialShortageController.cs,34,POST,"[HttpPost(""{id:guid}/resolve"")]"
core,application_or_library,CP6.WebApi/Controllers/Wms/MaterialShortageController.cs,53,POST,"[HttpPost(""{id:guid}/dismiss"")]"
core,application_or_library,CP6.WebApi/Controllers/Wms/MobileController.cs,19,GET,"[HttpGet(""task"")]"
core,application_or_library,CP6.WebApi/Controllers/Wms/MobileController.cs,26,GET,"[HttpGet(""task/{no}"")]"
core,application_or_library,CP6.WebApi/Controllers/Wms/MobileController.cs,34,POST,"[HttpPost(""task"")]"
core,application_or_library,CP6.WebApi/Controllers/Wms/MobileController.cs,46,POST,"[HttpPost(""task/{no}/start"")]"
core,application_or_library,CP6.WebApi/Controllers/Wms/MobileController.cs,55,POST,"[HttpPost(""scan"")]"
core,application_or_library,CP6.WebApi/Controllers/Wms/MobileController.cs,61,POST,"[HttpPost(""task/{no}/done"")]"
core,application_or_library,CP6.WebApi/Controllers/Wms/MobileController.cs,74,POST,"[HttpPost(""task/{no}/cancel"")]"
core,application_or_library,CP6.WebApi/Controllers/Wms/MobileTasksV1Controller.cs,19,GET,[HttpGet]
core,application_or_library,CP6.WebApi/Controllers/Wms/MobileTasksV1Controller.cs,27,GET,"[HttpGet(""{taskNo}"")]"
core,application_or_library,CP6.WebApi/Controllers/Wms/MobileTasksV1Controller.cs,38,POST,[HttpPost]
core,application_or_library,CP6.WebApi/Controllers/Wms/MobileTasksV1Controller.cs,53,POST,"[HttpPost(""{taskNo}/assign"")]"
core,application_or_library,CP6.WebApi/Controllers/Wms/MobileTasksV1Controller.cs,61,POST,"[HttpPost(""{taskNo}/claim"")]"
core,application_or_library,CP6.WebApi/Controllers/Wms/MobileTasksV1Controller.cs,69,POST,"[HttpPost(""{taskNo}/start"")]"
core,application_or_library,CP6.WebApi/Controllers/Wms/MobileTasksV1Controller.cs,77,POST,"[HttpPost(""{taskNo}/scan"")]"
core,application_or_library,CP6.WebApi/Controllers/Wms/MobileTasksV1Controller.cs,90,POST,"[HttpPost(""{taskNo}/complete"")]"
core,application_or_library,CP6.WebApi/Controllers/Wms/MobileTasksV1Controller.cs,98,POST,"[HttpPost(""{taskNo}/cancel"")]"
core,application_or_library,CP6.WebApi/Controllers/Wms/MobileTasksV2Controller.cs,19,GET,[HttpGet]
core,application_or_library,CP6.WebApi/Controllers/Wms/MobileTasksV2Controller.cs,26,GET,"[HttpGet(""{taskNo}"")]"
core,application_or_library,CP6.WebApi/Controllers/Wms/MobileTasksV2Controller.cs,38,GET,"[HttpGet(""{taskNo}/events"")]"
core,application_or_library,CP6.WebApi/Controllers/Wms/MobileTasksV2Controller.cs,45,GET,"[HttpGet(""{taskNo}/scan-profile"")]"
core,application_or_library,CP6.WebApi/Controllers/Wms/MobileTasksV2Controller.cs,52,POST,[HttpPost]
core,application_or_library,CP6.WebApi/Controllers/Wms/MobileTasksV2Controller.cs,69,POST,"[HttpPost(""{taskNo}/assign"")]"
core,application_or_library,CP6.WebApi/Controllers/Wms/MobileTasksV2Controller.cs,75,POST,"[HttpPost(""{taskNo}/claim"")]"
core,application_or_library,CP6.WebApi/Controllers/Wms/MobileTasksV2Controller.cs,81,POST,"[HttpPost(""{taskNo}/start"")]"
core,application_or_library,CP6.WebApi/Controllers/Wms/MobileTasksV2Controller.cs,87,POST,"[HttpPost(""{taskNo}/pause"")]"
core,application_or_library,CP6.WebApi/Controllers/Wms/MobileTasksV2Controller.cs,93,POST,"[HttpPost(""{taskNo}/release"")]"
core,application_or_library,CP6.WebApi/Controllers/Wms/MobileTasksV2Controller.cs,99,POST,"[HttpPost(""{taskNo}/takeover"")]"
core,application_or_library,CP6.WebApi/Controllers/Wms/MobileTasksV2Controller.cs,105,POST,"[HttpPost(""{taskNo}/exception"")]"
core,application_or_library,CP6.WebApi/Controllers/Wms/MobileTasksV2Controller.cs,111,POST,"[HttpPost(""{taskNo}/resolve-exception"")]"
core,application_or_library,CP6.WebApi/Controllers/Wms/MobileTasksV2Controller.cs,117,POST,"[HttpPost(""{taskNo}/scan"")]"
core,application_or_library,CP6.WebApi/Controllers/Wms/MobileTasksV2Controller.cs,129,POST,"[HttpPost(""{taskNo}/complete"")]"
core,application_or_library,CP6.WebApi/Controllers/Wms/MobileTasksV2Controller.cs,135,POST,"[HttpPost(""{taskNo}/cancel"")]"
core,application_or_library,CP6.WebApi/Controllers/Wms/OutboundOrderController.cs,21,GET,[HttpGet]
core,application_or_library,CP6.WebApi/Controllers/Wms/OutboundOrderController.cs,28,GET,"[HttpGet(""{no}"")]"
core,application_or_library,CP6.WebApi/Controllers/Wms/OutboundOrderController.cs,36,POST,[HttpPost]
core,application_or_library,CP6.WebApi/Controllers/Wms/OutboundOrderController.cs,48,PUT,"[HttpPut(""{no}"")]"
core,application_or_library,CP6.WebApi/Controllers/Wms/OutboundOrderController.cs,60,DELETE,"[HttpDelete(""{no}"")]"
core,application_or_library,CP6.WebApi/Controllers/Wms/OutboundOrderController.cs,72,POST,"[HttpPost(""{no}/confirm"")]"
core,application_or_library,CP6.WebApi/Controllers/Wms/OutboundOrderController.cs,84,POST,"[HttpPost(""{no}/cancel"")]"
core,application_or_library,CP6.WebApi/Controllers/Wms/OutboundOrderController.cs,97,POST,"[HttpPost(""{no}/allocate"")]"
core,application_or_library,CP6.WebApi/Controllers/Wms/OutboundOrderController.cs,111,POST,"[HttpPost(""{no}/start-picking"")]"
core,application_or_library,CP6.WebApi/Controllers/Wms/OutboundOrderController.cs,124,POST,"[HttpPost(""{no}/ship"")]"
core,application_or_library,CP6.WebApi/Controllers/Wms/OutboundOrderController.cs,140,POST,"[HttpPost(""from-work-order/{workOrderNo}"")]"
core,application_or_library,CP6.WebApi/Controllers/Wms/OutboundOrderController.cs,153,POST,"[HttpPost(""from-order/{webOrderNo}"")]"
core,application_or_library,CP6.WebApi/Controllers/Wms/OutboundRoutingController.cs,24,GET,[HttpGet]
core,application_or_library,CP6.WebApi/Controllers/Wms/OutboundRoutingController.cs,29,GET,"[HttpGet(""preview"")]"
core,application_or_library,CP6.WebApi/Controllers/Wms/OutboundRoutingController.cs,43,POST,[HttpPost]
core,application_or_library,CP6.WebApi/Controllers/Wms/OutboundRoutingController.cs,59,PUT,"[HttpPut(""{id:guid}"")]"
core,application_or_library,CP6.WebApi/Controllers/Wms/OutboundRoutingController.cs,75,DELETE,"[HttpDelete(""{id:guid}"")]"
core,application_or_library,CP6.WebApi/Controllers/Wms/PalletController.cs,18,GET,[HttpGet]
core,application_or_library,CP6.WebApi/Controllers/Wms/PalletController.cs,22,GET,"[HttpGet(""{no}"")]"
core,application_or_library,CP6.WebApi/Controllers/Wms/PalletController.cs,30,POST,[HttpPost]
core,application_or_library,CP6.WebApi/Controllers/Wms/PalletController.cs,42,PUT,"[HttpPut(""{no}"")]"
core,application_or_library,CP6.WebApi/Controllers/Wms/PalletController.cs,50,POST,"[HttpPost(""{no}/complete-building"")]"
core,application_or_library,CP6.WebApi/Controllers/Wms/PalletController.cs,58,POST,"[HttpPost(""{no}/move-to-shipping"")]"
core,application_or_library,CP6.WebApi/Controllers/Wms/PalletController.cs,66,POST,"[HttpPost(""{no}/mark-shipped"")]"
core,application_or_library,CP6.WebApi/Controllers/Wms/PalletController.cs,74,DELETE,"[HttpDelete(""{no}"")]"
core,application_or_library,CP6.WebApi/Controllers/Wms/PaperRollController.cs,18,GET,[HttpGet]
core,application_or_library,CP6.WebApi/Controllers/Wms/PaperRollController.cs,22,GET,"[HttpGet(""{no}"")]"
core,application_or_library,CP6.WebApi/Controllers/Wms/PaperRollController.cs,30,POST,[HttpPost]
core,application_or_library,CP6.WebApi/Controllers/Wms/PaperRollController.cs,42,POST,"[HttpPost(""{no}/consume"")]"
core,application_or_library,CP6.WebApi/Controllers/Wms/PaperRollController.cs,54,GET,"[HttpGet(""match"")]"
core,application_or_library,CP6.WebApi/Controllers/Wms/PaperRollController.cs,62,POST,"[HttpPost(""slit"")]"
core,application_or_library,CP6.WebApi/Controllers/Wms/PaperRollController.cs,74,POST,"[HttpPost(""{no}/dispose"")]"
core,application_or_library,CP6.WebApi/Controllers/Wms/PlateMoldController.cs,21,GET,[HttpGet]
core,application_or_library,CP6.WebApi/Controllers/Wms/PlateMoldController.cs,25,GET,"[HttpGet(""{no}"")]"
core,application_or_library,CP6.WebApi/Controllers/Wms/PlateMoldController.cs,33,POST,[HttpPost]
core,application_or_library,CP6.WebApi/Controllers/Wms/PlateMoldController.cs,45,PUT,"[HttpPut(""{no}"")]"
core,application_or_library,CP6.WebApi/Controllers/Wms/PlateMoldController.cs,53,POST,"[HttpPost(""{no}/use"")]"
core,application_or_library,CP6.WebApi/Controllers/Wms/PlateMoldController.cs,61,POST,"[HttpPost(""{no}/maintenance/start"")]"
core,application_or_library,CP6.WebApi/Controllers/Wms/PlateMoldController.cs,69,POST,"[HttpPost(""{no}/maintenance/complete"")]"
core,application_or_library,CP6.WebApi/Controllers/Wms/PlateMoldController.cs,77,POST,"[HttpPost(""{no}/discard"")]"
core,application_or_library,CP6.WebApi/Controllers/Wms/PlateMoldController.cs,85,GET,"[HttpGet(""warnings"")]"
core,application_or_library,CP6.WebApi/Controllers/Wms/PlateMoldController.cs,89,DELETE,"[HttpDelete(""{no}"")]"
core,application_or_library,CP6.WebApi/Controllers/Wms/QcInspectionController.cs,19,GET,[HttpGet]
core,application_or_library,CP6.WebApi/Controllers/Wms/QcInspectionController.cs,26,GET,"[HttpGet(""{no}"")]"
core,application_or_library,CP6.WebApi/Controllers/Wms/QcInspectionController.cs,35,POST,"[HttpPost(""from-inbound/{inboundNo}"")]"
core,application_or_library,CP6.WebApi/Controllers/Wms/QcInspectionController.cs,48,POST,[HttpPost]
core,application_or_library,CP6.WebApi/Controllers/Wms/QcInspectionController.cs,61,PUT,"[HttpPut(""{no}/items"")]"
core,application_or_library,CP6.WebApi/Controllers/Wms/QcInspectionController.cs,74,POST,"[HttpPost(""{no}/judge"")]"
core,application_or_library,CP6.WebApi/Controllers/Wms/QcInspectionController.cs,87,POST,"[HttpPost(""{no}/cancel"")]"
core,application_or_library,CP6.WebApi/Controllers/Wms/RemnantController.cs,18,GET,[HttpGet]
core,application_or_library,CP6.WebApi/Controllers/Wms/RemnantController.cs,22,GET,"[HttpGet(""{no}"")]"
core,application_or_library,CP6.WebApi/Controllers/Wms/RemnantController.cs,30,POST,[HttpPost]
core,application_or_library,CP6.WebApi/Controllers/Wms/RemnantController.cs,42,PUT,"[HttpPut(""{no}"")]"
core,application_or_library,CP6.WebApi/Controllers/Wms/RemnantController.cs,50,GET,"[HttpGet(""match"")]"
core,application_or_library,CP6.WebApi/Controllers/Wms/RemnantController.cs,54,POST,"[HttpPost(""{no}/reserve"")]"
core,application_or_library,CP6.WebApi/Controllers/Wms/RemnantController.cs,62,POST,"[HttpPost(""{no}/unreserve"")]"
core,application_or_library,CP6.WebApi/Controllers/Wms/RemnantController.cs,70,POST,"[HttpPost(""{no}/use"")]"
core,application_or_library,CP6.WebApi/Controllers/Wms/RemnantController.cs,78,POST,"[HttpPost(""{no}/dispose"")]"
core,application_or_library,CP6.WebApi/Controllers/Wms/RemnantController.cs,86,DELETE,"[HttpDelete(""{no}"")]"
core,application_or_library,CP6.WebApi/Controllers/Wms/ReplenishController.cs,18,GET,[HttpGet]
core,application_or_library,CP6.WebApi/Controllers/Wms/ReplenishController.cs,22,GET,"[HttpGet(""{no}"")]"
core,application_or_library,CP6.WebApi/Controllers/Wms/ReplenishController.cs,30,POST,[HttpPost]
core,application_or_library,CP6.WebApi/Controllers/Wms/ReplenishController.cs,47,PUT,"[HttpPut(""{no}"")]"
core,application_or_library,CP6.WebApi/Controllers/Wms/ReplenishController.cs,74,POST,"[HttpPost(""generate-batch"")]"
core,application_or_library,CP6.WebApi/Controllers/Wms/ReplenishController.cs,91,POST,"[HttpPost(""{no}/execute"")]"
core,application_or_library,CP6.WebApi/Controllers/Wms/ReplenishController.cs,118,POST,"[HttpPost(""{no}/cancel"")]"
core,application_or_library,CP6.WebApi/Controllers/Wms/ReportCenterController.cs,16,GET,"[HttpGet(""monthly-stock"")]"
core,application_or_library,CP6.WebApi/Controllers/Wms/ReportCenterController.cs,23,GET,"[HttpGet(""monthly-stock/csv"")]"
core,application_or_library,CP6.WebApi/Controllers/Wms/ReportCenterController.cs,30,GET,"[HttpGet(""abc-analysis"")]"
core,application_or_library,CP6.WebApi/Controllers/Wms/ReportCenterController.cs,34,GET,"[HttpGet(""abc-analysis/csv"")]"
core,application_or_library,CP6.WebApi/Controllers/Wms/ReportCenterController.cs,41,GET,"[HttpGet(""dead-stock"")]"
core,application_or_library,CP6.WebApi/Controllers/Wms/ReportCenterController.cs,45,GET,"[HttpGet(""dead-stock/csv"")]"
core,application_or_library,CP6.WebApi/Controllers/Wms/ReportCenterController.cs,52,GET,"[HttpGet(""inbound-history"")]"
core,application_or_library,CP6.WebApi/Controllers/Wms/ReportCenterController.cs,56,GET,"[HttpGet(""inbound-history/csv"")]"
core,application_or_library,CP6.WebApi/Controllers/Wms/ReportCenterController.cs,63,GET,"[HttpGet(""outbound-history"")]"
core,application_or_library,CP6.WebApi/Controllers/Wms/ReportCenterController.cs,67,GET,"[HttpGet(""outbound-history/csv"")]"
core,application_or_library,CP6.WebApi/Controllers/Wms/RmaController.cs,19,GET,[HttpGet]
core,application_or_library,CP6.WebApi/Controllers/Wms/RmaController.cs,26,GET,"[HttpGet(""{no}"")]"
core,application_or_library,CP6.WebApi/Controllers/Wms/RmaController.cs,34,POST,[HttpPost]
core,application_or_library,CP6.WebApi/Controllers/Wms/RmaController.cs,46,POST,"[HttpPost(""{no}/receive"")]"
core,application_or_library,CP6.WebApi/Controllers/Wms/RmaController.cs,58,POST,"[HttpPost(""{no}/start-inspection"")]"
core,application_or_library,CP6.WebApi/Controllers/Wms/RmaController.cs,70,POST,"[HttpPost(""{no}/judge"")]"
core,application_or_library,CP6.WebApi/Controllers/Wms/RmaController.cs,83,POST,"[HttpPost(""{no}/close"")]"
core,application_or_library,CP6.WebApi/Controllers/Wms/RmaController.cs,95,POST,"[HttpPost(""{no}/cancel"")]"
core,application_or_library,CP6.WebApi/Controllers/Wms/SampleStockController.cs,18,GET,[HttpGet]
core,application_or_library,CP6.WebApi/Controllers/Wms/SampleStockController.cs,22,GET,"[HttpGet(""{no}"")]"
core,application_or_library,CP6.WebApi/Controllers/Wms/SampleStockController.cs,30,POST,[HttpPost]
core,application_or_library,CP6.WebApi/Controllers/Wms/SampleStockController.cs,42,PUT,"[HttpPut(""{no}"")]"
core,application_or_library,CP6.WebApi/Controllers/Wms/SampleStockController.cs,50,POST,"[HttpPost(""{no}/lend"")]"
core,application_or_library,CP6.WebApi/Controllers/Wms/SampleStockController.cs,58,POST,"[HttpPost(""{no}/return"")]"
core,application_or_library,CP6.WebApi/Controllers/Wms/SampleStockController.cs,66,POST,"[HttpPost(""{no}/expire"")]"
core,application_or_library,CP6.WebApi/Controllers/Wms/SampleStockController.cs,74,GET,"[HttpGet(""overdue"")]"
core,application_or_library,CP6.WebApi/Controllers/Wms/SampleStockController.cs,78,DELETE,"[HttpDelete(""{no}"")]"
core,application_or_library,CP6.WebApi/Controllers/Wms/SerialsController.cs,16,GET,[HttpGet]
core,application_or_library,CP6.WebApi/Controllers/Wms/SerialsController.cs,29,POST,"[HttpPost(""enable-tracking"")]"
core,application_or_library,CP6.WebApi/Controllers/Wms/SerialsController.cs,37,POST,[HttpPost]
core,application_or_library,CP6.WebApi/Controllers/Wms/ShippingController.cs,20,GET,"[HttpGet(""packages"")]"
core,application_or_library,CP6.WebApi/Controllers/Wms/ShippingController.cs,47,GET,"[HttpGet(""packages/{no}"")]"
core,application_or_library,CP6.WebApi/Controllers/Wms/SlottingController.cs,18,GET,[HttpGet]
core,application_or_library,CP6.WebApi/Controllers/Wms/SlottingController.cs,22,GET,"[HttpGet(""{no}"")]"
core,application_or_library,CP6.WebApi/Controllers/Wms/SlottingController.cs,31,POST,"[HttpPost(""analyze"")]"
core,application_or_library,CP6.WebApi/Controllers/Wms/SlottingController.cs,48,POST,"[HttpPost(""{no}/approve"")]"
core,application_or_library,CP6.WebApi/Controllers/Wms/SlottingController.cs,74,POST,"[HttpPost(""{no}/cancel"")]"
core,application_or_library,CP6.WebApi/Controllers/Wms/StockController.cs,30,GET,[HttpGet]
core,application_or_library,CP6.WebApi/Controllers/Wms/StockController.cs,63,GET,"[HttpGet(""{stockId:guid}/history"")]"
core,application_or_library,CP6.WebApi/Controllers/Wms/StockController.cs,83,POST,"[HttpPost(""apply"")]"
core,application_or_library,CP6.WebApi/Controllers/Wms/StockController.cs,104,POST,"[HttpPost(""move"")]"
core,application_or_library,CP6.WebApi/Controllers/Wms/StockController.cs,125,GET,"[HttpGet(""transactions"")]"
core,application_or_library,CP6.WebApi/Controllers/Wms/StockDwellController.cs,21,POST,"[HttpPost(""summary"")]"
core,application_or_library,CP6.WebApi/Controllers/Wms/StockQcController.cs,23,POST,"[HttpPost(""{stockId:guid}/set"")]"
core,application_or_library,CP6.WebApi/Controllers/Wms/StockQcController.cs,35,POST,"[HttpPost(""by-work-order/{workOrderNo}"")]"
core,application_or_library,CP6.WebApi/Controllers/Wms/StockTakeController.cs,21,GET,[HttpGet]
core,application_or_library,CP6.WebApi/Controllers/Wms/StockTakeController.cs,28,GET,"[HttpGet(""{no}"")]"
core,application_or_library,CP6.WebApi/Controllers/Wms/StockTakeController.cs,37,POST,"[HttpPost(""plan"")]"
core,application_or_library,CP6.WebApi/Controllers/Wms/StockTakeController.cs,50,POST,"[HttpPost(""{no}/start-count"")]"
core,application_or_library,CP6.WebApi/Controllers/Wms/StockTakeController.cs,63,PUT,"[HttpPut(""{no}/counts"")]"
core,application_or_library,CP6.WebApi/Controllers/Wms/StockTakeController.cs,76,POST,"[HttpPost(""{no}/submit"")]"
core,application_or_library,CP6.WebApi/Controllers/Wms/StockTakeController.cs,89,POST,"[HttpPost(""{no}/approve"")]"
core,application_or_library,CP6.WebApi/Controllers/Wms/StockTakeController.cs,102,POST,"[HttpPost(""{no}/cancel"")]"
core,application_or_library,CP6.WebApi/Controllers/Wms/TaskAnalyticsController.cs,16,GET,[HttpGet]
core,application_or_library,CP6.WebApi/Controllers/Wms/VmiController.cs,18,GET,"[HttpGet(""customers"")]"
core,application_or_library,CP6.WebApi/Controllers/Wms/VmiController.cs,22,GET,"[HttpGet(""customers/{customerCd}/details"")]"
core,application_or_library,CP6.WebApi/Controllers/Wms/VmiController.cs,26,GET,"[HttpGet(""billings"")]"
core,application_or_library,CP6.WebApi/Controllers/Wms/VmiController.cs,30,POST,"[HttpPost(""billings/calculate"")]"
core,application_or_library,CP6.WebApi/Controllers/Wms/VmiController.cs,42,POST,"[HttpPost(""billings/{no}/confirm"")]"
core,application_or_library,CP6.WebApi/Controllers/Wms/WarehouseController.cs,25,GET,[HttpGet]
core,application_or_library,CP6.WebApi/Controllers/Wms/WarehouseController.cs,36,GET,"[HttpGet(""{cd}"")]"
core,application_or_library,CP6.WebApi/Controllers/Wms/WarehouseController.cs,45,POST,[HttpPost]
core,application_or_library,CP6.WebApi/Controllers/Wms/WarehouseController.cs,64,PUT,"[HttpPut(""{cd}"")]"
core,application_or_library,CP6.WebApi/Controllers/Wms/WarehouseController.cs,91,DELETE,"[HttpDelete(""{cd}"")]"
core,application_or_library,CP6.WebApi/Controllers/Wms/WarehouseController.cs,111,GET,"[HttpGet(""{cd}/tree"")]"
core,application_or_library,CP6.WebApi/Controllers/Wms/WarehouseController.cs,121,POST,"[HttpPost(""location"")]"
core,application_or_library,CP6.WebApi/Controllers/Wms/WarehouseController.cs,147,PUT,"[HttpPut(""location/{cd}"")]"
core,application_or_library,CP6.WebApi/Controllers/Wms/WarehouseController.cs,177,DELETE,"[HttpDelete(""location/{cd}"")]"
core,application_or_library,CP6.WebApi/Controllers/Wms/WcsTaskController.cs,18,GET,[HttpGet]
core,application_or_library,CP6.WebApi/Controllers/Wms/WcsTaskController.cs,22,GET,"[HttpGet(""{no}"")]"
core,application_or_library,CP6.WebApi/Controllers/Wms/WcsTaskController.cs,30,POST,[HttpPost]
core,application_or_library,CP6.WebApi/Controllers/Wms/WcsTaskController.cs,42,POST,"[HttpPost(""{no}/dispatch"")]"
core,application_or_library,CP6.WebApi/Controllers/Wms/WcsTaskController.cs,50,POST,"[HttpPost(""{no}/start"")]"
core,application_or_library,CP6.WebApi/Controllers/Wms/WcsTaskController.cs,58,POST,"[HttpPost(""{no}/complete"")]"
core,application_or_library,CP6.WebApi/Controllers/Wms/WcsTaskController.cs,66,POST,"[HttpPost(""{no}/fail"")]"
core,application_or_library,CP6.WebApi/Controllers/Wms/WcsTaskController.cs,74,DELETE,"[HttpDelete(""{no}"")]"
core,application_or_library,CP6.WebApi/Controllers/Wms/WmsDashboardController.cs,19,GET,"[HttpGet(""kpi"")]"
core,application_or_library,CP6.WebApi/Controllers/Wms/WmsDashboardController.cs,27,GET,"[HttpGet(""trend"")]"
core,application_or_library,CP6.WebApi/Controllers/Wms/WmsDashboardController.cs,35,GET,"[HttpGet(""warehouse-value"")]"
core,application_or_library,CP6.WebApi/Controllers/Wms/WmsDashboardController.cs,43,GET,"[HttpGet(""alerts"")]"
core,application_or_library,CP6.WebApi/Controllers/Wms/WmsFeatureFlagChangesController.cs,26,POST,[HttpPost]
core,application_or_library,CP6.WebApi/Controllers/Wms/WmsFeatureFlagChangesController.cs,58,GET,[HttpGet]
core,application_or_library,CP6.WebApi/Controllers/Wms/WmsFeatureFlagChangesController.cs,65,POST,"[HttpPost(""{id:guid}/cancel"")]"
core,application_or_library,CP6.WebApi/Controllers/Wms/WmsFeatureFlagsController.cs,17,GET,[HttpGet]
core,application_or_library,CP6.WebApi/Controllers/Wms/WmsFeatureFlagsController.cs,34,PUT,"[HttpPut(""{warehouseCd}"")]"
core,application_or_library,CP6.WebApi/Controllers/Wms/WmsRoleScopesController.cs,14,GET,"[HttpGet(""{roleId:int}"")]"
core,application_or_library,CP6.WebApi/Controllers/Wms/WmsRoleScopesController.cs,27,PUT,"[HttpPut(""{roleId:int}"")]"
core,application_or_library,CP6.WebApi/Program.cs,3078,GET,.MapGet(
core,reference,docs/file/CPX/Msbb.Api/Controllers/WeatherForecastController.cs,21,GET,"[HttpGet(Name = ""GetWeatherForecast"")]"
core,reference,docs/file/CPX/MsbbSolution/Controllers/WeatherForecastController.cs,21,GET,"[HttpGet(Name = ""GetWeatherForecast"")]"
core,reference,docs/superpowers/qa/sso/mock-idp/Program.cs,28,GET,".MapGet(""/.well-known/openid-configuration"""
core,reference,docs/superpowers/qa/sso/mock-idp/Program.cs,43,GET,".MapGet(""/.well-known/jwks.json"""
core,reference,docs/superpowers/qa/sso/mock-idp/Program.cs,65,GET,".MapGet(""/authorize"""
core,reference,docs/superpowers/qa/sso/mock-idp/Program.cs,100,GET,".MapGet(""/authorize/consent"""
core,reference,docs/superpowers/qa/sso/mock-idp/Program.cs,121,POST,".MapPost(""/token"""
core,reference,docs/superpowers/qa/sso/mock-idp/Program.cs,154,GET,".MapGet(""/"""
core,engineering,tools/CP6.Space.CadWorker.AutoCadCandidate/Program.cs,169,GET,".MapGet(""/health/live"""
core,engineering,tools/CP6.Space.CadWorker.AutoCadCandidate/Program.cs,183,POST,.MapPost(
platform,application_or_library,src/CP6.Platform.AspNetCore/Cp6OperationalEndpointRouteBuilderExtensions.cs,40,GET,.MapGet(profile.LivePath
platform,application_or_library,src/CP6.Platform.AspNetCore/Cp6OperationalEndpointRouteBuilderExtensions.cs,47,GET,.MapGet(profile.ReleasePath
