path,line,code
cp6.web/src/api/erp/backorder.ts,12,"return http.get<any, ApiResult<BackorderQueueItem[]>>('/backorder/queue', { params: query })"
cp6.web/src/api/erp/backorder.ts,16,"return http.post<any, ApiResult<BackorderActionResult>>("
cp6.web/src/api/erp/backorder.ts,23,"return http.post<any, ApiResult<BackorderActionResult>>("
cp6.web/src/api/erp/businessPartner.ts,10,"return http.get<any, ApiResult<BusinessPartnerDto>>("
cp6.web/src/api/erp/businessPartner.ts,18,"return http.get<any, ApiResult<{ exists: boolean }>>("
cp6.web/src/api/erp/businessPartner.ts,25,"return http.post<any, ApiResult<BusinessPartnerDto>>("
cp6.web/src/api/erp/businessPartner.ts,32,"return http.put<any, ApiResult<BusinessPartnerDto>>("
cp6.web/src/api/erp/businessPartner.ts,39,"return http.delete<any, ApiResult<null>>("
cp6.web/src/api/erp/businessPartner.ts,47,"return http.get<any, ApiResult<{ rows: BpListItemDto[]; total: number }>>("
cp6.web/src/api/erp/businessPartner.ts,55,"return http.get<Blob>('/business-partners/export-csv', {"
cp6.web/src/api/erp/creditNote.ts,6,"return http.post<any, ApiResult<CreditNotePaged>>('/credit-note/search', query)"
cp6.web/src/api/erp/estimateCalc.ts,15,"return http.get<any, ApiResult<{ total: number; rows: EstimateCalcListItem[] }>>("
cp6.web/src/api/erp/estimateCalc.ts,23,"return http.get<any, ApiResult<EstimateCalcDto>>("
cp6.web/src/api/erp/estimateCalc.ts,31,"return http.post<any, ApiResult<EstimateCalcDto>>('/estimate-calcs', data)"
cp6.web/src/api/erp/estimateCalc.ts,36,"return http.put<any, ApiResult<EstimateCalcDto>>("
cp6.web/src/api/erp/estimateCalc.ts,44,"return http.delete<any, ApiResult<null>>("
cp6.web/src/api/erp/estimateCalc.ts,52,"return http.post<any, ApiResult<EstimateCalcDto>>("
cp6.web/src/api/erp/estimateCalc.ts,59,"return http.post<any, ApiResult<EstimateCalcResult>>('/estimate-calcs/calculate', data)"
cp6.web/src/api/erp/fsc.ts,11,"return http.get<any, ApiResult<{ rows: FscChecklistItemDto[]; total: number }>>("
cp6.web/src/api/erp/fsc.ts,19,"return http.get<any, ApiResult<FscFormat[]>>('/fsc-checklists/formats')"
cp6.web/src/api/erp/fsc.ts,24,"return http.post<any, ApiResult<FscIssueResultDto>>('/fsc-checklists/issue', req)"
cp6.web/src/api/erp/fxRate.ts,6,"return http.get<any, WmsApi<FxRate[]>>('/erp/fx-rate', { params: { currencyCd } })"
cp6.web/src/api/erp/fxRate.ts,10,"return http.get<any, WmsApi<number | null>>('/erp/fx-rate/resolve', { params: { currencyCd, asOf } })"
cp6.web/src/api/erp/fxRate.ts,14,"return http.post<any, WmsApi<FxRate>>('/erp/fx-rate', rate)"
cp6.web/src/api/erp/fxRate.ts,18,"return http.put<any, WmsApi<unknown>>(`/erp/fx-rate/${encodeURIComponent(id)}`, rate)"
cp6.web/src/api/erp/fxRate.ts,22,"return http.delete<any, WmsApi<unknown>>(`/erp/fx-rate/${encodeURIComponent(id)}`)"
cp6.web/src/api/erp/master.ts,39,"return http.get<any, ApiResult<MasterBase[]>>('/master/bases')"
cp6.web/src/api/erp/master.ts,44,"return http.get<any, ApiResult<MasterStaff[]>>('/master/staffs', {"
cp6.web/src/api/erp/master.ts,51,"return http.get<any, ApiResult<MasterGenericCode[]>>('/master/generic-codes', {"
cp6.web/src/api/erp/master.ts,58,"return http.get<any, ApiResult<MasterLookupResult<CustomerLookupItem>>>("
cp6.web/src/api/erp/master.ts,72,"return http.get<any, ApiResult<MasterLookupResult<ProductLookupItem>>>("
cp6.web/src/api/erp/order.ts,30,"return http.get<any, ApiResult<{ sequence: string }>>('/orders/next-seq')"
cp6.web/src/api/erp/order.ts,34,"return http.get<any, ApiResult<OrderDto>>("
cp6.web/src/api/erp/order.ts,41,"return http.post<any, ApiResult<OrderDto>>('/orders', data)"
cp6.web/src/api/erp/order.ts,45,"return http.put<any, ApiResult<OrderDto>>(`/orders/${encodeURIComponent(no)}`, data)"
cp6.web/src/api/erp/order.ts,49,"return http.delete<any, ApiResult<null>>("
cp6.web/src/api/erp/order.ts,68,"return http.post<any, ApiResult<OrderCancelResult>>("
cp6.web/src/api/erp/order.ts,79,"return http.post<any, ApiResult<PagedResult<UnshippedOrderItemDto>>>("
cp6.web/src/api/erp/order.ts,88,"return http.get<any, ApiResult<OrderDto>>('/orders/by-haibai-no', {"
cp6.web/src/api/erp/order.ts,94,"return http.get<any, ApiResult<OrderDetailDto[]>>("
cp6.web/src/api/erp/order.ts,100,"return http.get<any, ApiResult<OrderDetailDto>>("
cp6.web/src/api/erp/order.ts,106,"return http.get<any, ApiResult<OrderProcessDto[]>>("
cp6.web/src/api/erp/order.ts,112,"return http.get<any, ApiResult<OrderMaterialDto[]>>("
cp6.web/src/api/erp/order.ts,120,"return http.get<any, ApiResult<IsEditableResultDto>>('/orders/calc-is-editable', {"
cp6.web/src/api/erp/order.ts,126,"return http.get<any, ApiResult<OrderWipCheckResultDto>>('/orders/check-wip', {"
cp6.web/src/api/erp/order.ts,132,"return http.get<any, ApiResult<CreditCheckResultDto>>('/orders/credit-check', {"
cp6.web/src/api/erp/order.ts,138,"return http.get<any, ApiResult<{ ok: boolean }>>('/orders/consigned-check', {"
cp6.web/src/api/erp/order.ts,144,"return http.post<any, ApiResult<string[]>>('/orders/lead-time', req)"
cp6.web/src/api/erp/order.ts,150,"return http.get<any, ApiResult<{ rows: OrderListItemDto[]; total: number }>>("
cp6.web/src/api/erp/order.ts,157,"return http.get<Blob>('/orders/list/export.csv', {"
cp6.web/src/api/erp/order.ts,167,"return http.get<any, ApiResult<{ rows: OrderPriceCorrectionItemDto[]; total: number }>>("
cp6.web/src/api/erp/order.ts,174,"return http.put<any, ApiResult<OrderPriceCorrectionBatchResultDto>>("
cp6.web/src/api/erp/orderTrace.ts,6,"return http.get<any, ApiResult<OrderTrace>>(`/order-trace/${encodeURIComponent(webOrderNo)}`)"
cp6.web/src/api/erp/otdReport.ts,6,"return http.post<any, ApiResult<OtdReportSummary>>('/otd-report/summary', query)"
cp6.web/src/api/erp/otdReport.ts,10,"return http.post<Blob>('/otd-report/export-csv', query, { responseType: 'blob' })"
cp6.web/src/api/erp/plateMold.ts,23,"return http.get<any, ApiResult<{ sequence: string }>>('/plate-molds/next-seq')"
cp6.web/src/api/erp/plateMold.ts,26,"return http.get<any, ApiResult<PlateMoldDto>>("
cp6.web/src/api/erp/plateMold.ts,31,"return http.get<any, ApiResult<PlateMoldDto>>("
cp6.web/src/api/erp/plateMold.ts,37,"return http.get<any, ApiResult<PlateMoldHistoryItemDto[]>>("
cp6.web/src/api/erp/plateMold.ts,42,"return http.post<any, ApiResult<PlateMoldSaveResult>>('/plate-molds', dto)"
cp6.web/src/api/erp/plateMold.ts,45,"return http.put<any, ApiResult<PlateMoldSaveResult>>("
cp6.web/src/api/erp/plateMold.ts,50,"return http.put<any, ApiResult<null>>("
cp6.web/src/api/erp/plateMold.ts,55,"return http.delete<any, ApiResult<null>>("
cp6.web/src/api/erp/plateMold.ts,64,"return http.get<any, ApiResult<{ rows: PlateMoldListItemDto[]; total: number }>>("
cp6.web/src/api/erp/plateMold.ts,70,"return http.get<Blob>('/plate-molds/list/export.csv', {"
cp6.web/src/api/erp/plateMold.ts,78,"return http.post<Blob>('/plate-molds/label', { targets }, { responseType: 'blob' })"
cp6.web/src/api/erp/product.ts,17,"return http.get<any, ApiResult<{ total: number; rows: ProductListItemDto[] }>>("
cp6.web/src/api/erp/product.ts,25,"return http.get<any, ApiResult<{ sequence: string }>>('/products/next-seq')"
cp6.web/src/api/erp/product.ts,30,"return http.get<any, ApiResult<ProductDto>>("
cp6.web/src/api/erp/product.ts,38,"return http.post<any, ApiResult<ProductDto>>('/products', data)"
cp6.web/src/api/erp/product.ts,43,"return http.put<any, ApiResult<ProductDto>>("
cp6.web/src/api/erp/product.ts,51,"return http.delete<any, ApiResult<null>>("
cp6.web/src/api/erp/product.ts,59,"return http.post<any, ApiResult<ProductDto>>("
cp6.web/src/api/erp/product.ts,66,"return http.get<any, ApiResult<WipCheckResultDto>>("
cp6.web/src/api/erp/product.ts,73,"return http.get<any, ApiResult<ProductMemberDto[]>>("
cp6.web/src/api/erp/product.ts,80,"return http.get<any, ApiResult<ProductBasicInfoDto>>("
cp6.web/src/api/erp/product.ts,87,"return http.get<any, Blob>('/products/export.csv', {"
cp6.web/src/api/erp/quotation.ts,17,"return http.get<any, ApiResult<{ total: number; rows: QuotationListItem[] }>>("
cp6.web/src/api/erp/quotation.ts,25,"return http.get<any, ApiResult<QuotationDto>>("
cp6.web/src/api/erp/quotation.ts,33,"return http.post<any, ApiResult<QuotationDto>>('/quotations', data)"
cp6.web/src/api/erp/quotation.ts,38,"return http.put<any, ApiResult<QuotationDto>>("
cp6.web/src/api/erp/quotation.ts,46,"return http.delete<any, ApiResult<null>>("
cp6.web/src/api/erp/quotation.ts,54,"return http.post<any, ApiResult<QuotationDto>>("
cp6.web/src/api/erp/quotation.ts,61,"return http.post<any, ApiResult<QuotationDto>>("
cp6.web/src/api/erp/quotation.ts,69,"return http.post<any, ApiResult<QuotationDto>>("
cp6.web/src/api/erp/quotation.ts,77,"return http.post<any, ApiResult<{ files: string[] }>>("
cp6.web/src/api/erp/quotation.ts,94,"return http.get<any, ApiResult<QuotationCalcCandidate[]>>('/quotations/calcs', { params })"
cp6.web/src/api/erp/sheetUnitPrice.ts,12,"return http.get<any, ApiResult<SheetUnitPriceDto[]>>('/sheet-unit-prices/list', {"
cp6.web/src/api/erp/sheetUnitPrice.ts,24,"return http.post<any, ApiResult<SheetPriceImportResultDto>>("
cp6.web/src/api/erp/sheetUnitPrice.ts,32,"return http.put<any, ApiResult<{ updated: number }>>("
cp6.web/src/api/fin/asset.ts,11,"list() { return http.get<any, ApiResp<AssetCategory[]>>('/fin/asset-category') },"
cp6.web/src/api/fin/asset.ts,12,"get(id: string) { return http.get<any, ApiResp<AssetCategory>>(`/fin/asset-category/${id}`) },"
cp6.web/src/api/fin/asset.ts,13,"create(d: AssetCategory) { return http.post<any, ApiResp<{ id: string }>>('/fin/asset-category', d) },"
cp6.web/src/api/fin/asset.ts,14,"update(id: string, d: AssetCategory) { return http.put<any, ApiResp<unknown>>(`/fin/asset-category/${id}`, d) },"
cp6.web/src/api/fin/asset.ts,15,"remove(id: string) { return http.delete<any, ApiResp<unknown>>(`/fin/asset-category/${id}`) },"
cp6.web/src/api/fin/asset.ts,20,"return http.get<any, ApiResp<AssetCard[]>>('/fin/asset-card', { params: { categoryId, status } })"
cp6.web/src/api/fin/asset.ts,22,"get(id: string) { return http.get<any, ApiResp<AssetCard>>(`/fin/asset-card/${id}`) },"
cp6.web/src/api/fin/asset.ts,23,"create(d: AssetCard) { return http.post<any, ApiResp<{ id: string; assetNo: string }>>('/fin/asset-card', d) },"
cp6.web/src/api/fin/asset.ts,24,"update(id: string, d: AssetCard) { return http.put<any, ApiResp<unknown>>(`/fin/asset-card/${id}`, d) },"
cp6.web/src/api/fin/asset.ts,25,"activate(id: string) { return http.post<any, ApiResp<unknown>>(`/fin/asset-card/${id}/activate`, null) },"
cp6.web/src/api/fin/asset.ts,26,"schedule(id: string) { return http.get<any, ApiResp<DepreciationScheduleRow[]>>(`/fin/asset-card/${id}/schedule`) },"
cp6.web/src/api/fin/asset.ts,31,"return http.get<any, ApiResp<DepreciationEntryDto[]>>('/fin/asset-deprec/preview', { params: { periodId } })"
cp6.web/src/api/fin/asset.ts,34,"return http.get<any, ApiResp<DepreciationRun[]>>('/fin/asset-deprec/list', { params: { periodId } })"
cp6.web/src/api/fin/asset.ts,37,"return http.get<any, ApiResp<any[]>>(`/fin/asset-deprec/${runId}/entries`)"
cp6.web/src/api/fin/asset.ts,40,"return http.post<any, ApiResp<unknown>>('/fin/asset-deprec/run', null, { params: { periodId } })"
cp6.web/src/api/fin/asset.ts,43,"return http.put<any, ApiResp<unknown>>(`/fin/asset-deprec/entry/${entryId}/workload`, { workload })"
cp6.web/src/api/fin/asset.ts,45,"post(runId: string) { return http.post<any, ApiResp<unknown>>(`/fin/asset-deprec/${runId}/post`, null) },"
cp6.web/src/api/fin/asset.ts,47,"return http.post<any, ApiResp<unknown>>(`/fin/asset-deprec/${runId}/reverse`, { reason })"
cp6.web/src/api/fin/asset.ts,53,"return http.get<any, ApiResp<AssetDisposal[]>>('/fin/asset-disposal', { params: { status, assetCardId } })"
cp6.web/src/api/fin/asset.ts,55,"get(id: string) { return http.get<any, ApiResp<AssetDisposal>>(`/fin/asset-disposal/${id}`) },"
cp6.web/src/api/fin/asset.ts,57,"return http.post<any, ApiResp<{ id: string; no: string }>>('/fin/asset-disposal', d)"
cp6.web/src/api/fin/asset.ts,59,"confirm(id: string) { return http.post<any, ApiResp<unknown>>(`/fin/asset-disposal/${id}/confirm`, null) },"
cp6.web/src/api/fin/asset.ts,61,"return http.post<any, ApiResp<unknown>>(`/fin/asset-disposal/${id}/reverse`, { reason })"
cp6.web/src/api/fin/bankRecon.ts,10,"return http.get<any, ApiResp<BankStatement[]>>('/fin/bank-statement', { params: p })"
cp6.web/src/api/fin/bankRecon.ts,12,"get(id: string) { return http.get<any, ApiResp<{ statement: BankStatement; lines: BankStatementLine[] }>>(`/fin/bank-statement/${id}`) },"
cp6.web/src/api/fin/bankRecon.ts,13,"create(d: Partial<BankStatement>) { return http.post<any, ApiResp<unknown>>('/fin/bank-statement', d) },"
cp6.web/src/api/fin/bankRecon.ts,16,"return http.post<any, ApiResp<BankImportPreviewResult>>(`/fin/bank-statement/${id}/import?profileId=${profileId}&dryRun=true`, fd)"
cp6.web/src/api/fin/bankRecon.ts,20,"return http.post<any, ApiResp<unknown>>(`/fin/bank-statement/${id}/import?profileId=${profileId}&dryRun=false`, fd)"
cp6.web/src/api/fin/bankRecon.ts,22,"addLine(id: string, line: Partial<BankStatementLine>) { return http.post<any, ApiResp<unknown>>(`/fin/bank-statement/${id}/line`, line) },"
cp6.web/src/api/fin/bankRecon.ts,23,"updateLine(id: string, lineId: string, line: Partial<BankStatementLine>) { return http.put<any, ApiResp<unknown>>(`/fin/bank-statement/${id}/line/${lineId}`, line) },"
cp6.web/src/api/fin/bankRecon.ts,24,"deleteLine(id: string, lineId: string) { return http.delete<any, ApiResp<unknown>>(`/fin/bank-statement/${id}/line/${lineId}`) },"
cp6.web/src/api/fin/bankRecon.ts,29,"return http.get<any, ApiResp<BankCandidateLine[]>>(`/fin/bank-recon/${statementId}/candidates`, { params: { lineId, widen } })"
cp6.web/src/api/fin/bankRecon.ts,31,"autoMatch(statementId: string) { return http.post<any, ApiResp<unknown>>(`/fin/bank-recon/${statementId}/auto-match`) },"
cp6.web/src/api/fin/bankRecon.ts,33,"return http.post<any, ApiResp<unknown>>(`/fin/bank-recon/${statementId}/manual-match`,"
cp6.web/src/api/fin/bankRecon.ts,36,"unmatch(groupId: string) { return http.post<any, ApiResp<unknown>>(`/fin/bank-recon/unmatch/${groupId}`) },"
cp6.web/src/api/fin/bankRecon.ts,38,"return http.post<any, ApiResp<BankOnlyLineResult[]>>(`/fin/bank-recon/${statementId}/generate-voucher`, { lineIds, counterAccountId, counterRole, partnerId })"
cp6.web/src/api/fin/bankRecon.ts,41,"return http.post<any, ApiResp<unknown>>(`/fin/bank-recon/${statementId}/mark-pending`, { lineIds, category, rowVersion })"
cp6.web/src/api/fin/bankRecon.ts,43,"reconStatement(statementId: string) { return http.get<any, ApiResp<ReconciliationStatement>>(`/fin/bank-recon/${statementId}/reconciliation-statement`) },"
cp6.web/src/api/fin/bankRecon.ts,44,"lock(statementId: string) { return http.post<any, ApiResp<unknown>>(`/fin/bank-recon/${statementId}/lock`) },"
cp6.web/src/api/fin/bankRecon.ts,45,"unlock(statementId: string, reason: string) { return http.post<any, ApiResp<unknown>>(`/fin/bank-recon/${statementId}/unlock`, { reason }) },"
cp6.web/src/api/fin/bankRecon.ts,49,"list(bankAccountId?: string) { return http.get<any, ApiResp<BankImportProfile[]>>('/fin/bank-import-profile', { params: { bankAccountId } }) },"
cp6.web/src/api/fin/bankRecon.ts,50,"save(d: BankImportProfile) { return http.post<any, ApiResp<unknown>>('/fin/bank-import-profile/upsert', d) },"
cp6.web/src/api/fin/bankRecon.ts,51,"remove(id: string) { return http.delete<any, ApiResp<unknown>>(`/fin/bank-import-profile/${id}`) },"
cp6.web/src/api/fin/budget.ts,14,"return http.get<any, ApiResp<Budget[]>>('/fin/budget')"
cp6.web/src/api/fin/budget.ts,18,"return http.post<any, ApiResp<Budget>>('/fin/budget', d)"
cp6.web/src/api/fin/budget.ts,22,"return http.put<any, ApiResp<unknown>>(`/fin/budget/${id}`, d)"
cp6.web/src/api/fin/budget.ts,26,"return http.post<any, ApiResp<unknown>>(`/fin/budget/${id}/deactivate`)"
cp6.web/src/api/fin/budget.ts,34,"return http.get<any, ApiResp<BudgetVersion[]>>(`/fin/budget/${budgetId}/versions`)"
cp6.web/src/api/fin/budget.ts,42,"return http.post<any, ApiResp<BudgetVersion>>(`/fin/budget/${budgetId}/versions`, d)"
cp6.web/src/api/fin/budget.ts,50,"return http.put<any, ApiResp<unknown>>(`/fin/budget/versions/${versionId}`, d)"
cp6.web/src/api/fin/budget.ts,54,"return http.post<any, ApiResp<unknown>>(`/fin/budget/versions/${versionId}/submit`)"
cp6.web/src/api/fin/budget.ts,58,"return http.post<any, ApiResp<unknown>>(`/fin/budget/versions/${versionId}/activate`)"
cp6.web/src/api/fin/budget.ts,62,"return http.delete<any, ApiResp<unknown>>(`/fin/budget/versions/${versionId}`)"
cp6.web/src/api/fin/budget.ts,70,"return http.get<any, ApiResp<BudgetLineGridRow[]>>('/fin/budget/lines', { params: { versionId } })"
cp6.web/src/api/fin/budget.ts,74,"return http.post<any, ApiResp<unknown>>('/fin/budget/lines', d)"
cp6.web/src/api/fin/budget.ts,78,"return http.delete<any, ApiResp<unknown>>(`/fin/budget/lines/${lineId}`, {"
cp6.web/src/api/fin/budget.ts,85,"return http.post<any, ApiResp<BudgetImportPreviewResult>>("
cp6.web/src/api/fin/budget.ts,91,"return http.post<any, ApiResp<unknown>>("
cp6.web/src/api/fin/budget.ts,100,"return http.get<any, ApiResp<CostCenter[]>>('/fin/cost-center', { params: { includeInactive } })"
cp6.web/src/api/fin/budget.ts,108,"return http.get<any, ApiResp<BudgetVsActualReport>>('/fin/budget/report/vs-actual', { params: p })"
cp6.web/src/api/fin/budget.ts,112,"return http.post<any, ApiResp<BudgetWarningDto[]>>('/fin/budget/report/pre-check', entry)"
cp6.web/src/api/fin/fin.ts,15,"return http.get<any, ApiResp<GlAccount[]>>('/fin/account', { params: { scheme, includeInactive } })"
cp6.web/src/api/fin/fin.ts,18,"return http.get<any, ApiResp<GlAccount>>(`/fin/account/${id}`)"
cp6.web/src/api/fin/fin.ts,21,"return http.post<any, ApiResp<{ id: string }>>('/fin/account', data)"
cp6.web/src/api/fin/fin.ts,24,"return http.put<any, ApiResp<unknown>>(`/fin/account/${id}`, data)"
cp6.web/src/api/fin/fin.ts,27,"return http.post<any, ApiResp<unknown>>(`/fin/account/${id}/deactivate`)"
cp6.web/src/api/fin/fin.ts,30,"return http.post<any, ApiResp<{ count: number }>>('/fin/account/import', null, { params: { scheme } })"
cp6.web/src/api/fin/fin.ts,37,"return http.get<any, ApiResp<JournalEntry[]>>('/fin/journal', { params: { periodId, status } })"
cp6.web/src/api/fin/fin.ts,40,"return http.get<any, ApiResp<JournalEntry>>(`/fin/journal/${id}`)"
cp6.web/src/api/fin/fin.ts,43,"return http.post<any, ApiResp<{ id: string }>>('/fin/journal', data)"
cp6.web/src/api/fin/fin.ts,46,"return http.post<any, ApiResp<unknown>>(`/fin/journal/${id}/submit`)"
cp6.web/src/api/fin/fin.ts,49,"return http.post<any, ApiResp<unknown>>(`/fin/journal/${id}/post`)"
cp6.web/src/api/fin/fin.ts,52,"return http.post<any, ApiResp<unknown>>(`/fin/journal/${id}/reject`, { reason })"
cp6.web/src/api/fin/fin.ts,55,"return http.post<any, ApiResp<unknown>>(`/fin/journal/${id}/reverse`, { reason })"
cp6.web/src/api/fin/fin.ts,62,"return http.get<any, ApiResp<TrialBalance>>(`/fin/trial-balance/${periodId}`)"
cp6.web/src/api/fin/fin.ts,69,"return http.get<any, ApiResp<ApInvoice[]>>('/fin/ap/invoice', { params: { supplierId, status } })"
cp6.web/src/api/fin/fin.ts,72,"return http.get<any, ApiResp<ApInvoice>>(`/fin/ap/invoice/${id}`)"
cp6.web/src/api/fin/fin.ts,75,"return http.post<any, ApiResp<{ id: string; no: string }>>('/fin/ap/invoice', data)"
cp6.web/src/api/fin/fin.ts,78,"return http.post<any, ApiResp<unknown>>(`/fin/ap/invoice/${id}/post`)"
cp6.web/src/api/fin/fin.ts,81,"return http.get<any, ApiResp<ApAgingRow[]>>('/fin/ap/invoice/aging', { params: { asOf, supplierId } })"
cp6.web/src/api/fin/fin.ts,84,"return http.get<any, ApiResp<ApReconcileResult>>('/fin/ap/invoice/reconcile')"
cp6.web/src/api/fin/fin.ts,91,"return http.get<any, ApiResp<Payment[]>>('/fin/ap/payment', { params: { supplierId, status } })"
cp6.web/src/api/fin/fin.ts,94,"return http.get<any, ApiResp<Payment>>(`/fin/ap/payment/${id}`)"
cp6.web/src/api/fin/fin.ts,97,"return http.post<any, ApiResp<{ id: string; no: string }>>('/fin/ap/payment', data)"
cp6.web/src/api/fin/fin.ts,100,"return http.post<any, ApiResp<unknown>>(`/fin/ap/payment/${id}/reverse`, { reason })"
cp6.web/src/api/fin/fin.ts,103,"return http.post<any, ApiResp<unknown>>(`/fin/ap/payment/${id}/settle`, { applies })"
cp6.web/src/api/fin/fin.ts,110,"return http.get<any, ApiResp<BankAccount[]>>('/fin/ap/master/bank-account', { params: { includeInactive } })"
cp6.web/src/api/fin/fin.ts,113,"return http.post<any, ApiResp<{ id: string }>>('/fin/ap/master/bank-account', data)"
cp6.web/src/api/fin/fin.ts,116,"return http.get<any, ApiResp<TaxCode[]>>('/fin/ap/master/tax-code', { params: { includeInactive } })"
cp6.web/src/api/fin/fin.ts,119,"return http.post<any, ApiResp<{ id: string }>>('/fin/ap/master/tax-code', data)"
cp6.web/src/api/fin/fin.ts,126,"return http.get<any, ApiResp<ArInvoice[]>>('/fin/ar/invoice', { params: { customerId, status } })"
cp6.web/src/api/fin/fin.ts,129,"return http.get<any, ApiResp<ArInvoice>>(`/fin/ar/invoice/${id}`)"
cp6.web/src/api/fin/fin.ts,132,"return http.post<any, ApiResp<{ id: string; no: string }>>('/fin/ar/invoice', data)"
cp6.web/src/api/fin/fin.ts,135,"return http.post<any, ApiResp<unknown>>(`/fin/ar/invoice/${id}/post`)"
cp6.web/src/api/fin/fin.ts,138,"return http.post<any, ApiResp<{ id: string; no: string }>>('/fin/ar/invoice/credit-memo', data)"
cp6.web/src/api/fin/fin.ts,141,"return http.post<any, ApiResp<unknown>>(`/fin/ar/invoice/${id}/reverse`, { reason })"
cp6.web/src/api/fin/fin.ts,144,"return http.get<any, ApiResp<ArAgingRow[]>>('/fin/ar/invoice/aging', { params: { asOf, customerId } })"
cp6.web/src/api/fin/fin.ts,147,"return http.get<any, ApiResp<ArReconcileResult>>('/fin/ar/invoice/reconcile')"
cp6.web/src/api/fin/fin.ts,154,"return http.get<any, ApiResp<Receipt[]>>('/fin/ar/receipt', { params: { customerId, status } })"
cp6.web/src/api/fin/fin.ts,157,"return http.get<any, ApiResp<Receipt>>(`/fin/ar/receipt/${id}`)"
cp6.web/src/api/fin/fin.ts,160,"return http.post<any, ApiResp<{ id: string; no: string }>>('/fin/ar/receipt', data)"
cp6.web/src/api/fin/fin.ts,163,"return http.post<any, ApiResp<unknown>>(`/fin/ar/receipt/${id}/reverse`, { reason })"
cp6.web/src/api/fin/fin.ts,166,"return http.post<any, ApiResp<unknown>>(`/fin/ar/receipt/${id}/settle`, { applies })"
cp6.web/src/api/fin/fin.ts,173,"return http.get<any, ApiResp<CreditCheckResult>>('/fin/ar/credit/check', { params: { customerId, orderAmount } })"
cp6.web/src/api/fin/fin.ts,180,"return http.get<any, ApiResp<BalanceSheet>>(`/fin/report/balance-sheet/${periodId}`)"
cp6.web/src/api/fin/fin.ts,183,"return http.get<any, ApiResp<IncomeStatement>>(`/fin/report/income-statement/${periodId}`)"
cp6.web/src/api/fin/fin.ts,190,"return http.get<any, ApiResp<CostSheet[]>>('/fin/cost', { params: { status } })"
cp6.web/src/api/fin/fin.ts,193,"return http.get<any, ApiResp<CostSheet>>(`/fin/cost/${workOrderNo}`)"
cp6.web/src/api/fin/fin.ts,196,"return http.post<any, ApiResp<unknown>>(`/fin/cost/${workOrderNo}/collect`, { laborStd, overheadStd })"
cp6.web/src/api/fin/fin.ts,199,"return http.post<any, ApiResp<unknown>>(`/fin/cost/${workOrderNo}/settle`)"
cp6.web/src/api/fin/fin.ts,206,"return http.get<any, ApiResp<FiscalPeriod[]>>('/fin/period', { params: { year } })"
cp6.web/src/api/fin/fin.ts,209,"return http.get<any, ApiResp<unknown>>(`/fin/period/${id}/pre-close-check`)"
cp6.web/src/api/fin/fin.ts,212,"return http.post<any, ApiResp<unknown>>(`/fin/period/${id}/close`)"
cp6.web/src/api/fin/fin.ts,215,"return http.post<any, ApiResp<unknown>>(`/fin/period/${id}/reopen`)"
cp6.web/src/api/http.ts,53,refreshPromise = http.post('/auth/refresh').finally(() => {
cp6.web/src/api/mes/mes.ts,47,"return http.get<any, Api<{ sequence: string }>>('/mes/work-orders/next-seq')"
cp6.web/src/api/mes/mes.ts,52,"return http.get<any, Api<MesPagedResult<WorkOrderDto>>>('/mes/work-orders', {"
cp6.web/src/api/mes/mes.ts,60,"return http.get<any, Api<WorkOrderDto>>(`/mes/work-orders/${encodeURIComponent(no)}`)"
cp6.web/src/api/mes/mes.ts,65,"return http.post<any, Api<{ workOrderNo: string }>>('/mes/work-orders', dto)"
cp6.web/src/api/mes/mes.ts,70,"return http.put<any, Api<unknown>>(`/mes/work-orders/${encodeURIComponent(no)}`, dto)"
cp6.web/src/api/mes/mes.ts,75,"return http.delete<any, Api<unknown>>(`/mes/work-orders/${encodeURIComponent(no)}`, {"
cp6.web/src/api/mes/mes.ts,82,"return http.post<any, Api<unknown>>(`/mes/work-orders/${encodeURIComponent(no)}/issue`)"
cp6.web/src/api/mes/mes.ts,87,"return http.post<any, Api<{ workOrderNos: string[] }>>('/mes/work-orders/expand-from-order', req)"
cp6.web/src/api/mes/mes.ts,97,"return http.get<any, Api<MesPagedResult<ProductionResultDto>>>('/mes/production-results', {"
cp6.web/src/api/mes/mes.ts,104,"return http.get<any, Api<WorkOrderDto>>("
cp6.web/src/api/mes/mes.ts,111,"return http.post<any, Api<{ resultNo: string }>>('/mes/production-results/start', req)"
cp6.web/src/api/mes/mes.ts,116,"return http.post<any, Api<{ resultNo: string }>>('/mes/production-results/suspend', req)"
cp6.web/src/api/mes/mes.ts,121,"return http.post<any, Api<{ resultNo: string }>>('/mes/production-results/resume', req)"
cp6.web/src/api/mes/mes.ts,126,"return http.post<any, Api<{ resultNo: string }>>('/mes/production-results/complete', req)"
cp6.web/src/api/mes/mes.ts,131,"return http.post<any, Api<{ resultNo: string }>>('/mes/production-results', req)"
cp6.web/src/api/mes/mes.ts,141,"return http.get<any, Api<MesPagedResult<QualityInspectionDto>>>('/mes/inspections', {"
cp6.web/src/api/mes/mes.ts,148,"return http.get<any, Api<QualityInspectionDto>>(`/mes/inspections/${encodeURIComponent(no)}`)"
cp6.web/src/api/mes/mes.ts,153,"return http.post<any, Api<{ inspectionNo: string }>>('/mes/inspections', dto)"
cp6.web/src/api/mes/mes.ts,158,"return http.put<any, Api<unknown>>(`/mes/inspections/${encodeURIComponent(no)}`, dto)"
cp6.web/src/api/mes/mes.ts,163,"return http.get<any, Api<InspectionTemplateDto[]>>("
cp6.web/src/api/mes/mes.ts,170,"return http.get<any, Api<string[]>>('/mes/inspections/templates')"
cp6.web/src/api/mes/mes.ts,179,"return http.get<any, Api<MesPagedResult<DefectRecordDto>>>('/mes/defects', {"
cp6.web/src/api/mes/mes.ts,186,"return http.get<any, Api<DefectRecordDto>>(`/mes/defects/${encodeURIComponent(no)}`)"
cp6.web/src/api/mes/mes.ts,190,"return http.post<any, Api<{ defectNo: string }>>('/mes/defects', dto)"
cp6.web/src/api/mes/mes.ts,194,"return http.put<any, Api<unknown>>(`/mes/defects/${encodeURIComponent(no)}`, dto)"
cp6.web/src/api/mes/mes.ts,198,"return http.delete<any, Api<unknown>>(`/mes/defects/${encodeURIComponent(no)}`)"
cp6.web/src/api/mes/mes.ts,203,"return http.get<any, Api<DefectCategoryDto[]>>('/mes/defects/categories')"
cp6.web/src/api/mes/mes.ts,212,"return http.get<any, Api<PlanningBarDto[]>>('/mes/planning-board', {"
cp6.web/src/api/mes/mes.ts,218,"return http.get<any, Api<PlanningKpiDto>>('/mes/planning-board/kpi', {"
cp6.web/src/api/mes/mes.ts,223,"return http.put<any, Api<unknown>>('/mes/planning-board/reschedule', req)"
cp6.web/src/api/mes/mes.ts,226,"return http.post<any, Api<{ changed: number }>>('/mes/planning-board/auto-arrange', req)"
cp6.web/src/api/mes/mes.ts,235,"return http.get<any, Api<MesDashboardSummaryDto>>('/mes/dashboard/summary')"
cp6.web/src/api/mes/mes.ts,238,"return http.get<any, Api<ProcessProgressDto[]>>('/mes/dashboard/process-progress')"
cp6.web/src/api/mes/mes.ts,241,"return http.get<any, Api<DelayAlertDto[]>>('/mes/dashboard/delay-alerts', { params: { top } })"
cp6.web/src/api/mes/mes.ts,244,"return http.get<any, Api<DailyTrendDto[]>>('/mes/dashboard/daily-trend', { params: { days } })"
cp6.web/src/api/mes/mes.ts,247,"return http.get<any, Api<DefectTop5Dto[]>>('/mes/dashboard/defect-top5')"
cp6.web/src/api/mes/mes.ts,250,"return http.get<any, Api<RecentCompletedDto[]>>('/mes/dashboard/recent-completed', { params: { top } })"
cp6.web/src/api/mes/mes.ts,253,"return http.get<any, Api<MachineHeatmapDto[]>>('/mes/dashboard/machine-heatmap', { params: { days } })"
cp6.web/src/api/mes/mes.ts,262,"return http.get<any, Api<MachineDto[]>>('/mes/machines', {"
cp6.web/src/api/mes/mes.ts,268,"return http.get<any, Api<MachineDto>>(`/mes/machines/${encodeURIComponent(cd)}`)"
cp6.web/src/api/mes/mes.ts,271,"return http.post<any, Api<{ machineCd: string }>>('/mes/machines', dto)"
cp6.web/src/api/mes/mes.ts,274,"return http.put<any, Api<unknown>>(`/mes/machines/${encodeURIComponent(cd)}`, dto)"
cp6.web/src/api/mes/mes.ts,277,"return http.delete<any, Api<unknown>>(`/mes/machines/${encodeURIComponent(cd)}`)"
cp6.web/src/api/mes/mes.ts,280,"return http.post<any, Api<unknown>>(`/mes/machines/${encodeURIComponent(cd)}/status`, { status })"
cp6.web/src/api/mes/mes.ts,285,"return http.get<any, Api<MesPagedResult<MachineDowntimeDto>>>('/mes/machines/downtimes', {"
cp6.web/src/api/mes/mes.ts,290,"return http.post<any, Api<{ downtimeNo: string }>>('/mes/machines/downtimes', dto)"
cp6.web/src/api/mes/mes.ts,293,"return http.post<any, Api<unknown>>("
cp6.web/src/api/mes/mes.ts,305,"return http.get<any, Api<OeeDailyDto[]>>('/mes/oee', { params: query })"
cp6.web/src/api/mes/mes.ts,308,"return http.get<any, Api<OeeDailyDto[]>>('/mes/oee/today', { params: { machineCd } })"
cp6.web/src/api/mes/mes.ts,311,"return http.get<any, Api<Record<string, OeeDailyDto[]>>>('/mes/oee/trend', {"
cp6.web/src/api/mes/mes.ts,316,"return http.post<any, Api<{ recalculated: number }>>('/mes/oee/recalculate', req)"
cp6.web/src/api/mes/planAchievement.ts,6,"return http.post<any, ApiResult<PlanAchievementSummary>>('/mes/plan-achievement/summary', query)"
cp6.web/src/api/mes/planAchievement.ts,10,"return http.post<Blob>('/mes/plan-achievement/export-csv', query, { responseType: 'blob' })"
cp6.web/src/api/mes/processCost.ts,10,"return http.get<any, ApiResp<WorkCenter[]>>('/mes/work-center', { params: { keyword } })"
cp6.web/src/api/mes/processCost.ts,13,"return http.post<any, ApiResp<unknown>>('/mes/work-center/upsert', d)"
cp6.web/src/api/mes/processCost.ts,16,"return http.delete<any, ApiResp<unknown>>(`/mes/work-center/${wgCd}`)"
cp6.web/src/api/mes/processCost.ts,23,"return http.get<any, ApiResp<ProcessCostRate[]>>('/mes/process-cost-rate', { params: { wgCd } })"
cp6.web/src/api/mes/processCost.ts,26,"return http.post<any, ApiResp<unknown>>('/mes/process-cost-rate/upsert', d)"
cp6.web/src/api/mes/processCost.ts,29,"return http.delete<any, ApiResp<unknown>>(`/mes/process-cost-rate/${id}`)"
cp6.web/src/api/oa/approval.ts,7,"return http.get<any, ApiResp<ApprovalPanelDetail>>('/oa/approval/detail', {"
cp6.web/src/api/oa/approval.ts,12,"return http.post(`/oa/tasks/${taskId}/decision`, {"
cp6.web/src/api/oa/approverMap.ts,10,"list: (mapKey?: string) => http.get('/oa/approver-map/list', { params: { mapKey } }),"
cp6.web/src/api/oa/approverMap.ts,11,"keys: () => http.get('/oa/approver-map/keys'),"
cp6.web/src/api/oa/approverMap.ts,12,"create: (body: Partial<ApproverMap>) => http.post('/oa/approver-map', body),"
cp6.web/src/api/oa/approverMap.ts,13,"update: (id: string, body: Partial<ApproverMap>) => http.put(`/oa/approver-map/${id}`, body),"
cp6.web/src/api/oa/approverMap.ts,14,"remove: (id: string) => http.delete(`/oa/approver-map/${id}`),"
cp6.web/src/api/oa/catalog.ts,4,"tree:     ()                          => http.get('/oa/catalog/tree'),"
cp6.web/src/api/oa/catalog.ts,5,"favorite: (formKey: string, on: boolean) => http.post('/oa/catalog/favorite', { formKey, on }),"
cp6.web/src/api/oa/delegate.ts,4,"myGrants: ()          => http.get('/oa/delegate/my-grants'),"
cp6.web/src/api/oa/delegate.ts,5,"list:     ()          => http.get('/oa/delegate/list'),"
cp6.web/src/api/oa/delegate.ts,6,"add:      (body: unknown) => http.post('/oa/delegate/add', body),"
cp6.web/src/api/oa/delegate.ts,7,"remove:   (id: string)    => http.post('/oa/delegate/remove', { id }),"
cp6.web/src/api/oa/designer.ts,10,"list:  (functionId?: string) => http.get('/oa/designer/list', { params: { functionId } }),"
cp6.web/src/api/oa/designer.ts,11,"load:  (flowKey: string) => http.get(`/oa/designer/load/${flowKey}`),"
cp6.web/src/api/oa/designer.ts,12,"save:  (body: SaveFlowBody) => http.post('/oa/designer/save', body),"
cp6.web/src/api/oa/designer.ts,14,"http.post(`/oa/flow-defs/${encodeURIComponent(flowKey)}/publish`, { rowVersion }),"
cp6.web/src/api/oa/designer.ts,16,"http.post('/oa/designer/clone', { sourceFlowKey, newFlowKey, newFlowName }),"
cp6.web/src/api/oa/designer.ts,18,const res = await http.get('/oa/designer/service-catalog') as any
cp6.web/src/api/oa/draft.ts,24,"http.get('/oa/drafts', { params: { page, pageSize } }),"
cp6.web/src/api/oa/draft.ts,25,"get: (id: string) => http.get(`/oa/drafts/${id}`),"
cp6.web/src/api/oa/draft.ts,27,"http.post(`/oa/forms/${encodeURIComponent(formKey)}/drafts`, { data, title }),"
cp6.web/src/api/oa/draft.ts,29,"http.put(`/oa/drafts/${id}`, { data, title, rowVersion }),"
cp6.web/src/api/oa/draft.ts,31,"http.post(`/oa/drafts/${id}/rebase`, { targetVersion, confirmRemovedValues, rowVersion }),"
cp6.web/src/api/oa/draft.ts,33,"http.post(`/oa/drafts/${id}/submit`, { rowVersion }, {"
cp6.web/src/api/oa/draft.ts,36,"remove: (id: string) => http.delete(`/oa/drafts/${id}`),"
cp6.web/src/api/oa/flowAdmin.ts,4,"list:   () => http.get('/oa/flow-admin/list'),"
cp6.web/src/api/oa/flowAdmin.ts,5,"get:    (flowKey: string) => http.get(`/oa/flow-admin/${flowKey}`),"
cp6.web/src/api/oa/flowAdmin.ts,7,"http.post('/oa/flow-admin/enable', { flowKey, enabled }),"
cp6.web/src/api/oa/flowTrigger.ts,37,"list: async (): Promise<FlowTriggerItem[]> => unwrap(await http.get('/oa/flow-triggers/list')) ?? [],"
cp6.web/src/api/oa/flowTrigger.ts,38,"get: async (id: string): Promise<FlowTriggerItem> => unwrap(await http.get(`/oa/flow-triggers/${id}`)),"
cp6.web/src/api/oa/flowTrigger.ts,40,"unwrap(await http.post('/oa/flow-triggers', body)),"
cp6.web/src/api/oa/flowTrigger.ts,41,"update: (id: string, body: FlowTriggerSaveBody) => http.put(`/oa/flow-triggers/${id}`, body),"
cp6.web/src/api/oa/flowTrigger.ts,42,"enable: (id: string, enabled: boolean) => http.post(`/oa/flow-triggers/${id}/enable`, { enabled }),"
cp6.web/src/api/oa/flowTrigger.ts,44,"unwrap(await http.post(`/oa/flow-triggers/${id}/reset-key`)),"
cp6.web/src/api/oa/flowTrigger.ts,46,"unwrap(await http.post(`/oa/flow-triggers/${id}/manual-fire`)),"
cp6.web/src/api/oa/flowTrigger.ts,48,"unwrap(await http.get(`/oa/flow-triggers/${id}/fires`, { params: { take } })) ?? [],"
cp6.web/src/api/oa/flowTrigger.ts,50,"unwrap(await http.post('/oa/flow-triggers/cron-preview', { cron })),"
cp6.web/src/api/oa/forecast.ts,5,"http.post('/oa/forecast/preview', { flowKey, varsJson }),"
cp6.web/src/api/oa/inbox.ts,5,"pending:   (rowMode?: 'merged' | 'expanded') => http.get('/oa/inbox/pending', { params: { rowMode } }),"
cp6.web/src/api/oa/inbox.ts,6,"pendingCc: () => http.get('/oa/inbox/pending-cc'),"
cp6.web/src/api/oa/inbox.ts,7,"running:   () => http.get('/oa/inbox/running'),"
cp6.web/src/api/oa/inbox.ts,8,"done:      (p: { year?: number; month?: number; tab?: string }) => http.get('/oa/inbox/done', { params: p }),"
cp6.web/src/api/oa/inbox.ts,9,"stats:     () => http.get('/oa/inbox/stats'),"
cp6.web/src/api/oa/inbox.ts,10,"detail:    (instanceId: string) => http.get(`/oa/inbox/detail/${instanceId}`),"
cp6.web/src/api/oa/inbox.ts,11,"markTaskRead: (id: string) => http.post('/oa/inbox/task/read', { id }),"
cp6.web/src/api/oa/inbox.ts,12,"markCcRead:   (id: string) => http.post('/oa/inbox/cc/read', { id }),"
cp6.web/src/api/oa/inbox.ts,14,"http.post('/oa/inbox/batch', { taskIds, approve, comment }),"
cp6.web/src/api/oa/inbox.ts,17,"http.post(`/oa/tasks/${taskId}/decision`, {"
cp6.web/src/api/oa/inbox.ts,21,"http.post('/oa/inbox/sendback', { taskId, kind, nodeId, comment }),"
cp6.web/src/api/oa/inbox.ts,22,"batchTransfer: (p: BatchTransferReq) => http.post('/oa/inbox/batch-transfer', p),"
cp6.web/src/api/oa/inbox.ts,23,"batchTransferPreview: (p: BatchTransferReq) => http.post('/oa/inbox/batch-transfer/preview', p),"
cp6.web/src/api/oa/notification.ts,6,"http.get<NotificationItem[]>('/oa/notification/list', { params: { unreadOnly, page, pageSize } }),"
cp6.web/src/api/oa/notification.ts,9,"http.get<number>('/oa/notification/unread-count'),"
cp6.web/src/api/oa/notification.ts,12,"http.post('/oa/notification/read', { id }),"
cp6.web/src/api/oa/notification.ts,15,"http.post('/oa/notification/read-all'),"
cp6.web/src/api/oa/pref.ts,4,"get:  ()                     => http.get('/oa/pref/get'),"
cp6.web/src/api/oa/pref.ts,5,"save: (prefsJson: string)    => http.post('/oa/pref/save', { prefsJson }),"
cp6.web/src/api/oa/pref.ts,7,"saveMerge: (partialJson: string) => http.post('/oa/pref/save', { prefsJson: partialJson, merge: true }),"
cp6.web/src/api/oa/pref.ts,9,"notifyMatrix: () => http.get('/oa/pref/notify-matrix'),"
cp6.web/src/api/oa/query.ts,5,"search: (filter: FormQueryFilter) => http.post('/oa/query/search', filter),"
cp6.web/src/api/oa/transfer.ts,5,"http.post('/oa/inbox/transfer', { taskId, toUserId, comment }),"
cp6.web/src/api/oa/wfConnector.ts,28,"list: async (): Promise<WfConnectorItem[]> => unwrap(await http.get('/oa/wf-connector')) ?? [],"
cp6.web/src/api/oa/wfConnector.ts,31,"get: async (id: string): Promise<WfConnectorItem> => unwrap(await http.get(`/oa/wf-connector/${id}`)),"
cp6.web/src/api/oa/wfConnector.ts,35,"unwrap(await http.post('/oa/wf-connector', body)),"
cp6.web/src/api/oa/wfConnector.ts,38,"update: (id: string, body: WfConnectorSaveBody) => http.put(`/oa/wf-connector/${id}`, body),"
cp6.web/src/api/oa/wfConnector.ts,41,"enable: (id: string, enabled: boolean) => http.post(`/oa/wf-connector/${id}/enabled`, { enabled }),"
cp6.web/src/api/oa/workCalendar.ts,22,"unwrap(await http.get('/oa/work-calendar', { params: { year } })),"
cp6.web/src/api/oa/workCalendar.ts,26,"http.post('/oa/work-calendar/toggle', { date, isWorkday, note }),"
cp6.web/src/api/oa/workCalendar.ts,29,"clear: (date: string) => http.delete(`/oa/work-calendar/${date}`),"
cp6.web/src/api/oa/workCalendar.ts,33,"unwrap(await http.post('/oa/work-calendar/import-jp')),"
cp6.web/src/api/plan/plan.ts,11,"return http.post<any, ApiResp<{ runId: string; runNo: string; status: number }>>('/plan/mrp/run', req)"
cp6.web/src/api/plan/plan.ts,14,"return http.get<any, ApiResp<MrpRun[]>>('/plan/mrp/runs')"
cp6.web/src/api/plan/plan.ts,17,"return http.get<any, ApiResp<PlannedOrder[]>>(`/plan/mrp/run/${runId}/planned-orders`)"
cp6.web/src/api/plan/plan.ts,20,"return http.get<any, ApiResp<NetRequirement[]>>(`/plan/mrp/run/${runId}/net-requirements`)"
cp6.web/src/api/plan/plan.ts,23,"return http.post<any, ApiResp<unknown>>(`/plan/mrp/planned-order/${id}/confirm`)"
cp6.web/src/api/plan/plan.ts,26,"return http.post<any, ApiResp<{ docNo: string }>>(`/plan/mrp/planned-order/${id}/convert`)"
cp6.web/src/api/plan/plan.ts,29,"return http.post<any, ApiResp<unknown>>(`/plan/mrp/planned-order/${id}/ignore`)"
cp6.web/src/api/plan/plan.ts,36,"return http.get<any, ApiResp<ItemPolicy[]>>('/plan/item-policy', { params: { keyword } })"
cp6.web/src/api/plan/plan.ts,39,"return http.post<any, ApiResp<unknown>>('/plan/item-policy', data)"
cp6.web/src/api/plan/plan.ts,42,"return http.delete<any, ApiResp<unknown>>(`/plan/item-policy/${itemCd}`)"
cp6.web/src/api/platform/admin.ts,7,return http.get('/platform/admin') as unknown as Promise<PlatformAdminRow[]>
cp6.web/src/api/platform/admin.ts,10,return http.post(`/platform/admin/${userId}/grant`) as unknown as Promise<unknown>
cp6.web/src/api/platform/admin.ts,13,return http.post(`/platform/admin/${userId}/revoke`) as unknown as Promise<unknown>
cp6.web/src/api/platform/audit.ts,14,"return http.get('/platform/audit', { params }) as unknown as Promise<{ rows: AuditRow[]; total: number }>"
cp6.web/src/api/platform/gdpr.ts,23,"const blob = (await http.get(`/platform/gdpr/export/tenant/${tenantId}`, {"
cp6.web/src/api/platform/gdpr.ts,29,"const blob = (await http.get(`/platform/gdpr/export/subject/${userId}`, {"
cp6.web/src/api/platform/gdpr.ts,35,"return http.delete(`/platform/gdpr/erase/subject/${userId}`, {"
cp6.web/src/api/platform/gdpr.ts,40,"return http.delete(`/platform/gdpr/erase/tenant/${tenantId}`, {"
cp6.web/src/api/platform/impersonation.ts,9,"return http.post('/platform/impersonation/start', body) as unknown as Promise<ImpersonationStartResult>"
cp6.web/src/api/platform/impersonation.ts,12,return http.post('/platform/impersonation/end') as unknown as Promise<ImpersonationEndResult>
cp6.web/src/api/platform/tenant.ts,13,"return http.get('/platform/tenant', { params }) as unknown as Promise<{ rows: TenantRow[]; total: number }>"
cp6.web/src/api/platform/tenant.ts,16,return http.get(`/platform/tenant/${id}`) as unknown as Promise<TenantDetail>
cp6.web/src/api/platform/tenant.ts,25,"return http.post('/platform/tenant', body) as unknown as Promise<CreateTenantResult>"
cp6.web/src/api/platform/tenant.ts,31,"return http.put(`/platform/tenant/${id}`, body) as unknown as Promise<unknown>"
cp6.web/src/api/platform/tenant.ts,34,return http.post(`/platform/tenant/${id}/suspend`) as unknown as Promise<unknown>
cp6.web/src/api/platform/tenant.ts,37,return http.post(`/platform/tenant/${id}/reactivate`) as unknown as Promise<unknown>
cp6.web/src/api/pub/attachment.ts,6,"const res: any = await http.get('/pub/attachment/list', { params: { bizType, bizId } })"
cp6.web/src/api/pub/attachment.ts,16,"return http.post('/pub/attachment/upload', fd)"
cp6.web/src/api/pub/attachment.ts,20,return http.delete(`/pub/attachment/${id}`)
cp6.web/src/api/pub/attachment.ts,24,"return http.post('/pub/attachment/rebind', { draftToken, bizId })"
cp6.web/src/api/pub/attachment.ts,29,"const blob: any = await http.get(`/pub/attachment/${id}/download`, { responseType: 'blob' })"
cp6.web/src/api/pub/attachment.ts,40,"const blob: any = await http.get(`/pub/attachment/${id}/preview`, { responseType: 'blob' })"
cp6.web/src/api/pub/codegen.ts,5,const res: any = await http.get('/pub/codegen/tables')
cp6.web/src/api/pub/codegen.ts,9,"return http.post('/pub/codegen/save', { table, columns })"
cp6.web/src/api/pub/codegen.ts,12,"const res: any = await http.post('/pub/codegen/preview', { table, columns })"
cp6.web/src/api/pub/seq.ts,6,"return http.get('/pub/seq', { params })"
cp6.web/src/api/pub/seq.ts,9,"return http.post('/pub/seq', data)"
cp6.web/src/api/pub/seq.ts,12,"return http.put('/pub/seq', data)"
cp6.web/src/api/pub/seq.ts,15,"return http.delete('/pub/seq', { data: ids })"
cp6.web/src/api/pub/seq.ts,18,const res: any = await http.get(`/pub/seq/preview/${bizKey}`)
cp6.web/src/api/pur/pur.ts,16,"return http.get<any, ApiResp<SupplierPrice[]>>('/pur/supplier-price', { params: { supplierId, itemId } })"
cp6.web/src/api/pur/pur.ts,19,"return http.get<any, ApiResp<{ price: number | null }>>('/pur/supplier-price/resolve', {"
cp6.web/src/api/pur/pur.ts,24,"return http.post<any, ApiResp<SupplierPrice>>('/pur/supplier-price', data)"
cp6.web/src/api/pur/pur.ts,27,"return http.delete<any, ApiResp<unknown>>(`/pur/supplier-price/${id}`)"
cp6.web/src/api/pur/pur.ts,34,"return http.get<any, ApiResp<PurchaseOrder[]>>('/pur/po', { params: { supplierId, status } })"
cp6.web/src/api/pur/pur.ts,37,"return http.get<any, ApiResp<PurchaseOrder>>(`/pur/po/${poNo}`)"
cp6.web/src/api/pur/pur.ts,40,"return http.post<any, ApiResp<PurchaseOrder>>('/pur/po', data)"
cp6.web/src/api/pur/pur.ts,43,"return http.post<any, ApiResp<PurchaseOrder>>(`/pur/po/${poNo}/submit`)"
cp6.web/src/api/pur/pur.ts,46,"return http.post<any, ApiResp<unknown>>(`/pur/po/${poNo}/cancel`)"
cp6.web/src/api/pur/pur.ts,53,"return http.get<any, ApiResp<GoodsReceipt[]>>('/pur/gr', { params: { poNo, supplierId } })"
cp6.web/src/api/pur/pur.ts,56,"return http.get<any, ApiResp<GoodsReceipt>>(`/pur/gr/${grNo}`)"
cp6.web/src/api/pur/pur.ts,59,"return http.post<any, ApiResp<GoodsReceipt>>('/pur/gr', data)"
cp6.web/src/api/pur/pur.ts,62,"return http.post<any, ApiResp<GoodsReceipt>>(`/pur/gr/${grNo}/apply-qc`)"
cp6.web/src/api/pur/pur.ts,69,"return http.get<any, ApiResp<ThreeWayMatch[]>>('/pur/match', { params: { poNo, status } })"
cp6.web/src/api/pur/pur.ts,72,"return http.get<any, ApiResp<ThreeWayMatch>>(`/pur/match/${matchNo}`)"
cp6.web/src/api/pur/pur.ts,75,"return http.post<any, ApiResp<MatchResult>>('/pur/match', data)"
cp6.web/src/api/pur/pur.ts,78,"return http.post<any, ApiResp<MatchResult>>(`/pur/match/${matchNo}/release`, { note })"
cp6.web/src/api/pur/pur.ts,81,"return http.post<any, ApiResp<ThreeWayMatch>>(`/pur/match/${matchNo}/reject`, { note })"
cp6.web/src/api/pur/pur.ts,88,"return http.get<any, ApiResp<PurchaseRequest[]>>('/pur/pr', { params: { status, source } })"
cp6.web/src/api/pur/pur.ts,91,"return http.get<any, ApiResp<PurchaseRequest>>(`/pur/pr/${prNo}`)"
cp6.web/src/api/pur/pur.ts,94,"return http.post<any, ApiResp<PurchaseRequest>>('/pur/pr', data)"
cp6.web/src/api/pur/pur.ts,97,"return http.post<any, ApiResp<PurchaseRequest>>(`/pur/pr/${prNo}/submit`)"
cp6.web/src/api/pur/pur.ts,100,"return http.post<any, ApiResp<string[]>>(`/pur/pr/${prNo}/convert`)"
cp6.web/src/api/pur/pur.ts,107,"return http.get<any, ApiResp<Rfq[]>>('/pur/rfq', { params: { status } })"
cp6.web/src/api/pur/pur.ts,110,"return http.get<any, ApiResp<Rfq>>(`/pur/rfq/${rfqNo}`)"
cp6.web/src/api/pur/pur.ts,113,"return http.post<any, ApiResp<Rfq>>(`/pur/rfq/from-pr/${prNo}`)"
cp6.web/src/api/pur/pur.ts,116,"return http.post<any, ApiResp<Rfq>>(`/pur/rfq/${rfqNo}/suppliers`, supplierIds)"
cp6.web/src/api/pur/pur.ts,119,"return http.post<any, ApiResp<Rfq>>(`/pur/rfq/${rfqNo}/quote`, { supplierId, lines })"
cp6.web/src/api/pur/pur.ts,122,"return http.post<any, ApiResp<Rfq>>(`/pur/rfq/${rfqNo}/rank`, { asOf })"
cp6.web/src/api/pur/pur.ts,125,"return http.post<any, ApiResp<Rfq>>(`/pur/rfq/${rfqNo}/select`, selections)"
cp6.web/src/api/pur/pur.ts,128,"return http.post<any, ApiResp<Rfq>>(`/pur/rfq/${rfqNo}/writeback`)"
cp6.web/src/api/pur/pur.ts,131,"return http.post<any, ApiResp<string[]>>(`/pur/rfq/${rfqNo}/convert`)"
cp6.web/src/api/pur/pur.ts,138,"return http.get<any, ApiResp<PurchaseOrder[]>>('/pur/subcontract/orders')"
cp6.web/src/api/pur/pur.ts,141,"return http.get<any, ApiResp<PoConsignMaterial[]>>(`/pur/subcontract/${poNo}/consign`, { params: { lineNo } })"
cp6.web/src/api/pur/pur.ts,144,"return http.post<any, ApiResp<PoConsignMaterial[]>>(`/pur/subcontract/${poNo}/${lineNo}/consign`, items)"
cp6.web/src/api/pur/pur.ts,147,"return http.post<any, ApiResp<PoConsignMaterial[]>>(`/pur/subcontract/${poNo}/${lineNo}/issue`, issuances ?? null)"
cp6.web/src/api/pur/pur.ts,150,"return http.post<any, ApiResp<SubcontractCostResult>>(`/pur/subcontract/${poNo}/${lineNo}/finished-cost`, { finishedQty })"
cp6.web/src/api/pur/pur.ts,153,"return http.post<any, ApiResp<ConsignReconcileResult>>(`/pur/subcontract/${poNo}/${lineNo}/reconcile`, { finishedQty, tolerancePct })"
cp6.web/src/api/pur/pur.ts,160,"return http.get<any, ApiResp<PoReconcileReport>>(`/pur/reconcile/${poNo}`)"
cp6.web/src/api/space/advanced.ts,8,"return http.get<unknown, Envelope<FloorPickPath>>(`/space/floor/${floorId}/pick-path`, { params: { taskNo } })"
cp6.web/src/api/space/advanced.ts,11,"return http.get<unknown, Envelope<FloorWorkload>>(`/space/floor/${floorId}/workload`, { params: { from, to } })"
cp6.web/src/api/space/advanced.ts,14,"return http.get<unknown, Envelope<SitePickPath>>(`/space/site/${siteId}/pick-path`, { params: { taskNo } })"
cp6.web/src/api/space/aiAdmin.ts,97,"return http.get<unknown, SpaceAiPolicy>(`${root}/ai-policy`)"
cp6.web/src/api/space/aiAdmin.ts,100,"return http.put<unknown, UpdateSpaceAiPolicyResponse>("
cp6.web/src/api/space/aiAdmin.ts,107,"return http.get<unknown, SpaceAiUsagePage>(`${root}/ai-usage`, {"
cp6.web/src/api/space/aiProposalReview.ts,43,"return http.get<unknown, ISpaceVersionDto>("
cp6.web/src/api/space/aiProposalReview.ts,49,"return http.get<unknown, ISpacePageOfSpaceSourceDto>("
cp6.web/src/api/space/aiProposalReview.ts,56,"return http.get<unknown, ISpacePageOfSpaceRackGenerationProfileDto>("
cp6.web/src/api/space/aiProposalReview.ts,63,"return http.get<unknown, ISpaceAiGenerationRunDto>("
cp6.web/src/api/space/aiProposalReview.ts,69,"return http.get<unknown, ISpaceAiGenerationReviewDto>("
cp6.web/src/api/space/aiProposalReview.ts,75,"return http.get<unknown, ISpaceAiProposalPageDto>("
cp6.web/src/api/space/aiProposalReview.ts,82,"return http.get<unknown, ISpaceAiProposalIssuePageDto>("
cp6.web/src/api/space/aiProposalReview.ts,93,"return http.post<unknown, ISpaceAiProposalDecisionResponse>("
cp6.web/src/api/space/aiProposalReview.ts,105,"return http.post<unknown, ISpaceAiProposalDecisionResponse>("
cp6.web/src/api/space/aiProposalReview.ts,117,"return http.post<unknown, ISpaceAiAtomicApplyAcceptedDto>("
cp6.web/src/api/space/aiProposalReview.ts,129,"return http.post<unknown, ISpaceAiGenerationRunActionDto>("
cp6.web/src/api/space/aiProposalReview.ts,141,"return http.post<unknown, ISpaceAiGenerationRunActionDto>("
cp6.web/src/api/space/aiProposalReview.ts,153,"return http.post<unknown, ISpaceAiGenerationRunActionDto>("
cp6.web/src/api/space/aiProposalReview.ts,165,"return http.post<unknown, ISpaceAiGenerationRunActionDto>("
cp6.web/src/api/space/aiProposalReview.ts,178,"return http.post<unknown, ISpaceAiGenerationRunAcceptedDto>("
cp6.web/src/api/space/analytics.ts,14,"return http.get<unknown, Envelope<AnalyticsConfig>>(`/space/site/${siteId}/analytics/config`)"
cp6.web/src/api/space/analytics.ts,17,"return http.put<unknown, Envelope<AnalyticsConfig>>(`/space/site/${siteId}/analytics/config`, data)"
cp6.web/src/api/space/analytics.ts,20,"return http.post<unknown, Envelope<AbcSnapshotMeta>>(`/space/site/${siteId}/analytics/abc/rebuild`)"
cp6.web/src/api/space/analytics.ts,23,"return http.get<unknown, Envelope<UtilizationResponse>>(`/space/floor/${floorId}/analytics/utilization`)"
cp6.web/src/api/space/analytics.ts,26,"return http.get<unknown, Envelope<StorageTypeResponse>>(`/space/floor/${floorId}/analytics/storage-types`)"
cp6.web/src/api/space/analytics.ts,29,"return http.get<unknown, Envelope<AbcResponse>>(`/space/floor/${floorId}/analytics/abc`, {"
cp6.web/src/api/space/analytics.ts,34,"return http.get<unknown, Envelope<ControlTower>>(`/space/site/${siteId}/control-tower`)"
cp6.web/src/api/space/codeRule.ts,58,"const res = await http.get<unknown, Envelope<RawRuleEntity[]>>('/space/code-rule')"
cp6.web/src/api/space/codeRule.ts,63,"return http.post<unknown, Envelope<{ id: string }>>('/space/code-rule', d)"
cp6.web/src/api/space/codeRule.ts,66,"return http.put<unknown, Envelope<unknown>>("
cp6.web/src/api/space/codeRule.ts,72,"return http.delete<unknown, Envelope<unknown>>(`/space/code-rule/${encodeURIComponent(id)}`)"
cp6.web/src/api/space/codeRule.ts,76,"return http.post<unknown, Envelope<CodePreviewResp>>('/space/code-rule/preview', { segments })"
cp6.web/src/api/space/codeRule.ts,80,"return http.post<unknown, Envelope<string[]>>("
cp6.web/src/api/space/codeRule.ts,87,"return http.get<unknown, Envelope<CodePrecheckResp>>("
cp6.web/src/api/space/codeRule.ts,94,"return http.post<unknown, Envelope<{ code: string }>>("
cp6.web/src/api/space/connector.ts,7,"return http.get<unknown, Envelope<ConnectorVO[]>>(`/space/site/${siteId}/connector`)"
cp6.web/src/api/space/connector.ts,10,"return http.post<unknown, Envelope<{ id: string }>>(`/space/connector`, d)"
cp6.web/src/api/space/connector.ts,13,"return http.put<unknown, Envelope<null>>(`/space/connector/${id}`, d)"
cp6.web/src/api/space/connector.ts,16,"return http.put<unknown, Envelope<null>>(`/space/connector/${id}/stop`, s)"
cp6.web/src/api/space/connector.ts,19,"return http.delete<unknown, Envelope<null>>(`/space/connector/${id}/stop/${floorId}`)"
cp6.web/src/api/space/connector.ts,22,"return http.delete<unknown, Envelope<null>>(`/space/connector/${id}`)"
cp6.web/src/api/space/designCadMappingProfiles.ts,64,"return http.get<unknown, SpaceCadMappingProfileDetail[]>(root)"
cp6.web/src/api/space/designCadMappingProfiles.ts,67,"return http.get<unknown, SpaceCadMappingProfileDetail>("
cp6.web/src/api/space/designCadMappingProfiles.ts,73,"return http.post<unknown, SaveSpaceCadMappingProfileResponse>(root, request, {"
cp6.web/src/api/space/designCadParse.ts,300,"return http.get<unknown, SpaceCadSiteCapability>("
cp6.web/src/api/space/designCadParse.ts,309,"return http.post<unknown, UploadSpaceCadSourceResponse>("
cp6.web/src/api/space/designCadParse.ts,316,"return http.get<unknown, SpaceCadPreparationStatus>("
cp6.web/src/api/space/designCadParse.ts,322,"return http.get<unknown, SpaceCadMappingProfile[]>("
cp6.web/src/api/space/designCadParse.ts,341,"return http.post<unknown, PreviewSpaceCadPreparationResponse>("
cp6.web/src/api/space/designCadParse.ts,353,"return http.post<unknown, { jobId: string; status: string }>("
cp6.web/src/api/space/designCadParse.ts,361,"return http.get<unknown, SpaceCadParse>(url(versionId, sourceId, jobId))"
cp6.web/src/api/space/designCadParse.ts,365,"return http.get<unknown, SpaceCadReviewCandidateList>("
cp6.web/src/api/space/designCadParse.ts,372,"return http.get<unknown, CadReviewWorkspace>("
cp6.web/src/api/space/designCadParse.ts,392,"return http.post<unknown, IApplySpaceCadChangesetResponse>("
cp6.web/src/api/space/designCadParse.ts,399,"return http.post(`${url(versionId, sourceId, jobId)}:cancel`)"
cp6.web/src/api/space/designCadParse.ts,408,"return http.post<unknown, { jobId: string; status: string }>("
cp6.web/src/api/space/designCoding.ts,19,"return http.post<unknown, IPreviewSpaceLocationCodesResponse>("
cp6.web/src/api/space/designCoding.ts,48,"return http.post<unknown, IApplySpaceLocationCodesResponse>("
cp6.web/src/api/space/designElements.ts,164,"return http.post<unknown, IApplySpaceElementCommandBatchResponse>("
cp6.web/src/api/space/designExcelCadMatch.ts,30,"return http.post<unknown, IStartSpaceExcelCadMatchResponse>("
cp6.web/src/api/space/designExcelCadMatch.ts,42,"return http.get<unknown, ISpaceExcelCadMatchDto>("
cp6.web/src/api/space/designExcelCadMatch.ts,54,"return http.post<unknown, IConfirmSpaceExcelCadMatchResponse>("
cp6.web/src/api/space/designExcelCadMatch.ts,66,"return http.get<unknown, ISpaceExcelCadApplyDto>("
cp6.web/src/api/space/designExcelCadMatch.ts,79,"return http.post<unknown, ICompensateSpaceExcelCadApplyResponse>("
cp6.web/src/api/space/designExcelMapping.ts,111,"return http.get<unknown, SpaceExcelMappingProfile[]>(root)"
cp6.web/src/api/space/designExcelMapping.ts,114,"return http.get<unknown, SpaceExcelMappingProfile>("
cp6.web/src/api/space/designExcelMapping.ts,120,"return http.post<unknown, SpaceExcelMappingPreview>(`${root}/preview`, {"
cp6.web/src/api/space/designExcelMapping.ts,126,"return http.post<unknown, SaveSpaceExcelMappingProfileResponse>(root, request, {"
cp6.web/src/api/space/designExcelPreflight.ts,15,"return http.post<unknown, IUploadSpaceExcelSourceResponse>("
cp6.web/src/api/space/designExcelPreflight.ts,28,"return http.post<unknown, IStartSpaceExcelPreflightResponse>("
cp6.web/src/api/space/designExcelPreflight.ts,36,"return http.get<unknown, ISpaceExcelPreflightDto>("
cp6.web/src/api/space/designExcelPreflight.ts,43,"return http.get<unknown, Blob>("
cp6.web/src/api/space/designLayout.ts,84,"return http.post<unknown, IApplySpaceLayoutCommandBatchResponse>("
cp6.web/src/api/space/designLease.ts,26,"return http.get<unknown, SpaceEditLease>(url(versionId, floorLogicalId))"
cp6.web/src/api/space/designLease.ts,30,"return http.post<unknown, SpaceEditLease>(url(versionId, floorLogicalId), {"
cp6.web/src/api/space/designLease.ts,41,"return http.post<unknown, SpaceEditLease>("
cp6.web/src/api/space/designLease.ts,53,"return http.post<unknown, SpaceEditLease>("
cp6.web/src/api/space/designLease.ts,65,"return http.post<unknown, SpaceEditLease>("
cp6.web/src/api/space/designModelingTemplate.ts,10,"return http.get<unknown, Blob>("
cp6.web/src/api/space/designProject.ts,24,"return http.get<unknown, ISpaceModelDto>("
cp6.web/src/api/space/designProject.ts,30,"return http.get<unknown, ISpaceVersionDto>("
cp6.web/src/api/space/designProject.ts,36,"return http.get<unknown, ISpaceSceneFloorDto[]>("
cp6.web/src/api/space/designProject.ts,62,"return http.post<unknown, ICreateSpaceVersionResponse>("
cp6.web/src/api/space/designProject.ts,76,"return http.post<unknown, ICreateSpaceFloorResponse>("
cp6.web/src/api/space/designProject.ts,86,"return http.get<unknown, ISpaceWarehouseTemplateDto[]>("
cp6.web/src/api/space/designProject.ts,96,"return http.post<unknown, ICreateTenantSpaceWarehouseTemplateResponse>("
cp6.web/src/api/space/designProject.ts,107,"return http.post<unknown, ISpaceDraftWarehouseTemplatePreviewDto>("
cp6.web/src/api/space/designProject.ts,118,"return http.post<unknown, ICreateTenantSpaceWarehouseTemplateResponse>("
cp6.web/src/api/space/designProject.ts,126,"return http.post<unknown, ISpaceWarehouseTemplateInstantiationPreviewDto>("
cp6.web/src/api/space/designProject.ts,138,"return http.post<unknown, IApplySpaceWarehouseTemplateFloorResponse>("
cp6.web/src/api/space/designPublishedScene.ts,12,"return http.get<unknown, ISpacePublishedViewerSceneDto>("
cp6.web/src/api/space/designSources.ts,44,"return http.get<unknown, { items: SpaceDesignSource[]; nextCursor?: string }>("
cp6.web/src/api/space/designSources.ts,51,"return http.get<unknown, SpaceSourceRemovalPreview>("
cp6.web/src/api/space/designSources.ts,65,"return http.post<unknown, RemoveSpaceSourceResponse>("
cp6.web/src/api/space/designUnderlay.ts,49,"return http.get<unknown, ISpaceDesignSceneDto>("
cp6.web/src/api/space/designUnderlay.ts,58,"return http.post<unknown, IUploadSpaceUnderlayResponse>("
cp6.web/src/api/space/designUnderlay.ts,68,"return http.get<unknown, ISpaceFileDto>("
cp6.web/src/api/space/designUnderlay.ts,74,"return http.get<unknown, Blob>("
cp6.web/src/api/space/designUnderlay.ts,91,"return http.put<unknown, IAttachSpaceUnderlayResponse>("
cp6.web/src/api/space/designUnderlay.ts,107,"return http.get<unknown, ISpaceUnderlayCalibrationDto>("
cp6.web/src/api/space/designUnderlay.ts,121,"return http.post<unknown, ISaveSpaceUnderlayCalibrationResponse>("
cp6.web/src/api/space/designUnderlay.ts,138,"return http.post<unknown, ICompensateSpaceUnderlayResponse>("
cp6.web/src/api/space/designWmsAdoption.ts,34,"return http.post<unknown, IRefreshSpaceWmsAdoptionResponse>("
cp6.web/src/api/space/designWmsAdoption.ts,40,"return http.get<unknown, ISpacePageOfSpaceWmsAdoptionDto>("
cp6.web/src/api/space/designWmsAdoption.ts,52,"return http.post<unknown, ISpaceWmsAdoptionCommandResponse>("
cp6.web/src/api/space/designWmsAdoption.ts,62,"return http.post<unknown, ISpaceWmsAdoptionCommandResponse>("
cp6.web/src/api/space/designWmsAdoption.ts,73,"return http.post<unknown, ISpaceWmsAdoptionCommandResponse>("
cp6.web/src/api/space/floor.ts,6,"return http.get<unknown, Envelope<FloorVO[]>>(`/space/floor`, { params: { siteId } })"
cp6.web/src/api/space/floor.ts,11,"return http.post<unknown, Envelope<{ id: string }>>(`/space/floor`, d)"
cp6.web/src/api/space/floor.ts,14,"return http.put<unknown, Envelope<unknown>>(`/space/floor/${encodeURIComponent(id)}`, d)"
cp6.web/src/api/space/floor.ts,17,"return http.delete<unknown, Envelope<unknown>>(`/space/floor/${encodeURIComponent(id)}`)"
cp6.web/src/api/space/locate.ts,7,"return http.get<unknown, Envelope<LocationDetail>>(`/space/location/${id}/detail`)"
cp6.web/src/api/space/locate.ts,11,"return http.get<unknown, Envelope<LocateResult | null>>(`/space/location/locate`, {"
cp6.web/src/api/space/locate.ts,17,"return http.get<unknown, Envelope<LocateResult[]>>(`/space/location/search`, {"
cp6.web/src/api/space/planningScenario.ts,400,"return http.get<unknown, SpaceDesignModel>("
cp6.web/src/api/space/planningScenario.ts,405,"return http.get<unknown, SpacePlanningScenarioBranchList>("
cp6.web/src/api/space/planningScenario.ts,415,"return http.put<unknown, CreateSpacePlanningScenarioBranchResponse>("
cp6.web/src/api/space/planningScenario.ts,422,"return http.get<unknown, Blob>("
cp6.web/src/api/space/planningScenario.ts,440,"return http.get<unknown, SpacePlanningHistoricalDatasetList>("
cp6.web/src/api/space/planningScenario.ts,446,"return http.get<unknown, SpacePlanningHistoricalDataset>("
cp6.web/src/api/space/planningScenario.ts,456,"return http.put<unknown, CreateSpacePlanningHistoricalDatasetResponse>("
cp6.web/src/api/space/planningScenario.ts,470,"return http.get<unknown, SpacePlanningSimulationRunList>("
cp6.web/src/api/space/planningScenario.ts,476,"return http.get<unknown, SpacePlanningSimulationRun>("
cp6.web/src/api/space/planningScenario.ts,486,"return http.put<unknown, CreateSpacePlanningSimulationRunResponse>("
cp6.web/src/api/space/planningScenario.ts,499,"return http.get<unknown, SpacePlanningComparisonList>("
cp6.web/src/api/space/planningScenario.ts,505,"return http.get<unknown, SpacePlanningComparison>("
cp6.web/src/api/space/planningScenario.ts,514,"return http.put<unknown, CreateSpacePlanningComparisonResponse>("
cp6.web/src/api/space/planningScenario.ts,520,"return http.get<unknown, SpacePlanningDecisionList>("
cp6.web/src/api/space/planningScenario.ts,526,"return http.get<unknown, SpacePlanningDecision>("
cp6.web/src/api/space/planningScenario.ts,537,"return http.put<unknown, CreateSpacePlanningDecisionResponse>("
cp6.web/src/api/space/publish.ts,7,"return http.post<unknown, Envelope<{ published: number }>>("
cp6.web/src/api/space/publish.ts,14,"return http.put<unknown, Envelope<unknown>>("
cp6.web/src/api/space/publish.ts,20,"return http.post<unknown, Envelope<{ imported: number; skipped: string[] }>>("
cp6.web/src/api/space/publish.ts,27,"return http.get<unknown, Envelope<SpaceEventVO[]>>('/space/publish/events', {"
cp6.web/src/api/space/publishManagement.ts,61,"return http.get<unknown, ISpaceModelDto>(`${root}/sites/${siteId}/model`)"
cp6.web/src/api/space/publishManagement.ts,65,"return http.get<unknown, ISpacePageOfSpaceVersionDto>(`${root}/sites/${siteId}/versions`, {"
cp6.web/src/api/space/publishManagement.ts,71,"return http.get<unknown, SpacePublishActivityPage>(`${root}/sites/${siteId}/publish-attempts`, {"
cp6.web/src/api/space/publishManagement.ts,77,"return http.post<unknown, ICreateSpaceValidationResponse>("
cp6.web/src/api/space/publishManagement.ts,83,"return http.get<unknown, ISpaceValidationRunDto>(`${root}/validations/${validationId}`)"
cp6.web/src/api/space/publishManagement.ts,87,"return http.get<unknown, ISpacePublishPreviewDto>("
cp6.web/src/api/space/publishManagement.ts,94,"return http.post<unknown, ICreateSpacePublishAttemptResponse>("
cp6.web/src/api/space/publishManagement.ts,102,"return http.get<unknown, ISpacePublishAttemptDto>(`${root}/publish-attempts/${attemptId}`)"
cp6.web/src/api/space/publishManagement.ts,106,"return http.post<unknown, IRetrySpacePublishAttemptResponse>("
cp6.web/src/api/space/publishManagement.ts,118,"return http.post<unknown, IStartSpaceHistoricalRepublishResponse>("
cp6.web/src/api/space/publishManagement.ts,126,"return http.get<unknown, ISpaceHistoricalRepublishDto>(`${root}/republishes/${republishId}`)"
cp6.web/src/api/space/runtime.ts,33,"return http.put<unknown, GenerateSpaceDispatchRecommendationResponse>("
cp6.web/src/api/space/runtime.ts,40,"return http.get<unknown, SpaceDispatchRecommendation>("
cp6.web/src/api/space/runtime.ts,51,"return http.put<unknown, SubmitSpaceDispatchApprovalResponse>("
cp6.web/src/api/space/runtime.ts,63,"return http.get<unknown, SpaceDispatchApprovalRequest>("
cp6.web/src/api/space/runtime.ts,74,"return http.post<unknown, void>("
cp6.web/src/api/space/runtime.ts,85,"return http.get<unknown, SpaceDispatchExecution>("
cp6.web/src/api/space/runtime.ts,96,"return http.get<unknown, SpaceDispatchOutcomeEvaluation>("
cp6.web/src/api/space/runtime.ts,109,"return http.put<unknown, SpaceDispatchExecutionActionResponse>("
cp6.web/src/api/space/runtime.ts,124,"return http.put<unknown, SpaceDispatchExecutionActionResponse>("
cp6.web/src/api/space/runtime.ts,137,"return http.put<unknown, GenerateSpacePutawayRecommendationResponse>("
cp6.web/src/api/space/runtime.ts,144,"return http.get<unknown, SpacePutawayRecommendation>("
cp6.web/src/api/space/runtime.ts,151,"return http.get<unknown, SpaceOperationsDiagnosticResponse>("
cp6.web/src/api/space/runtime.ts,158,"return http.get<unknown, SpaceWarehouseOverviewResponse>("
cp6.web/src/api/space/runtime.ts,168,"return http.get<unknown, SpaceRuntimeInventoryResponse>("
cp6.web/src/api/space/runtime.ts,183,"return http.get<unknown, SpaceRuntimeInventoryLocateResponse>("
cp6.web/src/api/space/runtime.ts,191,"return http.get<unknown, SpaceRuntimeTaskPathResponse>("
cp6.web/src/api/space/runtime.ts,207,"return http.get<unknown, SpacePersonnelCurrentPage>("
cp6.web/src/api/space/runtime.ts,223,"return http.get<unknown, SpaceDeviceCurrentPage>("
cp6.web/src/api/space/runtime.ts,247,"return http.get<unknown, SpacePersonnelTrajectoryResponse>("
cp6.web/src/api/space/scene.ts,6,"return http.get<any, Envelope<EditorScene>>(`/space/floor/${floorId}/scene`)"
cp6.web/src/api/space/scene.ts,9,"return http.post<any, Envelope<{ idMap: Record<string, string> }>>(`/space/floor/${floorId}/scene`, dto)"
cp6.web/src/api/space/scene.ts,12,"return http.get<unknown, Envelope<SceneExport>>(`/space/floor/${floorId}/export`)"
cp6.web/src/api/space/scene.ts,15,"return http.post<any, Envelope<{ floorId: string }>>(`/space/site/${siteId}/import`, dto)"
cp6.web/src/api/space/scene.ts,18,"return http.post<any, Envelope<any>>(`/space/rack/${rackId}/bind-codes`, { pairs })"
cp6.web/src/api/space/scene.ts,21,"return http.get<any, Envelope<UnplacedLocationDto[]>>(`/space/location/unplaced`, { params: { floorId } })"
cp6.web/src/api/space/site.ts,6,"return http.get<unknown, Envelope<SiteVO[]>>(`/space/site`)"
cp6.web/src/api/space/site.ts,9,"return http.post<unknown, Envelope<{ id: string }>>(`/space/site`, d)"
cp6.web/src/api/space/site.ts,12,"return http.put<unknown, Envelope<unknown>>(`/space/site/${encodeURIComponent(id)}`, d)"
cp6.web/src/api/space/site.ts,15,"return http.delete<unknown, Envelope<unknown>>(`/space/site/${encodeURIComponent(id)}`)"
cp6.web/src/api/space/stock.ts,10,"return http.get<unknown, Envelope<FloorStockSnapshot>>(`/space/floor/${floorId}/stock`)"
cp6.web/src/api/space/stock.ts,23,"return http.get<unknown, Envelope<StockDelta>>(`/space/floor/${floorId}/stock/delta?${params.toString()}`)"
cp6.web/src/api/space/stock.ts,37,"return http.get<unknown, Envelope<SourcedItems<WmsLocationHit>>>(`/space/stock/locate`, { params })"
cp6.web/src/api/space/template.ts,6,"return http.get<any, Envelope<TemplateVO[]>>('/space/template')"
cp6.web/src/api/space/template.ts,9,"return http.get<any, Envelope<TemplateVO>>(`/space/template/${id}`)"
cp6.web/src/api/space/template.ts,12,"return http.post<any, Envelope<TemplateVO>>('/space/template', data)"
cp6.web/src/api/space/template.ts,15,"return http.put<any, Envelope<TemplateVO>>(`/space/template/${id}`, data)"
cp6.web/src/api/space/template.ts,18,"return http.delete<any, Envelope<void>>(`/space/template/${id}`)"
cp6.web/src/api/space/template.ts,21,"return http.post<any, Envelope<TemplateVO>>(`/space/template/${id}/clone`)"
cp6.web/src/api/space/zone.ts,7,"return http.get<unknown, Envelope<ZoneVO[]>>('/space/zone', { params: { floorId } })"
cp6.web/src/api/sys/auth.ts,8,"return http.post('/auth/login', data)"
cp6.web/src/api/sys/auth.ts,12,return http.post('/auth/logout')
cp6.web/src/api/sys/auth.ts,16,return http.post('/auth/refresh')
cp6.web/src/api/sys/auth.ts,20,"return http.post('/auth/change-password', data)"
cp6.web/src/api/sys/auth.ts,30,return http.get('/auth/profile')
cp6.web/src/api/sys/dashboard.ts,5,return http.get('/dashboard')
cp6.web/src/api/sys/dept.ts,7,const res: any = await http.get('/pub/dept/tree')
cp6.web/src/api/sys/dept.ts,11,"return http.post('/pub/dept', data)"
cp6.web/src/api/sys/dept.ts,14,"return http.put(`/pub/dept/${id}`, data)"
cp6.web/src/api/sys/dept.ts,17,return http.delete(`/pub/dept/${id}`)
cp6.web/src/api/sys/dept.ts,20,"return http.post(`/pub/dept/${id}/move`, { newParentId })"
cp6.web/src/api/sys/dept.ts,23,"return http.put(`/pub/dept/${id}/leader`, { leaderId })"
cp6.web/src/api/sys/dict.ts,6,"return http.get('/dict/types', { params })"
cp6.web/src/api/sys/dict.ts,9,"return http.post('/dict/types', data)"
cp6.web/src/api/sys/dict.ts,12,"return http.put('/dict/types', data)"
cp6.web/src/api/sys/dict.ts,15,"return http.delete('/dict/types', { data: ids })"
cp6.web/src/api/sys/dict.ts,22,"return http.get('/dict/data', { params })"
cp6.web/src/api/sys/dict.ts,25,"return http.post('/dict/data', data)"
cp6.web/src/api/sys/dict.ts,28,"return http.put('/dict/data', data)"
cp6.web/src/api/sys/dict.ts,31,"return http.delete('/dict/data', { data: ids })"
cp6.web/src/api/sys/dict.ts,37,return http.get(`/dict/options/${typeCode}`)
cp6.web/src/api/sys/fieldAudit.ts,17,"return http.get('/sys/field-audit', { params }) as unknown as Promise<{"
cp6.web/src/api/sys/fieldAudit.ts,28,"return http.get('/sys/field-audit/record', {"
cp6.web/src/api/sys/lang.ts,5,"return http.get('/lang', { params })"
cp6.web/src/api/sys/lang.ts,8,"return http.post('/lang', data)"
cp6.web/src/api/sys/lang.ts,11,"return http.put('/lang', data)"
cp6.web/src/api/sys/lang.ts,14,"return http.delete('/lang', { data: ids })"
cp6.web/src/api/sys/lang.ts,18,"return http.post('/lang/review', ids)"
cp6.web/src/api/sys/lang.ts,22,return http.post('/lang/publish')
cp6.web/src/api/sys/lang.ts,25,"return http.post('/lang/publish/rollback', { version })"
cp6.web/src/api/sys/lang.ts,28,return http.get('/lang/manifest')
cp6.web/src/api/sys/menu.ts,23,return http.get('/menu')
cp6.web/src/api/sys/menu.ts,26,"return http.post('/menu', data)"
cp6.web/src/api/sys/menu.ts,29,"return http.put('/menu', data)"
cp6.web/src/api/sys/menu.ts,32,"return http.put('/menu/tree', data)"
cp6.web/src/api/sys/menu.ts,35,"return http.delete('/menu', { data: ids })"
cp6.web/src/api/sys/operlog.ts,5,"return http.get('/operlog', { params })"
cp6.web/src/api/sys/role.ts,5,"return http.get('/role', { params })"
cp6.web/src/api/sys/role.ts,8,return http.get('/role/all')
cp6.web/src/api/sys/role.ts,11,"return http.post('/role', data)"
cp6.web/src/api/sys/role.ts,14,"return http.put('/role', data)"
cp6.web/src/api/sys/role.ts,17,"return http.delete('/role', { data: ids })"
cp6.web/src/api/sys/role.ts,20,return http.get(`/role/${roleId}/menus`)
cp6.web/src/api/sys/role.ts,23,"return http.post(`/role/${roleId}/menus`, menuIds)"
cp6.web/src/api/sys/rolePerm.ts,11,const res: any = await http.get(`/pub/role-perm/menu-action/${menuId}`)
cp6.web/src/api/sys/rolePerm.ts,15,const res: any = await http.get('/pub/role-perm/menu-action/all')
cp6.web/src/api/sys/rolePerm.ts,19,"return http.put(`/pub/role-perm/menu-action/${menuId}`, actions)"
cp6.web/src/api/sys/rolePerm.ts,22,const res: any = await http.get(`/pub/role-perm/${roleId}`)
cp6.web/src/api/sys/rolePerm.ts,26,"return http.put(`/pub/role-perm/${roleId}`, dto)"
cp6.web/src/api/sys/rolePerm.ts,29,const res: any = await http.get('/pub/role-perm/my-actions')
cp6.web/src/api/sys/rolePerm.ts,35,const res: any = await http.get('/pub/role-perm/data-scope/resources')
cp6.web/src/api/sys/rolePerm.ts,39,const res: any = await http.get(`/pub/role-perm/data-scope/${roleId}`)
cp6.web/src/api/sys/rolePerm.ts,43,"return http.put(`/pub/role-perm/data-scope/${roleId}`, items)"
cp6.web/src/api/sys/rolePerm.ts,48,const res: any = await http.get('/pub/role-perm/field-perm/resources')
cp6.web/src/api/sys/rolePerm.ts,52,const res: any = await http.get(`/pub/role-perm/field-perm/${roleId}`)
cp6.web/src/api/sys/rolePerm.ts,56,"return http.put(`/pub/role-perm/field-perm/${roleId}`, items)"
cp6.web/src/api/sys/rolePerm.ts,59,const res: any = await http.get(`/pub/role-perm/my-readonly/${resourceKey}`)
cp6.web/src/api/sys/securityLog.ts,15,"return http.get('/sys/security-log', { params }) as unknown as Promise<{ rows: SecurityLogRow[]; total: number }>"
cp6.web/src/api/sys/sso.ts,8,"return http.get('/auth/sso/authorize', { params: { tenantCode, returnUrl } }) as Promise<{ authorizeUrl: string }>"
cp6.web/src/api/sys/sso.ts,12,return http.get('/sys/sso-config') as Promise<SsoConfig>
cp6.web/src/api/sys/sso.ts,16,"return http.put('/sys/sso-config', input)"
cp6.web/src/api/sys/twoFactor.ts,18,return http.post('/auth/2fa/setup') as Promise<TwoFactorSetupResult>
cp6.web/src/api/sys/twoFactor.ts,22,"return http.post('/auth/2fa/enroll', data)"
cp6.web/src/api/sys/twoFactor.ts,26,"return http.post('/auth/2fa/verify', data)"
cp6.web/src/api/sys/twoFactor.ts,30,return http.post('/auth/2fa/email-otp')
cp6.web/src/api/sys/twoFactor.ts,36,return http.get('/auth/2fa/status') as Promise<TwoFactorStatus>
cp6.web/src/api/sys/twoFactor.ts,40,return http.post('/auth/2fa/setup-self') as Promise<TwoFactorSetupResult>
cp6.web/src/api/sys/twoFactor.ts,44,"return http.post('/auth/2fa/enroll-self', data)"
cp6.web/src/api/sys/twoFactor.ts,48,"return http.post('/auth/2fa/disable-self', data)"
cp6.web/src/api/sys/twoFactor.ts,52,return http.post('/auth/2fa/email-otp-self')
cp6.web/src/api/sys/twoFactor.ts,58,return http.get('/sys/two-factor-policy') as Promise<TwoFactorPolicy>
cp6.web/src/api/sys/twoFactor.ts,62,"return http.put('/sys/two-factor-policy', data)"
cp6.web/src/api/sys/user.ts,5,"return http.get('/user', { params })"
cp6.web/src/api/sys/user.ts,8,"return http.post('/user', data)"
cp6.web/src/api/sys/user.ts,11,"return http.put('/user', data)"
cp6.web/src/api/sys/user.ts,14,"return http.delete('/user', { data: ids })"
cp6.web/src/api/sys/userRole.ts,6,const res: any = await http.get(`/pub/user-role/${userId}`)
cp6.web/src/api/sys/userRole.ts,10,"return http.put(`/pub/user-role/${userId}`, { roleIds, primaryRoleId })"
cp6.web/src/api/sys/userRole.ts,13,return http.post('/pub/user-role/migrate')
cp6.web/src/api/wf/flow.ts,7,"return http.post('/wf/flow/def', data)"
cp6.web/src/api/wf/flow.ts,10,return http.get(`/wf/flow/def/${flowKey}`)
cp6.web/src/api/wf/flow.ts,13,return http.get(`/oa/flow-defs/${encodeURIComponent(flowKey)}/draft`)
cp6.web/src/api/wf/flow.ts,16,"return http.put(`/oa/flow-defs/${encodeURIComponent(flowKey)}/draft`, data)"
cp6.web/src/api/wf/flow.ts,19,"return http.post(`/oa/flow-defs/${encodeURIComponent(flowKey)}/publish`, { rowVersion })"
cp6.web/src/api/wf/flow.ts,24,"return http.post('/wf/flow/submit', data)"
cp6.web/src/api/wf/flow.ts,27,"return http.post(`/wf/task/${taskId}/act`, data)"
cp6.web/src/api/wf/flow.ts,32,return http.get(`/wf/flow/instance/${id}`)
cp6.web/src/api/wf/flow.ts,37,return http.get('/wf/my-todos')
cp6.web/src/api/wf/flow.ts,40,return http.get('/wf/my-applications')
cp6.web/src/api/wf/flow.ts,43,return http.post(`/wf/flow/${instanceId}/withdraw`)
cp6.web/src/api/wf/form.ts,6,"return http.post('/wf/form/def', data)"
cp6.web/src/api/wf/form.ts,9,return http.get(`/wf/form/def/${formKey}`)
cp6.web/src/api/wf/form.ts,12,return http.get(`/oa/form-defs/${encodeURIComponent(formKey)}/draft`)
cp6.web/src/api/wf/form.ts,15,"return http.put(`/oa/form-defs/${encodeURIComponent(formKey)}/draft`, data)"
cp6.web/src/api/wf/form.ts,18,"return http.post(`/oa/form-defs/${encodeURIComponent(formKey)}/publish`, { rowVersion })"
cp6.web/src/api/wf/form.ts,21,"return http.post('/wf/form/data', data)"
cp6.web/src/api/wf/form.ts,24,return http.post(
cp6.web/src/api/wms/bridgeHealth.ts,6,"return http.get<any, WmsApi<BridgeHealthMetrics>>('/bridge-health/metrics')"
cp6.web/src/api/wms/bridgeHealth.ts,10,"return http.post<any, WmsApi<{ eventId: string; status: string }>>("
cp6.web/src/api/wms/connectivity.ts,13,"return http.get<any, WmsApi<WcsTask[]>>('/wms/wcs-task', { params: q })"
cp6.web/src/api/wms/connectivity.ts,16,"return http.get<any, WmsApi<WcsTask>>(`/wms/wcs-task/${encodeURIComponent(no)}`)"
cp6.web/src/api/wms/connectivity.ts,19,"return http.post<any, WmsApi<{ taskNo: string }>>('/wms/wcs-task', dto)"
cp6.web/src/api/wms/connectivity.ts,22,"return http.post<any, WmsApi<void>>(`/wms/wcs-task/${encodeURIComponent(no)}/dispatch`, { deviceCd })"
cp6.web/src/api/wms/connectivity.ts,25,"return http.post<any, WmsApi<void>>(`/wms/wcs-task/${encodeURIComponent(no)}/start`)"
cp6.web/src/api/wms/connectivity.ts,28,"return http.post<any, WmsApi<void>>(`/wms/wcs-task/${encodeURIComponent(no)}/complete`)"
cp6.web/src/api/wms/connectivity.ts,31,"return http.post<any, WmsApi<void>>(`/wms/wcs-task/${encodeURIComponent(no)}/fail`, { errorMessage })"
cp6.web/src/api/wms/connectivity.ts,34,"return http.delete<any, WmsApi<void>>(`/wms/wcs-task/${encodeURIComponent(no)}`)"
cp6.web/src/api/wms/connectivity.ts,42,"return http.get<any, WmsApi<CarrierShipment[]>>('/wms/carrier', { params: q })"
cp6.web/src/api/wms/connectivity.ts,45,"return http.get<any, WmsApi<CarrierShipment>>(`/wms/carrier/${encodeURIComponent(no)}`)"
cp6.web/src/api/wms/connectivity.ts,48,"return http.post<any, WmsApi<{ shipmentNo: string }>>('/wms/carrier', dto)"
cp6.web/src/api/wms/connectivity.ts,51,"return http.post<any, WmsApi<void>>(`/wms/carrier/${encodeURIComponent(no)}/event`, evt)"
cp6.web/src/api/wms/connectivity.ts,54,"return http.post<any, WmsApi<void>>(`/wms/carrier/${encodeURIComponent(no)}/pickup`)"
cp6.web/src/api/wms/connectivity.ts,57,"return http.post<any, WmsApi<void>>(`/wms/carrier/${encodeURIComponent(no)}/in-transit`)"
cp6.web/src/api/wms/connectivity.ts,60,"return http.post<any, WmsApi<void>>(`/wms/carrier/${encodeURIComponent(no)}/delivered`)"
cp6.web/src/api/wms/connectivity.ts,63,"return http.post<any, WmsApi<void>>(`/wms/carrier/${encodeURIComponent(no)}/fail`, { reason })"
cp6.web/src/api/wms/connectivity.ts,71,"return http.get<any, WmsApi<IotSensor[]>>('/wms/iot/sensors', { params: { warehouseCd, sensorType } })"
cp6.web/src/api/wms/connectivity.ts,74,"return http.get<any, WmsApi<IotSensor>>(`/wms/iot/sensors/${encodeURIComponent(id)}`)"
cp6.web/src/api/wms/connectivity.ts,77,"return http.post<any, WmsApi<{ sensorId: string }>>('/wms/iot/sensors', dto)"
cp6.web/src/api/wms/connectivity.ts,80,"return http.put<any, WmsApi<void>>(`/wms/iot/sensors/${encodeURIComponent(id)}`, dto)"
cp6.web/src/api/wms/connectivity.ts,83,"return http.delete<any, WmsApi<void>>(`/wms/iot/sensors/${encodeURIComponent(id)}`)"
cp6.web/src/api/wms/connectivity.ts,86,"return http.get<any, WmsApi<IotSensorReading[]>>(`/wms/iot/sensors/${encodeURIComponent(id)}/readings`, { params: { from, to, limit } })"
cp6.web/src/api/wms/connectivity.ts,89,"return http.post<any, WmsApi<void>>(`/wms/iot/sensors/${encodeURIComponent(id)}/readings`, { value, readAt })"
cp6.web/src/api/wms/connectivity.ts,92,"return http.post<any, WmsApi<{ generated: number }>>('/wms/iot/simulate', null, { params: { count } })"
cp6.web/src/api/wms/connectivity.ts,95,"return http.get<any, WmsApi<IotAlert[]>>('/wms/iot/alerts')"
cp6.web/src/api/wms/expiry.ts,6,"return http.get<any, WmsApi<ExpiryStock[]>>('/wms/expiry/expiring', { params: { days, warehouseCd } })"
cp6.web/src/api/wms/expiry.ts,9,"return http.post<any, WmsApi<{ disposed: number }>>('/wms/expiry/dispose', req)"
cp6.web/src/api/wms/inboundOrder.ts,7,"return http.get<any, WmsApi<InboundOrder[]>>('/wms/inbound-order', { params: query })"
cp6.web/src/api/wms/inboundOrder.ts,12,"return http.get<any, WmsApi<InboundOrder>>(`/wms/inbound-order/${encodeURIComponent(no)}`)"
cp6.web/src/api/wms/inboundOrder.ts,17,"return http.post<any, WmsApi<{ inboundNo: string }>>('/wms/inbound-order', dto)"
cp6.web/src/api/wms/inboundOrder.ts,22,"return http.put<any, WmsApi<void>>(`/wms/inbound-order/${encodeURIComponent(no)}`, dto)"
cp6.web/src/api/wms/inboundOrder.ts,27,"return http.delete<any, WmsApi<void>>(`/wms/inbound-order/${encodeURIComponent(no)}`)"
cp6.web/src/api/wms/inboundOrder.ts,32,"return http.post<any, WmsApi<void>>(`/wms/inbound-order/${encodeURIComponent(no)}/confirm`)"
cp6.web/src/api/wms/inboundOrder.ts,37,"return http.post<any, WmsApi<void>>(`/wms/inbound-order/${encodeURIComponent(no)}/cancel`)"
cp6.web/src/api/wms/inboundReceipt.ts,6,"return http.get<any, WmsApi<InboundReceipt[]>>('/wms/inbound-receipt', { params: query })"
cp6.web/src/api/wms/inboundReceipt.ts,10,"return http.get<any, WmsApi<InboundReceipt>>(`/wms/inbound-receipt/${encodeURIComponent(no)}`)"
cp6.web/src/api/wms/inboundReceipt.ts,15,"return http.post<any, WmsApi<{ receiptNo: string }>>('/wms/inbound-receipt', dto)"
cp6.web/src/api/wms/kitting.ts,6,"return http.get<any, WmsApi<KitMaster[]>>('/wms/kit/masters', { params: { keyword } })"
cp6.web/src/api/wms/kitting.ts,9,"return http.get<any, WmsApi<KitMaster>>(`/wms/kit/masters/${encodeURIComponent(kitSku)}`)"
cp6.web/src/api/wms/kitting.ts,12,"return http.post<any, WmsApi<void>>('/wms/kit/masters', dto)"
cp6.web/src/api/wms/kitting.ts,15,"return http.put<any, WmsApi<void>>(`/wms/kit/masters/${encodeURIComponent(kitSku)}`, dto)"
cp6.web/src/api/wms/kitting.ts,18,"return http.delete<any, WmsApi<void>>(`/wms/kit/masters/${encodeURIComponent(kitSku)}`)"
cp6.web/src/api/wms/kitting.ts,22,"return http.get<any, WmsApi<KitOrder[]>>('/wms/kit/orders', { params: query })"
cp6.web/src/api/wms/kitting.ts,25,"return http.get<any, WmsApi<KitOrder>>(`/wms/kit/orders/${encodeURIComponent(no)}`)"
cp6.web/src/api/wms/kitting.ts,28,"return http.post<any, WmsApi<{ kitOrderNo: string }>>('/wms/kit/orders', dto)"
cp6.web/src/api/wms/kitting.ts,31,"return http.post<any, WmsApi<void>>(`/wms/kit/orders/${encodeURIComponent(no)}/execute`)"
cp6.web/src/api/wms/kitting.ts,34,"return http.post<any, WmsApi<void>>(`/wms/kit/orders/${encodeURIComponent(no)}/cancel`)"
cp6.web/src/api/wms/logistics.ts,10,"return http.get<any, WmsApi<CrossDockOrder[]>>('/wms/cross-dock', { params: q })"
cp6.web/src/api/wms/logistics.ts,13,"return http.get<any, WmsApi<CrossDockOrder>>(`/wms/cross-dock/${encodeURIComponent(no)}`)"
cp6.web/src/api/wms/logistics.ts,16,"return http.post<any, WmsApi<{ xdockNo: string }>>('/wms/cross-dock', dto)"
cp6.web/src/api/wms/logistics.ts,19,"return http.post<any, WmsApi<void>>(`/wms/cross-dock/${encodeURIComponent(no)}/execute`)"
cp6.web/src/api/wms/logistics.ts,22,"return http.post<any, WmsApi<void>>(`/wms/cross-dock/${encodeURIComponent(no)}/cancel`)"
cp6.web/src/api/wms/logistics.ts,28,"return http.get<any, WmsApi<ReplenishOrder[]>>('/wms/replenish', { params: q })"
cp6.web/src/api/wms/logistics.ts,31,"return http.get<any, WmsApi<ReplenishOrder>>(`/wms/replenish/${encodeURIComponent(no)}`)"
cp6.web/src/api/wms/logistics.ts,34,"return http.post<any, WmsApi<{ replenishNo: string }>>('/wms/replenish', dto)"
cp6.web/src/api/wms/logistics.ts,37,"return http.put<any, WmsApi<void>>(`/wms/replenish/${encodeURIComponent(no)}`, dto)"
cp6.web/src/api/wms/logistics.ts,40,"return http.post<any, WmsApi<{ generated: number }>>('/wms/replenish/generate-batch', { warehouseCd, minQty })"
cp6.web/src/api/wms/logistics.ts,43,"return http.post<any, WmsApi<{ taskNo: string }>>(`/wms/replenish/${encodeURIComponent(no)}/execute`)"
cp6.web/src/api/wms/logistics.ts,46,"return http.post<any, WmsApi<void>>(`/wms/replenish/${encodeURIComponent(no)}/cancel`)"
cp6.web/src/api/wms/logistics.ts,52,"return http.get<any, WmsApi<SlottingPlan[]>>('/wms/slotting', { params: { warehouseCd, status } })"
cp6.web/src/api/wms/logistics.ts,55,"return http.get<any, WmsApi<SlottingPlanResult>>(`/wms/slotting/${encodeURIComponent(no)}`)"
cp6.web/src/api/wms/logistics.ts,58,"return http.post<any, WmsApi<{ slottingPlanNo: string }>>('/wms/slotting/analyze', { warehouseCd, analysisDays })"
cp6.web/src/api/wms/logistics.ts,61,"return http.post<any, WmsApi<{ generated: number }>>(`/wms/slotting/${encodeURIComponent(no)}/approve`)"
cp6.web/src/api/wms/logistics.ts,64,"return http.post<any, WmsApi<void>>(`/wms/slotting/${encodeURIComponent(no)}/cancel`)"
cp6.web/src/api/wms/lotTrace.ts,6,"return http.get<any, WmsApi<LotTraceResult>>('/wms/lot-trace/forward', { params: { productCd, lotNo } })"
cp6.web/src/api/wms/lotTrace.ts,9,"return http.get<any, WmsApi<LotTraceResult>>('/wms/lot-trace/backward', { params: { productCd, lotNo } })"
cp6.web/src/api/wms/lotTrace.ts,12,"return http.get<any, WmsApi<LotStockSummary>>('/wms/lot-trace/summary', { params: { productCd, lotNo } })"
cp6.web/src/api/wms/lotTrace.ts,15,"return http.post<any, WmsApi<{ affectedStocks: number }>>('/wms/lot-trace/recall', { productCd, lotNo, flag })"
cp6.web/src/api/wms/materialShortage.ts,12,"return http.get<any, WmsApi<MaterialShortagePaged>>('/wms/material-shortage', {"
cp6.web/src/api/wms/materialShortage.ts,18,"return http.post<any, WmsApi<MaterialShortage>>("
cp6.web/src/api/wms/materialShortage.ts,25,"return http.post<any, WmsApi<MaterialShortage>>("
cp6.web/src/api/wms/mobile.ts,12,"return http.get<any, PagedResult<MobileTask>>('/v2/wms/tasks', { params: q })"
cp6.web/src/api/wms/mobile.ts,15,"return http.get<any, MobileTask>(`/v2/wms/tasks/${encodeURIComponent(no)}`)"
cp6.web/src/api/wms/mobile.ts,18,"return http.get<any, MobileTaskEvent[]>(`/v2/wms/tasks/${encodeURIComponent(no)}/events`)"
cp6.web/src/api/wms/mobile.ts,21,"return http.post<any, MobileTask>('/v2/wms/tasks', withOperation(dto))"
cp6.web/src/api/wms/mobile.ts,24,"return http.post<any, MobileTask>(`/v2/wms/tasks/${encodeURIComponent(no)}/assign`, withOperation(request))"
cp6.web/src/api/wms/mobile.ts,48,"return http.post<any, MobileTask>("
cp6.web/src/api/wms/mobile.ts,56,"return http.post<any, MobileTask>("
cp6.web/src/api/wms/outboundOrder.ts,8,"return http.get<any, WmsApi<OutboundOrder[]>>('/wms/outbound-order', { params: query })"
cp6.web/src/api/wms/outboundOrder.ts,11,"return http.get<any, WmsApi<OutboundOrder>>(`/wms/outbound-order/${encodeURIComponent(no)}`)"
cp6.web/src/api/wms/outboundOrder.ts,14,"return http.post<any, WmsApi<{ outboundNo: string }>>('/wms/outbound-order', dto)"
cp6.web/src/api/wms/outboundOrder.ts,17,"return http.put<any, WmsApi<void>>(`/wms/outbound-order/${encodeURIComponent(no)}`, dto)"
cp6.web/src/api/wms/outboundOrder.ts,20,"return http.delete<any, WmsApi<void>>(`/wms/outbound-order/${encodeURIComponent(no)}`)"
cp6.web/src/api/wms/outboundOrder.ts,23,"return http.post<any, WmsApi<void>>(`/wms/outbound-order/${encodeURIComponent(no)}/confirm`)"
cp6.web/src/api/wms/outboundOrder.ts,26,"return http.post<any, WmsApi<void>>(`/wms/outbound-order/${encodeURIComponent(no)}/cancel`)"
cp6.web/src/api/wms/outboundOrder.ts,30,"return http.post<any, WmsApi<void>>(`/wms/outbound-order/${encodeURIComponent(no)}/allocate`)"
cp6.web/src/api/wms/outboundOrder.ts,34,"return http.post<any, WmsApi<void>>(`/wms/outbound-order/${encodeURIComponent(no)}/start-picking`)"
cp6.web/src/api/wms/outboundOrder.ts,38,"return http.post<any, WmsApi<{ packageNo: string | null }>>("
cp6.web/src/api/wms/outboundOrder.ts,43,"return http.post<any, WmsApi<{ outboundNo: string }>>("
cp6.web/src/api/wms/outboundOrder.ts,48,"return http.post<any, WmsApi<{ outboundNo: string }>>("
cp6.web/src/api/wms/outboundRouting.ts,6,"return http.get<any, WmsApi<OutboundRoutingRule[]>>('/wms/outbound-routing', {"
cp6.web/src/api/wms/outboundRouting.ts,12,"return http.get<any, WmsApi<string[]>>('/wms/outbound-routing/preview', { params })"
cp6.web/src/api/wms/outboundRouting.ts,16,"return http.post<any, WmsApi<OutboundRoutingRule>>('/wms/outbound-routing', rule)"
cp6.web/src/api/wms/outboundRouting.ts,20,"return http.put<any, WmsApi<unknown>>(`/wms/outbound-routing/${encodeURIComponent(id)}`, rule)"
cp6.web/src/api/wms/outboundRouting.ts,24,"return http.delete<any, WmsApi<unknown>>(`/wms/outbound-routing/${encodeURIComponent(id)}`)"
cp6.web/src/api/wms/paperIndustry.ts,12,"return http.get<any, WmsApi<PaperRoll[]>>('/wms/paper-roll', { params: q })"
cp6.web/src/api/wms/paperIndustry.ts,15,"return http.get<any, WmsApi<PaperRoll>>(`/wms/paper-roll/${encodeURIComponent(no)}`)"
cp6.web/src/api/wms/paperIndustry.ts,18,"return http.post<any, WmsApi<{ rollNo: string }>>('/wms/paper-roll', dto)"
cp6.web/src/api/wms/paperIndustry.ts,21,"return http.post<any, WmsApi<void>>(`/wms/paper-roll/${encodeURIComponent(no)}/consume`, { lengthM })"
cp6.web/src/api/wms/paperIndustry.ts,24,"return http.get<any, WmsApi<PaperRoll[]>>('/wms/paper-roll/match', { params: { paperGrade, widthMm, grainDirection, requiredLengthM } })"
cp6.web/src/api/wms/paperIndustry.ts,27,"return http.post<any, WmsApi<{ createdRolls: string[] }>>('/wms/paper-roll/slit', req)"
cp6.web/src/api/wms/paperIndustry.ts,30,"return http.post<any, WmsApi<void>>(`/wms/paper-roll/${encodeURIComponent(no)}/dispose`)"
cp6.web/src/api/wms/paperIndustry.ts,36,"return http.get<any, WmsApi<InkLot[]>>('/wms/ink/lots', { params: q })"
cp6.web/src/api/wms/paperIndustry.ts,39,"return http.get<any, WmsApi<InkLot>>(`/wms/ink/lots/${encodeURIComponent(no)}`)"
cp6.web/src/api/wms/paperIndustry.ts,42,"return http.post<any, WmsApi<{ inkLotNo: string }>>('/wms/ink/lots', dto)"
cp6.web/src/api/wms/paperIndustry.ts,45,"return http.post<any, WmsApi<void>>(`/wms/ink/lots/${encodeURIComponent(no)}/open`, { newExpiryDate })"
cp6.web/src/api/wms/paperIndustry.ts,48,"return http.post<any, WmsApi<{ newLotNo: string }>>('/wms/ink/lots/mix', req)"
cp6.web/src/api/wms/paperIndustry.ts,51,"return http.get<any, WmsApi<InkColorMatchHistory[]>>('/wms/ink/matches', { params: { customerCd, colorCode } })"
cp6.web/src/api/wms/paperIndustry.ts,54,"return http.post<any, WmsApi<{ matchNo: string }>>('/wms/ink/matches', dto)"
cp6.web/src/api/wms/paperIndustry.ts,60,"return http.get<any, WmsApi<Pallet[]>>('/wms/pallet', { params: q })"
cp6.web/src/api/wms/paperIndustry.ts,63,"return http.get<any, WmsApi<Pallet>>(`/wms/pallet/${encodeURIComponent(no)}`)"
cp6.web/src/api/wms/paperIndustry.ts,66,"return http.post<any, WmsApi<{ palletNo: string }>>('/wms/pallet', dto)"
cp6.web/src/api/wms/paperIndustry.ts,69,"return http.put<any, WmsApi<void>>(`/wms/pallet/${encodeURIComponent(no)}`, dto)"
cp6.web/src/api/wms/paperIndustry.ts,72,"return http.post<any, WmsApi<void>>(`/wms/pallet/${encodeURIComponent(no)}/complete-building`)"
cp6.web/src/api/wms/paperIndustry.ts,75,"return http.post<any, WmsApi<void>>(`/wms/pallet/${encodeURIComponent(no)}/move-to-shipping`, { toLocationCd })"
cp6.web/src/api/wms/paperIndustry.ts,78,"return http.post<any, WmsApi<void>>(`/wms/pallet/${encodeURIComponent(no)}/mark-shipped`, { outboundNo })"
cp6.web/src/api/wms/paperIndustry.ts,81,"return http.delete<any, WmsApi<void>>(`/wms/pallet/${encodeURIComponent(no)}`)"
cp6.web/src/api/wms/paperIndustry.ts,87,"return http.get<any, WmsApi<VmiCustomerSummary[]>>('/wms/vmi/customers', { params: { customerCd } })"
cp6.web/src/api/wms/paperIndustry.ts,90,"return http.get<any, WmsApi<VmiStockDetail[]>>(`/wms/vmi/customers/${encodeURIComponent(customerCd)}/details`)"
cp6.web/src/api/wms/paperIndustry.ts,93,"return http.get<any, WmsApi<VmiBilling[]>>('/wms/vmi/billings', { params: { customerCd, yearMonth, confirmed } })"
cp6.web/src/api/wms/paperIndustry.ts,96,"return http.post<any, WmsApi<{ upserted: number }>>('/wms/vmi/billings/calculate', { yearMonth, dailyStorageRate })"
cp6.web/src/api/wms/paperIndustry.ts,99,"return http.post<any, WmsApi<void>>(`/wms/vmi/billings/${encodeURIComponent(billingNo)}/confirm`)"
cp6.web/src/api/wms/paperIndustry2.ts,11,"return http.get<any, WmsApi<RemnantMaterial[]>>('/wms/remnant', { params: q })"
cp6.web/src/api/wms/paperIndustry2.ts,14,"return http.get<any, WmsApi<RemnantMaterial>>(`/wms/remnant/${encodeURIComponent(no)}`)"
cp6.web/src/api/wms/paperIndustry2.ts,17,"return http.post<any, WmsApi<{ remnantNo: string }>>('/wms/remnant', dto)"
cp6.web/src/api/wms/paperIndustry2.ts,20,"return http.put<any, WmsApi<void>>(`/wms/remnant/${encodeURIComponent(no)}`, dto)"
cp6.web/src/api/wms/paperIndustry2.ts,23,"return http.get<any, WmsApi<RemnantMaterial[]>>('/wms/remnant/match', { params: { materialType, minWidthMm, minLengthMm } })"
cp6.web/src/api/wms/paperIndustry2.ts,26,"return http.post<any, WmsApi<void>>(`/wms/remnant/${encodeURIComponent(no)}/reserve`, { reservedFor })"
cp6.web/src/api/wms/paperIndustry2.ts,29,"return http.post<any, WmsApi<void>>(`/wms/remnant/${encodeURIComponent(no)}/unreserve`)"
cp6.web/src/api/wms/paperIndustry2.ts,32,"return http.post<any, WmsApi<void>>(`/wms/remnant/${encodeURIComponent(no)}/use`)"
cp6.web/src/api/wms/paperIndustry2.ts,35,"return http.post<any, WmsApi<void>>(`/wms/remnant/${encodeURIComponent(no)}/dispose`)"
cp6.web/src/api/wms/paperIndustry2.ts,38,"return http.delete<any, WmsApi<void>>(`/wms/remnant/${encodeURIComponent(no)}`)"
cp6.web/src/api/wms/paperIndustry2.ts,44,"return http.get<any, WmsApi<PlateMoldStock[]>>('/wms/plate-mold', { params: q })"
cp6.web/src/api/wms/paperIndustry2.ts,47,"return http.get<any, WmsApi<PlateMoldStock>>(`/wms/plate-mold/${encodeURIComponent(no)}`)"
cp6.web/src/api/wms/paperIndustry2.ts,50,"return http.post<any, WmsApi<{ plateNo: string }>>('/wms/plate-mold', dto)"
cp6.web/src/api/wms/paperIndustry2.ts,53,"return http.put<any, WmsApi<void>>(`/wms/plate-mold/${encodeURIComponent(no)}`, dto)"
cp6.web/src/api/wms/paperIndustry2.ts,56,"return http.post<any, WmsApi<void>>(`/wms/plate-mold/${encodeURIComponent(no)}/use`, { shots })"
cp6.web/src/api/wms/paperIndustry2.ts,59,"return http.post<any, WmsApi<void>>(`/wms/plate-mold/${encodeURIComponent(no)}/maintenance/start`, { nextMaintenanceDate })"
cp6.web/src/api/wms/paperIndustry2.ts,62,"return http.post<any, WmsApi<void>>(`/wms/plate-mold/${encodeURIComponent(no)}/maintenance/complete`)"
cp6.web/src/api/wms/paperIndustry2.ts,65,"return http.post<any, WmsApi<void>>(`/wms/plate-mold/${encodeURIComponent(no)}/discard`)"
cp6.web/src/api/wms/paperIndustry2.ts,68,"return http.get<any, WmsApi<PlateMoldStock[]>>('/wms/plate-mold/warnings', { params: { threshold } })"
cp6.web/src/api/wms/paperIndustry2.ts,71,"return http.delete<any, WmsApi<void>>(`/wms/plate-mold/${encodeURIComponent(no)}`)"
cp6.web/src/api/wms/paperIndustry2.ts,77,"return http.get<any, WmsApi<SampleStock[]>>('/wms/sample-stock', { params: q })"
cp6.web/src/api/wms/paperIndustry2.ts,80,"return http.get<any, WmsApi<SampleStock>>(`/wms/sample-stock/${encodeURIComponent(no)}`)"
cp6.web/src/api/wms/paperIndustry2.ts,83,"return http.post<any, WmsApi<{ sampleNo: string }>>('/wms/sample-stock', dto)"
cp6.web/src/api/wms/paperIndustry2.ts,86,"return http.put<any, WmsApi<void>>(`/wms/sample-stock/${encodeURIComponent(no)}`, dto)"
cp6.web/src/api/wms/paperIndustry2.ts,89,"return http.post<any, WmsApi<void>>(`/wms/sample-stock/${encodeURIComponent(no)}/lend`, { lentTo, expectedReturnDate })"
cp6.web/src/api/wms/paperIndustry2.ts,92,"return http.post<any, WmsApi<void>>(`/wms/sample-stock/${encodeURIComponent(no)}/return`)"
cp6.web/src/api/wms/paperIndustry2.ts,95,"return http.post<any, WmsApi<void>>(`/wms/sample-stock/${encodeURIComponent(no)}/expire`)"
cp6.web/src/api/wms/paperIndustry2.ts,98,"return http.get<any, WmsApi<SampleStock[]>>('/wms/sample-stock/overdue')"
cp6.web/src/api/wms/paperIndustry2.ts,101,"return http.delete<any, WmsApi<void>>(`/wms/sample-stock/${encodeURIComponent(no)}`)"
cp6.web/src/api/wms/production.ts,260,"return http.get<any, TaskAnalytics>('/v2/wms/task-analytics', { params })"
cp6.web/src/api/wms/production.ts,263,"return http.get<any, PagedResult<ClientDevice>>('/v2/admin/client-devices', { params })"
cp6.web/src/api/wms/production.ts,272,"return http.post<any, DeviceActivationTicket>('/v2/admin/client-devices', request)"
cp6.web/src/api/wms/production.ts,275,"return http.patch<any, ClientDevice>(`/v2/admin/client-devices/${encodeURIComponent(deviceId)}`, request)"
cp6.web/src/api/wms/production.ts,278,"return http.get<any, PagedResult<BarcodeAlias>>('/v2/wms/barcodes', { params })"
cp6.web/src/api/wms/production.ts,281,"return http.post<any, BarcodeAlias>('/v2/wms/barcodes', request)"
cp6.web/src/api/wms/production.ts,286,"return http.post<any, BarcodeImportResult>(`/v2/wms/barcodes/import?commit=${commit}`, data)"
cp6.web/src/api/wms/production.ts,289,"return http.get<any, BarcodeProfile[]>('/v2/wms/barcode-profiles')"
cp6.web/src/api/wms/production.ts,292,"return http.post<any, BarcodeProfile>('/v2/wms/barcode-profiles', request)"
cp6.web/src/api/wms/production.ts,295,"return http.post('/v2/wms/barcode-profiles/parse', { rawBarcode })"
cp6.web/src/api/wms/production.ts,298,"return http.get<any, PagedResult<StockSerial>>('/v2/wms/serials', { params })"
cp6.web/src/api/wms/production.ts,301,"return http.post('/v2/wms/serials', withOperation(request))"
cp6.web/src/api/wms/production.ts,304,"return http.post('/v2/wms/serials/enable-tracking', withOperation(request))"
cp6.web/src/api/wms/production.ts,307,"return http.get<any, PagedResult<LogisticsUnit>>('/v2/wms/lpns', { params })"
cp6.web/src/api/wms/production.ts,310,"return http.post<any, LogisticsUnit>('/v2/wms/lpns', withOperation(request))"
cp6.web/src/api/wms/production.ts,313,"return http.post<any, LogisticsUnit>("
cp6.web/src/api/wms/production.ts,319,"return http.get<any, PagedResult<LabelJob>>('/v2/wms/label-jobs', { params })"
cp6.web/src/api/wms/production.ts,322,"return http.post<any, LabelJob>('/v2/wms/label-jobs', { operationId: operationId(), ...request })"
cp6.web/src/api/wms/production.ts,325,"return http.get<any, LabelTemplate[]>('/v2/wms/label-jobs/templates')"
cp6.web/src/api/wms/production.ts,328,"return http.post<any, LabelTemplate>('/v2/wms/label-jobs/templates', request)"
cp6.web/src/api/wms/production.ts,331,"return http.get<any, WmsFeatureFlag[]>('/v2/admin/wms-features')"
cp6.web/src/api/wms/production.ts,334,"return http.get<any, WmsFeatureFlagChange[]>('/v2/admin/wms-feature-changes', { params })"
cp6.web/src/api/wms/production.ts,337,"return http.post<any, {"
cp6.web/src/api/wms/production.ts,345,return http.post(`/v2/admin/wms-feature-changes/${encodeURIComponent(changeId)}/cancel`)
cp6.web/src/api/wms/production.ts,348,"return http.get<any, WmsRoleScope[]>(`/v2/admin/wms-role-scopes/${roleId}`)"
cp6.web/src/api/wms/production.ts,351,"return http.put<any, WmsRoleScope[]>("
cp6.web/src/api/wms/qcInspection.ts,9,"return http.get<any, WmsApi<QcInspection[]>>('/wms/qc-inspection', { params: query })"
cp6.web/src/api/wms/qcInspection.ts,12,"return http.get<any, WmsApi<QcInspection>>(`/wms/qc-inspection/${encodeURIComponent(no)}`)"
cp6.web/src/api/wms/qcInspection.ts,15,"return http.post<any, WmsApi<{ inspectionNo: string }>>(`/wms/qc-inspection/from-inbound/${encodeURIComponent(inboundNo)}`)"
cp6.web/src/api/wms/qcInspection.ts,18,"return http.post<any, WmsApi<{ inspectionNo: string }>>('/wms/qc-inspection', dto)"
cp6.web/src/api/wms/qcInspection.ts,21,"return http.put<any, WmsApi<void>>(`/wms/qc-inspection/${encodeURIComponent(no)}/items`, items)"
cp6.web/src/api/wms/qcInspection.ts,24,"return http.post<any, WmsApi<QcJudgeResult>>(`/wms/qc-inspection/${encodeURIComponent(no)}/judge`, req)"
cp6.web/src/api/wms/qcInspection.ts,27,"return http.post<any, WmsApi<void>>(`/wms/qc-inspection/${encodeURIComponent(no)}/cancel`)"
cp6.web/src/api/wms/reportCenter.ts,10,"return http.get<any, WmsApi<MonthlyStockReportRow[]>>('/wms/report-center/monthly-stock', { params: { yearMonth, warehouseCd } })"
cp6.web/src/api/wms/reportCenter.ts,13,"return http.get<any, WmsApi<AbcAnalysisRow[]>>('/wms/report-center/abc-analysis', { params: { analysisDays, warehouseCd } })"
cp6.web/src/api/wms/reportCenter.ts,16,"return http.get<any, WmsApi<DeadStockRow[]>>('/wms/report-center/dead-stock', { params: { idleDays, warehouseCd } })"
cp6.web/src/api/wms/reportCenter.ts,19,"return http.get<any, WmsApi<InboundHistoryRow[]>>('/wms/report-center/inbound-history', { params: { fromDate, toDate, warehouseCd, productCd } })"
cp6.web/src/api/wms/reportCenter.ts,22,"return http.get<any, WmsApi<OutboundHistoryRow[]>>('/wms/report-center/outbound-history', { params: { fromDate, toDate, warehouseCd, productCd } })"
cp6.web/src/api/wms/reportCenter.ts,27,"const blob = await http.get(path, { params, responseType: 'blob' }) as any"
cp6.web/src/api/wms/rma.ts,6,"return http.get<any, WmsApi<RmaHeader[]>>('/wms/rma', { params: query })"
cp6.web/src/api/wms/rma.ts,9,"return http.get<any, WmsApi<RmaHeader>>(`/wms/rma/${encodeURIComponent(no)}`)"
cp6.web/src/api/wms/rma.ts,12,"return http.post<any, WmsApi<{ rmaNo: string }>>('/wms/rma', dto)"
cp6.web/src/api/wms/rma.ts,15,"return http.post<any, WmsApi<void>>(`/wms/rma/${encodeURIComponent(no)}/receive`)"
cp6.web/src/api/wms/rma.ts,18,"return http.post<any, WmsApi<void>>(`/wms/rma/${encodeURIComponent(no)}/start-inspection`)"
cp6.web/src/api/wms/rma.ts,21,"return http.post<any, WmsApi<void>>(`/wms/rma/${encodeURIComponent(no)}/judge`, inputs)"
cp6.web/src/api/wms/rma.ts,24,"return http.post<any, WmsApi<void>>(`/wms/rma/${encodeURIComponent(no)}/close`)"
cp6.web/src/api/wms/rma.ts,27,"return http.post<any, WmsApi<void>>(`/wms/rma/${encodeURIComponent(no)}/cancel`)"
cp6.web/src/api/wms/stock.ts,15,"return http.get<any, WmsApi<WmsPaged<Stock>>>('/wms/stock', { params: query })"
cp6.web/src/api/wms/stock.ts,20,"return http.get<any, WmsApi<{ stock: Stock; transactions: StockTransaction[] }>>("
cp6.web/src/api/wms/stock.ts,28,"return http.post<any, WmsApi<{ txnNo: string }>>('/wms/stock/apply', req)"
cp6.web/src/api/wms/stock.ts,33,"return http.post<any, WmsApi<{ outTxnNo: string; inTxnNo: string }>>('/wms/stock/move', req)"
cp6.web/src/api/wms/stock.ts,46,"return http.get<any, WmsApi<WmsPaged<StockTransaction>>>('/wms/stock/transactions', {"
cp6.web/src/api/wms/stock.ts,54,"return http.post<any, WmsApi<{ stockId: string; qcStatus: string }>>("
cp6.web/src/api/wms/stock.ts,62,"return http.post<any, WmsApi<{ workOrderNo: string; affected: number }>>("
cp6.web/src/api/wms/stockDwell.ts,7,"return http.post<any, WmsApi<StockDwellSummary>>('/wms/stock-dwell/summary', query)"
cp6.web/src/api/wms/stockTake.ts,8,"return http.get<any, WmsApi<StockTake[]>>('/wms/stock-take', { params: q })"
cp6.web/src/api/wms/stockTake.ts,11,"return http.get<any, WmsApi<StockTake>>(`/wms/stock-take/${encodeURIComponent(no)}`)"
cp6.web/src/api/wms/stockTake.ts,14,"return http.post<any, WmsApi<{ stockTakeNo: string }>>('/wms/stock-take/plan', req)"
cp6.web/src/api/wms/stockTake.ts,17,"return http.post<any, WmsApi<void>>(`/wms/stock-take/${encodeURIComponent(no)}/start-count`)"
cp6.web/src/api/wms/stockTake.ts,20,"return http.put<any, WmsApi<void>>(`/wms/stock-take/${encodeURIComponent(no)}/counts`, inputs)"
cp6.web/src/api/wms/stockTake.ts,23,"return http.post<any, WmsApi<void>>(`/wms/stock-take/${encodeURIComponent(no)}/submit`)"
cp6.web/src/api/wms/stockTake.ts,26,"return http.post<any, WmsApi<void>>(`/wms/stock-take/${encodeURIComponent(no)}/approve`)"
cp6.web/src/api/wms/stockTake.ts,29,"return http.post<any, WmsApi<void>>(`/wms/stock-take/${encodeURIComponent(no)}/cancel`)"
cp6.web/src/api/wms/warehouse.ts,7,"return http.get<any, WmsApi<Warehouse[]>>('/wms/warehouse', { params })"
cp6.web/src/api/wms/warehouse.ts,11,"return http.get<any, WmsApi<Warehouse>>(`/wms/warehouse/${encodeURIComponent(cd)}`)"
cp6.web/src/api/wms/warehouse.ts,15,"return http.post<any, WmsApi<{ warehouseCd: string }>>('/wms/warehouse', dto)"
cp6.web/src/api/wms/warehouse.ts,19,"return http.put<any, WmsApi<void>>(`/wms/warehouse/${encodeURIComponent(cd)}`, dto)"
cp6.web/src/api/wms/warehouse.ts,23,"return http.delete<any, WmsApi<void>>(`/wms/warehouse/${encodeURIComponent(cd)}`)"
cp6.web/src/api/wms/warehouse.ts,28,"return http.get<any, WmsApi<WmsLocation[]>>(`/wms/warehouse/${encodeURIComponent(warehouseCd)}/tree`)"
cp6.web/src/api/wms/warehouse.ts,31,"return http.post<any, WmsApi<{ locationCd: string }>>('/wms/warehouse/location', dto)"
cp6.web/src/api/wms/warehouse.ts,34,"return http.put<any, WmsApi<void>>(`/wms/warehouse/location/${encodeURIComponent(cd)}`, dto)"
cp6.web/src/api/wms/warehouse.ts,37,"return http.delete<any, WmsApi<void>>(`/wms/warehouse/location/${encodeURIComponent(cd)}`)"
cp6.web/src/api/wms/wmsDashboard.ts,6,"return http.get<any, WmsApi<WmsKpi>>('/wms/dashboard/kpi')"
cp6.web/src/api/wms/wmsDashboard.ts,9,"return http.get<any, WmsApi<WmsTrendPoint[]>>('/wms/dashboard/trend', { params: { days } })"
cp6.web/src/api/wms/wmsDashboard.ts,12,"return http.get<any, WmsApi<WmsWarehouseValue[]>>('/wms/dashboard/warehouse-value')"
cp6.web/src/api/wms/wmsDashboard.ts,15,"return http.get<any, WmsApi<WmsAlerts>>('/wms/dashboard/alerts')"
