library_file_id,name,status,delivery_batch,representation,actual_sha256,local_exact_wrapper_path,declared_members,resolved_members
libfile_190d150434088191acb8639cc09663c5,CP6_S1_FINAL_FIVE_PUBLISHED_REGISTRY94_RECOVERY_20261009.zip,safe_derived_selection_cloud_sha_verified,S020,partial_exact_safe_members_with_explicit_reading_derivatives,5d277fdac06d2711ed2098b43c647718f40121a219858bd6cc0e2fd379f070c3,,1130,1130
libfile_892fd454e79c81918833ba73e622badd,ERP_EST_GENERAL_R2_REGISTRY93_COMPLETE_RECOVERY_20261008.zip,safe_derived_selection_cloud_sha_verified,S016,partial_exact_safe_members_with_explicit_reading_derivatives,f53b716cead66f94b206f369d2fdb19e2534b28cca10932ecbdb8e1a7dcb0d5e,,87,87
libfile_850728c6e5a88191983b42b3ce44e5b9,X3_SIX_TARGET_FINAL_ACCEPTED_REGISTRY92_35PAYLOAD_6CURRENT_FULL_READBACK_PROFILE_CLOSURE_AND_HISTORY_PROOF_20261008.zip,safe_derived_selection_cloud_sha_verified,S016,partial_exact_safe_members_with_explicit_reading_derivatives,871c383882a3a3d0236d5e90944517d606e26a1a58f97e76bf69367a2be82ce1,,114,114
libfile_fa5d1719337c8191b0c88daae73cae5e,X4_SIX_TARGET_27SPEC_FINAL_ACCEPTED_REGISTRY91_36PAYLOAD_6CURRENT_FULL_READBACK_RECOVERY_20261008.zip,safe_derived_selection_cloud_sha_verified,S016,partial_exact_safe_members_with_explicit_reading_derivatives,76516586e1d6e144c15e9a617be9de5bb10004f078d23f8b0fe24697b697ac7e,,119,119
libfile_05c8c126fd44819188ae17e6e3534a2f,X2_THREE_TARGET_FINAL_ACCEPTED_REGISTRY90_27PAYLOAD_3CURRENT_FULL_READBACK_DIRECTION_AND_HISTORY_PRESERVATION_PROOF_20261008.zip,safe_derived_selection_cloud_sha_verified,S016,partial_exact_safe_members_with_explicit_reading_derivatives,052d07990e264a287438cd078b68d6b3d09302fc898dc555aa80808f3a99396d,,165,165
libfile_12501f66183481918e950292daeb6cd2,X4_36PAYLOAD_ORIGINAL27_ACCEPTED_STATIC_ARCHIVE_WITH_EXPLICIT_APPLICABILITY_20261008.zip,safe_derived_selection_cloud_sha_verified,S009,partial_exact_safe_members_with_explicit_reading_derivatives,9f7aa005f080dc008f07a17e336ff4818d8d31d1c9d035d18261e5b0315e45cf,,52,52
libfile_64676c694b2481918a2a4c76242f5faf,X3_SIX_TARGET_COMPLETE_R2_ACCEPTED_STATIC_ARCHIVE_PREPARED_CHECKPOINT_20261008.zip,safe_derived_selection_cloud_sha_verified,S009,partial_exact_safe_members_with_explicit_reading_derivatives,5a197fc12343f493ecc627ede35602f6c5877665e64ec808a9590b05c9a4faba,,42,42
libfile_2e3f420f780881919d9eb018dc64aa41,X2_27PAYLOAD_ACCEPTED_STATIC_ARCHIVE_WITH_CONFIRMED_GENERAL_MANUFACTURING_DIRECTION_20261008.zip,safe_derived_selection_cloud_sha_verified,S009,partial_exact_safe_members_with_explicit_reading_derivatives,ae15d7531ff61891229bc1b9eefc3ac70c86d0773cf7dffb1148e88100b9f2d7,,43,43
libfile_7b1842542e388191b8191b130a4c0bc0,X2_THREE_TARGET_R2_1_ACCEPTED_STATIC_ARCHIVE_PREPARED_CHECKPOINT_20261008.zip,safe_derived_selection_cloud_sha_verified,S009,partial_exact_safe_members_with_explicit_reading_derivatives,53021b40a1fa2963f5c1e2dc68d1637974ffa004c4dd7bbd228200e30c24f8e3,,35,35
libfile_4c625d30ee588191a361e13f4a525ebe,ERP_CREDIT_STAGE100_FINAL_ACCEPTED_REGISTRY89_15PAYLOAD_CURRENT_FULL_READBACK_AND_HISTORY_PRESERVATION_PROOF_20261008.zip,safe_derived_selection_cloud_sha_verified,S016,partial_exact_safe_members_with_explicit_reading_derivatives,d9ed6265befe7daefc231b92dd1d271fbfa035d9681011cc04d9f69378ab643d,,50,50
libfile_3b7982c73b6081919071230c7e1ae3f5,S1_R3_FIVE_ACCEPTED_STATIC_ARCHIVE_PREPARED_CHECKPOINT_20261008.zip,safe_derived_selection_cloud_sha_verified,S009,partial_exact_safe_members_with_explicit_reading_derivatives,b847c15a56ccac22891fe1dfd1b5de205e485e864d1628b3293c3609da0aca2a,,49,49
libfile_23bf66d31af48191a51ed29ab3149e6f,CP6_X2_R2_原3Target12SPEC_完整修订_AUTHOR_STOPPED_20261008.zip,exact_original_bytes_cloud_sha_verified,S002,exact_original_bytes,54ad61e01404375b687727a2051dbda569f9bfb7f827e7fb35531df652adc1f7,D:/CP6/docs/CP6_完整成果归档_20261009/CP6_遗漏原包补充_20261009/S002_已核原ZIP及来源补充/CP6_X2_R2_原3Target12SPEC_完整修订_AUTHOR_STOPPED_20261008.zip,0,0
libfile_b9626210f9b48191888479db2154ba14,CP6_X4_六仓储专项完整设计_R2_STOPPED_20261008.zip,qualified_replacement_delivered_global_clean_pending,S027,partial_exact_safe_members_with_explicit_reading_derivatives,bab39a9496b0446e71aa4bffa3e4434715f3f37e158846c02c5ceff967d4046d,D:/CP6/docs/CP6_完整成果归档_20261009/CP6_遗漏原包补充_20261009/S002_已核原ZIP及来源补充/CP6_X4_六仓储专项完整设计_R2_STOPPED_20261008.zip,143,143
libfile_3584237c15648191a3ea7f5d7b0cbee1,ERP_CREDIT_STAGE100_ROOT_ACCEPTANCE_ARCHIVE_CHECKPOINT_15_UTF8_PAYLOAD_20261008.zip,safe_derived_selection_cloud_sha_verified,S009,partial_exact_safe_members_with_explicit_reading_derivatives,e4c08fc70fd398607a84a8e2289cc9b0f0a3533c4312ef7a48959a376b076de8,,23,23
libfile_ed350b67d8c081919603422416107a67,CP6_Registry88_三阶段正式回读证明_104项_20261008.zip,safe_derived_selection_cloud_sha_verified,S020,partial_exact_safe_members_with_explicit_reading_derivatives,e635e967a536b10baba0960d9f1025789102cb4b29dff3569dc296fa9e3e7639,,116,116
libfile_9766f5439fcc81918763fc5d168da8d6,ERP_CREDIT_STAGE99_COMPLETE_FOUR_ROOT_BOUNDED_CURRENT_ORIGINAL46_AUTHOR_STOPPED_20261008.zip,exact_original_bytes_cloud_sha_verified,S015,exact_original_bytes,f5763e5a10a87cea0a6dac4ba4722979e9b90b0655bd3821fbffdaad8c5b7690,D:/CP6-archives/consolidation-20261010/objects/f5763e5a10a87cea0a6dac4ba4722979e9b90b0655bd3821fbffdaad8c5b7690.zip,0,0
libfile_09a40841778081919e26f5e16251aee2,CP6_S5_S7_X5_21项_三阶段归档准备_未发布_20261008.zip,safe_derived_selection_cloud_sha_verified,S016,partial_exact_safe_members_with_explicit_reading_derivatives,fd1393496b3da65da7920784336992b4140dcf3333a0d8c93cf83dc1a76fe712,,112,112
libfile_d7be02ad445c8191b1cb83e6b780af23,CP6_S5_S7_17项已接受静态设计_原件恢复checkpoint_20261008.zip,safe_derived_selection_cloud_sha_verified,S016,partial_exact_safe_members_with_explicit_reading_derivatives,10114ceb8821f6b0282ea68ec23bb7d3c95d5f1ea0e82dca117348bfb9178f02,,462,462
libfile_a62f05e2ab1081918451969c3e7d0147,S1-INDEPENDENT-EVIDENCE-20261008.zip,safe_derived_selection_cloud_sha_verified,S009,partial_exact_safe_members_with_explicit_reading_derivatives,5f92acf5153338ed2a9a42801e43b0f0fa39d587e60ffb3d37cb4467e0bb85e0,,220,220
libfile_dc7530c47f788191ac3b95adf61e887e,ERP_CREDIT_STAGE98_COMPLETE_UNIFIED_SIX_FAMILY_NORMAL_DTO_PHASE_RECOVERY_CURRENT_ORIGINAL46_AUTHOR_STOPPED_20261008.zip,exact_original_bytes_cloud_sha_verified,S013,exact_original_bytes,2d209c95fbff63420cc0d8a0f294180c80037c2cc8a1a38d8a73ad0a06ee4993,D:/CP6-archives/consolidation-20261010/objects/2d209c95fbff63420cc0d8a0f294180c80037c2cc8a1a38d8a73ad0a06ee4993.zip,0,0
libfile_8dc48c1233188191a83e4021007eee8b,CP6_X5_R0_独审必要证据_20261008.zip,exact_original_bytes_cloud_sha_verified,S005,exact_original_bytes,637fdbd5e4232001254b279b0b99d5f8c94c9de6f2041d23937d5a82cc3cc20e,D:/CP6-archives/consolidation-20261010/objects/637fdbd5e4232001254b279b0b99d5f8c94c9de6f2041d23937d5a82cc3cc20e.zip,0,0
libfile_44df03df229081919e150dcf64163018,S1-20261007-R1-VERIFIED-TEXT-SUBSET-20261008.zip,safe_derived_selection_cloud_sha_verified,S027,partial_exact_safe_members_with_explicit_reading_derivatives,e919a3e985afe8950bf07544a757c9ba56e8e0eb4f9ea0bc9834732ead41db15,,29,29
libfile_6b3612ab253081918db52d304129a1b1,X5_RECOVERY_BUD_FROZEN_20261008.zip,safe_derived_selection_cloud_sha_verified,S009,partial_exact_safe_members_with_explicit_reading_derivatives,c8998a6eb0a69a1f02cd83e755075be7e3a8d624261ffc37ea2a0f633593c41f,,70,70
libfile_bcc0d97448108191a3cad1a4b8162e6c,CP6_S7_Platform_Frozen_Source_20261008_0045.tar.gz,safe_derived_selection_cloud_sha_verified,S009,partial_exact_safe_members_with_explicit_reading_derivatives,4e2bada74739558996c05e37e0820b6f260c7431c0254181b54dc9b21b9047e0,,106,106
libfile_ea31c446cec081918705911c5d6b07f2,CP6_共享35专项29_15对话任务书_20261007.zip,exact_original_bytes_cloud_sha_verified,S007,exact_original_bytes,ac8639367d8dfaa021202bba369a8406176bb705872a38a209763af4d1f74a8c,D:/CP6-archives/consolidation-20261010/objects/ac8639367d8dfaa021202bba369a8406176bb705872a38a209763af4d1f74a8c.zip,0,0
libfile_c856710772608191856095a0cc1aa7a9,ERP_CREDIT_STAGE79_LIMITED_INDEPENDENT_SUBSTANTIVE_STATIC_RETURN_LB01_CLOSED4_IDENTITY_LB02_LAWFUL_BASELINE_STORE_PHASE_WITH_FULL_EVIDENCE.zip,exact_original_bytes_cloud_sha_verified,S031,exact_original_bytes,c32a3165ed381526789b51427d3978297a9521e0002a8c94d4d8897b3961b8f7,D:/CP6-archives/consolidation-20261010/objects/c32a3165ed381526789b51427d3978297a9521e0002a8c94d4d8897b3961b8f7.zip,0,0
libfile_84a59fd4f82c81919c7b4903f4ce94d0,ERP_CREDIT_STAGE79_COMPLETE_CREDIT15_APPLIED_GENUINE_INVERSE_AR16_5_INV51_TWO_PORTION_SINGLE_GROUP_LEGAL_ALIAS_BASELINE_CURRENT_STORE_CALLBACK_WITH_EXACT_STAGE78_INPUT_STATIC_PASS_PRIOR.zip,materialized_hold,,,46e5c4fb7b22249a755f878d49ed1c89605e7d539fdd078df32548a284481222,,0,0
libfile_924e3bd30de081918d0e9c6fc3d6cde3,ERP_CREDIT_STAGE78_COMPLETE_REMOVED_TWELVE_CURRENT_OUTPUT_PK_METADATA_REBIND_FULL77_KEY_CALLBACK_NORMAL_WITH_EXACT_STAGE77_RETURN_PRIOR.zip,materialized_hold,,,4050bf99b48e91e174ba0451be1d8e35a76ac3e41c5ced2fdb03b2a1e4f8dd9d,,0,0
libfile_bd0344cbfb548191953abf26746f10e4,CP6_ERP_CREDIT_STAGE77_REMOVED_HISTORY_REPAIR_CURRENT_OUTPUT_PHYSICAL_KEY_LIMITED_STATIC_RETURN_REPORT_AND_EVIDENCE.zip,exact_original_bytes_cloud_sha_verified,S012,exact_original_bytes,25bfdc586df4d6b7d6bb0f241ecf6b2049e5cf575141e8c384fb598320844f54,D:/CP6-archives/consolidation-20261010/objects/25bfdc586df4d6b7d6bb0f241ecf6b2049e5cf575141e8c384fb598320844f54.zip,0,0
libfile_4073e9a9d76081919c1c0facac5a303a,ERP_CREDIT_STAGE77_COMPLETE_REMOVED_OLD_IMMUTABLE_HISTORY_BOUNDARY_FULL_CURRENT_SOURCE_STORE_CONSUMER_NORMAL_WITH_EXACT_STAGE76_RETURN_PRIOR.zip,materialized_hold,,,f3dfb0472ec03c13083102a4a064cd8e48cdd298e2389df3a3129e2bb259bb95,,0,0
libfile_f869c3032ca08191bc106951430fec4b,CP6_ERP_CREDIT_STAGE76_REMOVED_FIVE_ROOT_REQUIRED_HISTORY_REGRESSION_LIMITED_STATIC_RETURN_REPORT_AND_EVIDENCE.zip,exact_original_bytes_cloud_sha_verified,S012,exact_original_bytes,9006fa8e3aa4675b864e4479970571a54fa9bc1e9776f874d589f45e628eb7ba,D:/CP6-archives/consolidation-20261010/objects/9006fa8e3aa4675b864e4479970571a54fa9bc1e9776f874d589f45e628eb7ba.zip,0,0
libfile_6978221163c4819196e159eddab5c212,ERP_CREDIT_STAGE76_COMPLETE_REMOVED_FIVE_ROOT_WORK_VERSION_BYTES_RANGE_CURRENT_DECISION_NONE_CASH_FULL_NORMAL_WITH_EXACT_STAGE75_RETURN_PRIOR.zip,materialized_hold,,,aa969dfbb8b0e204b8dfee3af4b60d46e0810aa61cd7463ca8ff6713d754c8e9,,0,0
libfile_50047a0da2648191b455a1056a0eb8eb,PLAN_EXC_CP12_REV2_FINAL_PUBLICATION_AND_COMPLETE_READBACK_EVIDENCE_20261006.zip,safe_derived_selection_cloud_sha_verified,S016,partial_exact_safe_members_with_explicit_reading_derivatives,5bf390bdca8fed624b8db80917b5dc89e225580b4e5cf73b0ff8e32cacf04352,,18,18
libfile_89128e0deae08191910e8e9d7a9498c3,CP6_ERP_CREDIT_STAGE75_REMOVED_WITHOUT_SUCCESSOR_LIMITED_STATIC_RETURN_REPORT_AND_EVIDENCE.zip,exact_original_bytes_cloud_sha_verified,S007,exact_original_bytes,f593635176750015c92a0710301261751e38d4852f5b203160a6ec50869322ec,D:/CP6-archives/consolidation-20261010/objects/f593635176750015c92a0710301261751e38d4852f5b203160a6ec50869322ec.zip,0,0
libfile_70aa11cc49e081919b30a75b902434e1,ERP_CREDIT_STAGE75_COMPLETE_REMOVED_WITHOUT_SUCCESSOR_ONE_COMPONENT_FULL27_EC48_NULL_ADMISSION_ATOMIC_SOURCE_READONLY_NATIVE11_FULL_NORMAL_WITH_EXACT_STAGE74_PASS_PRIOR.zip,materialized_hold,,,8197e5f34fe1e27cd531c80e74481879e2b3873214b2ff6740487db73199b0c3,,0,0
libfile_b460bb551df88191acd326ff6bbd203a,ERP_CREDIT_STAGE74_COMPLETE_PRIMARY_REFUND_EC36_BINARY_ASCII_STORE_RECEIPT_IDENTITY_SINGLE_CURRENT_FULL_NORMAL_WITH_EXACT_STAGE73_RETURN_PRIOR.zip,safe_derived_selection_cloud_sha_verified,S039,partial_exact_safe_members_with_explicit_reading_derivatives,6026f8c4eed29856f1f4ce9a0e445d691e18d89831f9f669c32997a340ac64f6,,132,132
libfile_052e6624679481919bbd145948ce1676,CP6_ERP_CREDIT_STAGE73_PRIMARY_REFUND_C06_LIMITED_RETURN_REPORT_AND_EVIDENCE.zip,exact_original_bytes_cloud_sha_verified,S005,exact_original_bytes,5026771e5ac530a20c372c8f0f818f0603a9d5ced9184dff1685f3a84fadebd7,D:/CP6-archives/consolidation-20261010/objects/5026771e5ac530a20c372c8f0f818f0603a9d5ced9184dff1685f3a84fadebd7.zip,0,0
libfile_7aab91ec7ef88191b603905b7c48ce67,ERP_CREDIT_STAGE73_COMPLETE_PRIMARY_REFUND_BUSINESS_OUTCOME_DOMAIN_ASCII_SNAPSHOT_MANIFEST_ACTUAL_AUDIT_REFS_FULL_NORMAL_WITH_EXACT_STAGE72_RETURN_PRIOR.zip,safe_derived_selection_cloud_sha_verified,S037,partial_exact_safe_members_with_explicit_reading_derivatives,72024e871daabf900c1a973259e437af29acd5052678f95cc14b193ac50b7c96,,97,97
libfile_ed0f046262c88191a9ad30e3e5f8bcb3,CP6_ERP_CREDIT_STAGE72_PRIMARY_REFUND_C06_LIMITED_RETURN_REPORT_AND_EVIDENCE.zip,exact_original_bytes_cloud_sha_verified,S005,exact_original_bytes,6a1a955bbb977b160075f7c00b1ef492ea014d9f24692411ce15acf3b78318f2,D:/CP6-archives/consolidation-20261010/objects/6a1a955bbb977b160075f7c00b1ef492ea014d9f24692411ce15acf3b78318f2.zip,0,0
libfile_d5c5f4556bd88191982508dcbc31a367,ERP_CREDIT_STAGE72_COMPLETE_PRIMARY_REFUND_EARLY_STATIC_LATE_ACTUAL_ENLIST_FULL_BEFORE_EXACT_SELF_CHANGE_UNIQUE_CURRENT_MAPPER_FINAL_CALLBACK_WITH_EXACT_STAGE71_RETURN_PRIOR.zip,exact_original_bytes_cloud_sha_verified,S028,exact_original_bytes,20c72ad350bf4a79dba42afeb0032700b37cfd802c13e01545dc1f1207e63fd5,D:/CP6-archives/consolidation-20261010/objects/20c72ad350bf4a79dba42afeb0032700b37cfd802c13e01545dc1f1207e63fd5.zip,0,0
libfile_970ad6aca194819186f79514400cd043,CP6_ERP_CREDIT_STAGE71_PRIMARY_REFUND_C06_LIMITED_RETURN_REPORT_AND_EVIDENCE.zip,exact_original_bytes_cloud_sha_verified,S005,exact_original_bytes,3cf50513786a31b359c17998cff7488fa29246b0934264586bfa99b17156d575,D:/CP6-archives/consolidation-20261010/objects/3cf50513786a31b359c17998cff7488fa29246b0934264586bfa99b17156d575.zip,0,0
libfile_797ff29ba7b881918b0ca0d386b4a1a3,ERP_CREDIT_STAGE71_COMPLETE_PRIMARY_REFUND_FOUR_ROOT_TYPED_PHYSICAL_MAINUOW_ENLIST_DEFINITION_QUALIFIED_ORIGIN_FULL_NORMAL_WITH_EXACT_STAGE70_RETURN_PRIOR.zip,exact_original_bytes_cloud_sha_verified,S019,exact_original_bytes,7654b681ec4b9e1c2a104d36bd5af31bd127d8af37b57ad2d9da391780b5c9e7,D:/CP6-archives/consolidation-20261010/objects/7654b681ec4b9e1c2a104d36bd5af31bd127d8af37b57ad2d9da391780b5c9e7.zip,0,0
libfile_242b939453888191871960594398b99a,CP6_ERP_CREDIT_STAGE70_PRIMARY_REFUND_C06_LIMITED_RETURN_REPORT_AND_EVIDENCE.zip,exact_original_bytes_cloud_sha_verified,S005,exact_original_bytes,d9d3ed600af19c4fdf4e13832624402236309e79ca372c0027bcbfe6fd7993b3,D:/CP6-archives/consolidation-20261010/objects/d9d3ed600af19c4fdf4e13832624402236309e79ca372c0027bcbfe6fd7993b3.zip,0,0
libfile_36df8e3099a88191bb7bfcd5564b86d5,ERP_CREDIT_STAGE70_COMPLETE_ORIGINAL_CREDIT15_REFUND_INDEPENDENT_CASH_FULL_SOURCE_COMPANION_RETIREMENT_PUBLIC_TERMINAL_NORMAL_WITH_EXACT_PRIOR.zip,exact_original_bytes_cloud_sha_verified,S019,exact_original_bytes,b934a303121cc463b8f282db49d84cd60bc1d3d0ceeeaa20025d974401637eff,D:/CP6-archives/consolidation-20261010/objects/b934a303121cc463b8f282db49d84cd60bc1d3d0ceeeaa20025d974401637eff.zip,0,0
libfile_3325b24499408191a61177f3b143b31f,ERP_CREDIT_STAGE69_INCOMPLETE_REFUND_CASH_SOURCE_COMPANION_AND_C06_FRAME_WORKING_DRAFT_WITH_EXACT_ACCEPTED_STAGE68_DEPENDENCY.zip,exact_original_bytes_cloud_sha_verified,S014,exact_original_bytes,d8eab4b211a4278e00c23f1fdb631d4d453904bb6993533a3cbaa2316767f448,D:/CP6-archives/consolidation-20261010/objects/d8eab4b211a4278e00c23f1fdb631d4d453904bb6993533a3cbaa2316767f448.zip,0,0
libfile_e01a85d0cf348191bc8c3dc1aec4a928,CP6_ERP_CREDIT_STAGE68_CREDIT15_C06_LIMITED_STATIC_PASS_REPORT_AND_EVIDENCE.zip,exact_original_bytes_cloud_sha_verified,S005,exact_original_bytes,3d2b5ec127730959f3c55304876e19f6a27435fd63b60c26d7f45cfb79a395f2,D:/CP6-archives/consolidation-20261010/objects/3d2b5ec127730959f3c55304876e19f6a27435fd63b60c26d7f45cfb79a395f2.zip,0,0
libfile_fa76088b52bc8191b2ba78e91aa16f3d,ERP_CREDIT_STAGE68_COMPLETE_CREDIT15_C06_MINIMAL_PHYSICAL_PREDECESSOR_FOREIGN_KEY_FIX_FULL_AFTER_IMAGE_RAW_STORE_PROPAGATION_WITH_EXACT_STAGE67_DEPENDENCY.zip,exact_original_bytes_cloud_sha_verified,S014,exact_original_bytes,f634b994f57e9c5532b0732092ffdf3b7fce9d39c34b8b0770c32c4fcd2c052e,D:/CP6-archives/consolidation-20261010/objects/f634b994f57e9c5532b0732092ffdf3b7fce9d39c34b8b0770c32c4fcd2c052e.zip,0,0
libfile_c562a8e86c988191afff81a65ed5c4d4,CP6_ERP_CREDIT_STAGE67_CREDIT15_C06_LIMITED_RETURN_REPORT_AND_EVIDENCE.zip,exact_original_bytes_cloud_sha_verified,S005,exact_original_bytes,25472621e8c4a0b115e87b923422ad76ffa2a199b8e19171787dd15d6d6c6b5c,D:/CP6-archives/consolidation-20261010/objects/25472621e8c4a0b115e87b923422ad76ffa2a199b8e19171787dd15d6d6c6b5c.zip,0,0
libfile_a1995522345c8191886f2fae7524366d,ERP_CREDIT_STAGE67_COMPLETE_CREDIT15_EXISTING_CHILD_C06_FRESH_TARGET_TWO_COMMAND_CAPTURES_RELEASE_OWNER_RECOVERY_SINGLE_SUCCESSOR_FULL_NORMAL_WITH_EXACT_STAGE66_DEPENDENCY.zip,exact_original_bytes_cloud_sha_verified,S014,exact_original_bytes,52ddbb59c63dcfb13589be44ce45d709e126c70882147830dadf27e634f1e070,D:/CP6-archives/consolidation-20261010/objects/52ddbb59c63dcfb13589be44ce45d709e126c70882147830dadf27e634f1e070.zip,0,0
libfile_aa561172584081919c74ccf8a1fb7b32,CP6_ERP_CREDIT_STAGE66_UNUSED_END_LIMITED_STATIC_PASS_REPORT_AND_EVIDENCE.zip,exact_original_bytes_cloud_sha_verified,S005,exact_original_bytes,e09304b136b97faa64168aa8605b6dd6b3ee0a2b26ff8571ac11da194f16cd38,D:/CP6-archives/consolidation-20261010/objects/e09304b136b97faa64168aa8605b6dd6b3ee0a2b26ff8571ac11da194f16cd38.zip,0,0
libfile_eb10c8fda14c819187223e3f73e7494c,ERP_CREDIT_STAGE66_MINIMAL_ELEVEN_CLOSED_RULE_MERGES_FULL_HASH_PROPAGATION_TWO_WORLD_NORMAL_WITH_EXACT_STAGE65_DEPENDENCY.zip,exact_original_bytes_cloud_sha_verified,S014,exact_original_bytes,01bff3cf87871cd0ee0bc23e63ce58a4ded329c928cd6dd428ae8c65eb2bf3f7,D:/CP6-archives/consolidation-20261010/objects/01bff3cf87871cd0ee0bc23e63ce58a4ded329c928cd6dd428ae8c65eb2bf3f7.zip,0,0
libfile_bbc29458f3c4819196a563fd045dadc5,CP6_ERP_CREDIT_STAGE65_UNUSED_END_READONLY_RETURN_REPORT_AND_EVIDENCE.zip,exact_original_bytes_cloud_sha_verified,S005,exact_original_bytes,69b82898fd0b087fd92625ea3ae837e54a80ea4261a511f86db96fc6eefdcd02,D:/CP6-archives/consolidation-20261010/objects/69b82898fd0b087fd92625ea3ae837e54a80ea4261a511f86db96fc6eefdcd02.zip,0,0
libfile_b68366c5f8808191af910f7b567b7565,ERP_CREDIT_STAGE65_COMPLETE_ORIGINAL_UNUSED_END_FOUR_BLOCKERS_EIGHT_RELATIONS_FULL_TWO_WORLD_SOURCE_DESIGN_WITH_EXACT_PRIOR_DEPENDENCIES.zip,exact_original_bytes_cloud_sha_verified,S019,exact_original_bytes,9a535cb324c37924eee8cd4709948a7358733447351bb0561726900f0bc09054,D:/CP6-archives/consolidation-20261010/objects/9a535cb324c37924eee8cd4709948a7358733447351bb0561726900f0bc09054.zip,0,0
libfile_6b68677b90a48191bbd3de1f1450f034,ERP_CREDIT_STAGE65_INCOMPLETE_SHARED_PATH_MISSING_FULL_CURRENT_DRAFT_AND_EXACT_PRIOR_RECOVERY_CHECKPOINT.zip,exact_original_bytes_cloud_sha_verified,S018,exact_original_bytes,c59104f3135226aea3e052e212b0983f0e4149fee2fced89f179618df13737a1,D:/CP6-archives/consolidation-20261010/objects/c59104f3135226aea3e052e212b0983f0e4149fee2fced89f179618df13737a1.zip,0,0
libfile_4e2222574f10819195cc43938f927268,ERP_CREDIT_STAGE64_RETURN_INCOMPLETE_STOPPED_COMPLETE_HANDOFF_WITH_EXACT_STAGE64_AND_REVIEW_DEPENDENCIES.zip,exact_original_bytes_cloud_sha_verified,S001,exact_original_bytes,fdfbf1d1cd21b7817976b89b35a42cc5f5086e40fe13b30f3d637417961843c3,D:/CP6/docs/CP6_完整成果归档_20261009/CP6_遗漏原包补充_20261009/S001_四个已核漏包_原ZIP保真/ERP_CREDIT_STAGE64_RETURN_INCOMPLETE_STOPPED_COMPLETE_HANDOFF_WITH_EXACT_STAGE64_AND_REVIEW_DEPENDENCIES.zip,0,0
libfile_6e4f296f8c408191b2bda6bfc4dfb89f,CP6_ERP_CREDIT_STAGE64_UNUSED_END_READONLY_RETURN_REPORT_AND_EVIDENCE.zip,exact_original_bytes_cloud_sha_verified,S001,exact_original_bytes,e2ada1327db81a119f23196a13d21fe09b9341f51681e0148aac6a4d85330259,D:/CP6/docs/CP6_完整成果归档_20261009/CP6_遗漏原包补充_20261009/S001_四个已核漏包_原ZIP保真/CP6_ERP_CREDIT_STAGE64_UNUSED_END_READONLY_RETURN_REPORT_AND_EVIDENCE.zip,0,0
libfile_0bd6756a102c81918d13a15c5b4d7e29,ERP_CREDIT_STAGE64_FIXED_ORIGINAL_UNUSED_END_PRIVATE_V2_CALLEE_FULL_TWO_WORLD_DESIGN_WITH_EXACT_V9_STAGE61_STAGE62_STAGE63_DEPENDENCIES.zip,exact_original_bytes_cloud_sha_verified,S001,exact_original_bytes,e37a6a541c7b0c19ddd97a35ca2c5b0b23b73e9c68666321ccfb56c1e51ece42,D:/CP6/docs/CP6_完整成果归档_20261009/CP6_遗漏原包补充_20261009/S001_四个已核漏包_原ZIP保真/ERP_CREDIT_STAGE64_FIXED_ORIGINAL_UNUSED_END_PRIVATE_V2_CALLEE_FULL_TWO_WORLD_DESIGN_WITH_EXACT_V9_STAGE61_STAGE62_STAGE63_DEPENDENCIES.zip,0,0
libfile_1ae9854393e88191bde3ae03fe887653,PLAN_EXC_CP10_CORE_C_PROFESSIONAL_DESIGN_EVIDENCE_20261006.zip,exact_original_bytes_cloud_sha_verified,S001,exact_original_bytes,3eb81c1d64c8a41492ab5f2ddff65a7f2933f1d440dc8724376f44b639695bc7,D:/CP6/docs/CP6_完整成果归档_20261009/CP6_遗漏原包补充_20261009/S001_四个已核漏包_原ZIP保真/PLAN_EXC_CP10_CORE_C_PROFESSIONAL_DESIGN_EVIDENCE_20261006.zip,0,0
libfile_c98fa486108481918b2e53f1a2323749,ERP_CREDIT_STAGE63_INCOMPLETE_WORKING_STOPPED_ORIGINAL_UNUSED_END_PRIVATE_V2_FULL_TWO_WORLD_DRAFT_WITH_EXACT_V9_STAGE61_STAGE62_DEPENDENCIES.zip,exact_original_bytes_cloud_sha_verified,S015,exact_original_bytes,be8152c0d010a7a939437e45d498c2d6ece7210dda7e32cc1887702d6ccc1692,D:/CP6-archives/consolidation-20261010/objects/be8152c0d010a7a939437e45d498c2d6ece7210dda7e32cc1887702d6ccc1692.zip,0,0
libfile_a83961d020188191ac5da0178a72faf3,PLAN_EXC_CP10_INDEPENDENT_CORRECTION_EVIDENCE_20261006.zip,exact_original_bytes_cloud_sha_verified,S005,exact_original_bytes,8bf966b1e2434c91e9b85cf6512e144e4ee4eb970fe2997784faf5a3d764e48d,D:/CP6-archives/consolidation-20261010/objects/8bf966b1e2434c91e9b85cf6512e144e4ee4eb970fe2997784faf5a3d764e48d.zip,0,0
libfile_9648c6b24eb481919fde0c92bb7148ee,PLAN_EXC_CP10_A_PROFESSIONAL_IMPACT_ADOPTION_EVIDENCE_20261006.zip,exact_original_bytes_cloud_sha_verified,S002,exact_original_bytes,81b467d2663719a5cf4c3267960d08b78353f63cf4c91f90ec27348fcb1a9423,D:/CP6/docs/CP6_完整成果归档_20261009/CP6_遗漏原包补充_20261009/S002_已核原ZIP及来源补充/PLAN_EXC_CP10_A_PROFESSIONAL_IMPACT_ADOPTION_EVIDENCE_20261006.zip,0,0
libfile_7d9b1c09911c8191a80e8fdd2dfdcfdf,PLAN_EXC_CP10_INDEPENDENT_LEAN_COMPLETE_EVIDENCE_20261006.zip,exact_original_bytes_cloud_sha_verified,S002,exact_original_bytes,19f58442f28c1edaf025cbe7cfeae35728060b12ef9453f2f676a94fd975d130,D:/CP6/docs/CP6_完整成果归档_20261009/CP6_遗漏原包补充_20261009/S002_已核原ZIP及来源补充/PLAN_EXC_CP10_INDEPENDENT_LEAN_COMPLETE_EVIDENCE_20261006.zip,0,0
libfile_93b5d2aed2b0819186f8a88d593c5faf,PLAN_EXC_CP09_INDEPENDENT_LEAN_COMPLETE_EVIDENCE_20261005.zip,exact_original_bytes_cloud_sha_verified,S005,exact_original_bytes,f20e18051a837169d5d1fd6845025e83e63383484ebaaca0feaac5e3d8eb8025,D:/CP6-archives/consolidation-20261010/objects/f20e18051a837169d5d1fd6845025e83e63383484ebaaca0feaac5e3d8eb8025.zip,0,0
libfile_74c9d30a14648191b0c186e7fd9bf6a5,ERP_CREDIT_STAGE62_STOPPED_COMPLETE_STATUS_HANDOFF_WITH_EXACT_V0_STAGE61_V9_DEPENDENCIES.zip,exact_original_bytes_cloud_sha_verified,S007,exact_original_bytes,697de343312ba4bc5484e532a8bdc85fa07880e0dc632c63cf22359088b74fa5,D:/CP6-archives/consolidation-20261010/objects/697de343312ba4bc5484e532a8bdc85fa07880e0dc632c63cf22359088b74fa5.zip,0,0
libfile_dce5a700dfb88191b1b00bc225ad8ac4,ERP_CREDIT_STAGE62_COMPLETE_NEW_OWNER_NO_EFFECT_SOURCE_PROPOSAL_NORMAL_REFUSAL_WITH_V9_STAGE61_DEPENDENCY.zip,exact_original_bytes_cloud_sha_verified,S015,exact_original_bytes,90616f216fa60fcd54a37a304269b6bbc40bd06b58e1664686381654b9656629,D:/CP6-archives/consolidation-20261010/objects/90616f216fa60fcd54a37a304269b6bbc40bd06b58e1664686381654b9656629.zip,0,0
libfile_0e907fbfbb848191bdaa92fe2fb9d82c,PLAN_EXC_CP08_INDEPENDENT_LEAN_COMPLETE_EVIDENCE_20261005.zip,exact_original_bytes_cloud_sha_verified,S007,exact_original_bytes,954119747c6a9f3bd43f81585ce8707673b6e2fa91bfb21f3918aad11932e536,D:/CP6-archives/consolidation-20261010/objects/954119747c6a9f3bd43f81585ce8707673b6e2fa91bfb21f3918aad11932e536.zip,0,0
libfile_6a5219ace2d48191a830f1b50d91a232,ERP_CREDIT_STAGE61_STOPPED_COMPLETE_A27_NOCHANGE_RESERVED_HOLD_SEGMENT_WITH_FULL_V9_BASE_DEPENDENCY.zip,exact_original_bytes_cloud_sha_verified,S015,exact_original_bytes,ecf9746d6a35ea4e2886c5abebf1ee6c1d8518782f178e203318a7cf5269b852,D:/CP6-archives/consolidation-20261010/objects/ecf9746d6a35ea4e2886c5abebf1ee6c1d8518782f178e203318a7cf5269b852.zip,0,0
libfile_b1c137fdfdec8191ba39e1abf2dc8ba5,PLAN_EXC_CP07_INDEPENDENT_CORRECTION_EVIDENCE_20261005.zip,exact_original_bytes_cloud_sha_verified,S002,exact_original_bytes,f534848e5071c9ff56d5634d0580eb7421ea3b824734295c879fea793a7e93bf,D:/CP6/docs/CP6_完整成果归档_20261009/CP6_遗漏原包补充_20261009/S002_已核原ZIP及来源补充/PLAN_EXC_CP07_INDEPENDENT_CORRECTION_EVIDENCE_20261005.zip,0,0
libfile_6a8265b75de08191975b22674725a9e3,PLAN_EXC_CP07_A_PROFESSIONAL_DESIGN_ADOPTION_EVIDENCE_20261005.zip,safe_derived_selection_cloud_sha_verified,S020,partial_exact_safe_members_with_explicit_reading_derivatives,8df236cc1d4b9276a122d35d25edc7f20c2c3dede2a08403f67486f27f84058a,,195,195
libfile_92b94b38a9608191bf5af0f1f4c7c8fb,PLAN_EXC_CP07_CORE_C_PROFESSIONAL_DESIGN_EVIDENCE_20261005.zip,exact_original_bytes_cloud_sha_verified,S013,exact_original_bytes,2c2cb4749e9039a5b2acae7c1ffb6dbf7c63423eb7c1c34f7bf2d987a6555c22,D:/CP6-archives/consolidation-20261010/objects/2c2cb4749e9039a5b2acae7c1ffb6dbf7c63423eb7c1c34f7bf2d987a6555c22.zip,0,0
libfile_ebf6cfb56bd88191848c771057c3d191,PLAN_EXC_CP07_INDEPENDENT_REVIEW_EVIDENCE_20261005.zip,exact_original_bytes_cloud_sha_verified,S007,exact_original_bytes,1ce55cc3125ec94af1046aea3737892269fce27c060dc9021d4a8e8db76c3d86,D:/CP6-archives/consolidation-20261010/objects/1ce55cc3125ec94af1046aea3737892269fce27c060dc9021d4a8e8db76c3d86.zip,0,0
libfile_3d05f70e3f7c81918a2eeef19c7fccb9,PLAN_EXC_CP07_COMPLETE_REVIEW_COPY_20261005.zip,safe_derived_selection_cloud_sha_verified,S024,partial_exact_safe_members_with_explicit_reading_derivatives,4a49b29fa08a9bc74b28ecb22cb2955e122027d9733cc4d1bbf2d7c6fc99c52d,,580,580
libfile_ede8cd65e4e88191bbf3aab15bc216d5,PLAN_EXC_CP06_INDEPENDENT_REVIEW_EVIDENCE_20261005.zip,exact_original_bytes_cloud_sha_verified,S002,exact_original_bytes,b720cf2c36fecc7d257ce090225bcdde8415e55e9104edfca55842b5a8b50ec8,D:/CP6/docs/CP6_完整成果归档_20261009/CP6_遗漏原包补充_20261009/S002_已核原ZIP及来源补充/PLAN_EXC_CP06_INDEPENDENT_REVIEW_EVIDENCE_20261005.zip,0,0
libfile_a82950550fd88191a31ae548fb6c355b,PLAN_EXC_CP06_COMPLETE_REVIEW_COPY_20261005.zip,safe_derived_selection_cloud_sha_verified,S022,partial_exact_safe_members_with_explicit_reading_derivatives,fdaeceaa9fdb4664f6cbc2916c7465b302747d313d3e9888ebc2b4f90d1dbf38,,564,564
libfile_4a740c93ca28819183976823129ff9bf,PLAN_EXC_CP05_INDEPENDENT_STATIC_RETURN_EVIDENCE_PACKAGE_20261005.zip,pending_actual_content_and_privacy_review,,,,,0,0
libfile_e4b164f84bec8191859bb58e6b32376e,PLAN_EXC_CP05_COMPLETE_REVIEW_COPY_20261005.zip,pending_actual_content_and_privacy_review,,,,,0,0
libfile_aa180ee270a481919ad3b6c07474d928,PLAN_EXC_CP04_INDEPENDENT_STATIC_RETURN_EVIDENCE_PACKAGE_20261005.zip,materialized_hold,,,6255da2caba85d869ff53f491d32f101dd25c8e5dc4fff57670e9010ad3e42f6,,0,0
libfile_dec0f10a31a48191b3c9af4d273c7605,PLAN_EXC_CP04_COMPLETE_REVIEW_COPY_20261005.zip,materialized_hold,,,6abbbe9f03f9ab434cc9908440be04538f275660d08a507d7a374a630a9257ed,,0,0
libfile_65207e4b1bf88191aea80c67aa7e4ffc,PLAN_EXC_CP04_STOPPED_INCOMPLETE_CHECKPOINT_20261005.zip,safe_derived_selection_cloud_sha_verified,S042,partial_exact_safe_objects_with_prior_cloud_routes,113a7ff65d30054520391be41a6f83669436cdfe3b67514a09f7e0b78eeb6515,,0,0
libfile_4379d56d07488191b0dbf435f610559e,ERP_CREDIT_FULL_SCOPE_STAGE53_ORIGINAL_THREE_APPLIED_CURRENT_FULL_ROWS_WORKING.zip,pending_actual_content_and_privacy_review,,,,,1631,1631
libfile_3eb2943008a4819180245330ad2059b9,ERP_CREDIT_FULL_SCOPE_STAGE52_APPLIED_NONGL_CORE_CONSUMPTION_WORKING.zip,pending_actual_content_and_privacy_review,,,,,1618,1618
libfile_ddbe2b26b99c8191979fa16484d95018,ERP_CREDIT_FULL_SCOPE_STAGE51_INDEPENDENT_INVENTORY_PARENT_H37_MEMBER_WORKING.zip,safe_derived_selection_cloud_sha_verified,S050,partial_exact_safe_members_with_explicit_reading_derivatives,0063948147c1ff8931cdecc6ca0ac6721c6fd50bfc37cf887e2ff67e6de32c4e,,1613,1613
libfile_53382a0af7e88191bd68d4709a8d035f,ERP_CREDIT_FULL_SCOPE_STAGE50_FULL_NORMAL_CONTEXT_TEMPORAL_FORWARD_WORKING.zip,safe_derived_selection_cloud_sha_verified,S049,partial_exact_safe_members_with_explicit_reading_derivatives,aef08a9330f61cc3e3c6f5a792eb7beaa32d1f4e665bc5b3308246680bed5507,,1603,1603
libfile_9604da72c6308191a286691bb5ce895b,ERP_CREDIT_FULL_SCOPE_STAGE49_BASELINE_ORDER_SOURCE_FORWARD_WORKING.zip,safe_derived_selection_cloud_sha_verified,S048,partial_exact_safe_members_with_explicit_reading_derivatives,ea4d5dc9daab3c837baeeec98f81f4fd4ff8954eea8513b25e74a01d69dd85fb,,1592,1592
libfile_c899a0dcc06c81918a0d022fafab9753,PLAN_EXC_CP03_CURRENT_0728_CHECKPOINT_20261005.zip,safe_derived_selection_cloud_sha_verified,S026,partial_exact_safe_members_with_explicit_reading_derivatives,0a7f064d4fb3942418e91b5be816a052da78d67a3eb6eac3cd3e1f8293dd4eae,,369,369
libfile_5e719122a7c081919640bf8fb35c28b0,ERP_CREDIT_FULL_SCOPE_STAGE48_NEW_STORE_RECEIPT_CONTRACT_CORRECTED_WORKING.zip,safe_derived_selection_cloud_sha_verified,S047,partial_exact_safe_members_with_explicit_reading_derivatives,ba2b83eeec7e2c73a3700897fa2eef15f4dcf29fa1ab18d53bbfb99622f76344,,1580,1580
libfile_ed4899a251a48191b7e5d0d72c51e80d,ERP_CREDIT_FULL_SCOPE_STAGE47_ORIGINAL_GL_ROOT_CONSISTENT_REVISION_WORKING.zip,safe_derived_selection_cloud_sha_verified,S046,partial_exact_safe_members_with_explicit_reading_derivatives,4bdfd50179365625e638dbcb4acabcfc3b0a9a566a86c1275c0ca0611695bfec,,1569,1569
libfile_26edc65bea248191b8f3f870f2154631,PLAN_EXC_CP03_CURRENT_0621_CHECKPOINT_20261005.zip,safe_derived_selection_cloud_sha_verified,S026,partial_exact_safe_members_with_explicit_reading_derivatives,d22dba44f52d26b367d4bb1cc46fb54f600eb6a3829bf40613bc0ea6271b58f6,,356,356
libfile_61cb61f89ddc8191b6f11f9a40821b60,ERP_CREDIT_FULL_SCOPE_STAGE46_MULTI_CREDIT_GL_NORMAL_SOURCE_WORKING.zip,safe_derived_selection_cloud_sha_verified,S045,partial_exact_safe_members_with_explicit_reading_derivatives,636f3435a78624324ac1a5c6b5c996ec333e758082c7f746c28c9ec107b44679,,1562,1562
libfile_314ae634d8008191b4a17f8fe19d9b01,PLAN_EXC_CP03_SHARED_SETTLEMENT_LOSSLESS_UOW_FULL_CURRENT_CHECKPOINT_20261005T0544Z.zip,safe_derived_selection_cloud_sha_verified,S026,partial_exact_safe_members_with_explicit_reading_derivatives,effdb8bdec0c63b1e345fa481fea57b65f258d9e5641795c349283481c8cd050,,353,353
libfile_a54fb4f2654481919fb1464c4bdf4279,PLAN_EXC_CP03_SOURCE_MATERIAL_PRIMARY_M04_ALERT_REPAIR_FULL_CURRENT_CHECKPOINT_20261005T0508Z.zip,safe_derived_selection_cloud_sha_verified,S026,partial_exact_safe_members_with_explicit_reading_derivatives,8b12c8fa2402bda2f1eb454ce0bddb786937a6f0e76a30d8040695478f3ee7d6,,351,351
libfile_1485612457008191b0114c2fb543b3fa,ERP_CREDIT_FULL_SCOPE_STAGE45_QUALIFIED_PREPARED_FULL_NORMAL_REVISION_WORKING.zip,safe_derived_selection_cloud_sha_verified,S044,partial_exact_safe_members_with_explicit_reading_derivatives,ad49c14447fb0b846d3b04c3b21913bcc88dcb57d42f7001cc7985fccbdccd5b,,1554,1554
libfile_d1a3f1965e308191a197bb8a6f7f83d3,ERP_CREDIT_FULL_SCOPE_STAGE44_QUALIFIED_CURRENT_SOURCE_REVISION_WORKING.zip,safe_derived_selection_cloud_sha_verified,S044,partial_exact_safe_members_with_explicit_reading_derivatives,33456039949faafc5945eae70b4b2153d4b70cd5a616e82ff10d95f777768abd,,1550,1550
libfile_2194297286188191928c3d92812ab940,ERP_CREDIT_FULL_SCOPE_STAGE43_QUALIFIED_RESERVED_SOURCE_REVISION_WORKING.zip,safe_derived_selection_cloud_sha_verified,S044,partial_exact_safe_members_with_explicit_reading_derivatives,a9272429fa3f84621955af7f1b43ee1b6b31da1b159fb7aeb3b04cf775d61333,,1544,1544
libfile_0cd0dc8db4b48191a47500d5943c3d18,PLAN_EXC_CP03_MATERIAL_EXCEPTION_GRAPHS_FULL_CURRENT_CHECKPOINT_20261005T0355Z.zip,safe_derived_selection_cloud_sha_verified,S020,partial_exact_safe_members_with_explicit_reading_derivatives,978087790d85d40309bc11cffcf050d6a977443de99e5c95adb402b582ec02a7,,341,341
libfile_2d63cf443f048191a45212fee00fdb76,ERP_CREDIT_FULL_SCOPE_STAGE42_ORIGINAL_NATIVE_REFERENCE_MAPPING_WORKING.zip,safe_derived_selection_cloud_sha_verified,S043,partial_exact_safe_members_with_explicit_reading_derivatives,e5ad89bb37fcaffb381160f5027b5f17f38e6d0fbdaabe0209a22911991e76ed,,1538,1538
libfile_e0365444fa108191b37f9ad094c270b0,PLAN_EXC_CP03_EXACT_MATERIAL_ORIGINS_SOURCE_PUBLIC_STORAGE_AND_MAIN_FULL_CURRENT_CHECKPOINT_20261005T0324Z.zip,safe_derived_selection_cloud_sha_verified,S020,partial_exact_safe_members_with_explicit_reading_derivatives,14e6f350470bb399226bf441bfc671d59636663e9122f3d088061d12cd4b1672,,318,318
libfile_1e1248fd75448191a9c6874946eefb6e,ERP_CREDIT_FULL_SCOPE_STAGE41_MULTI_PREPARED_TERMINAL_C10_FULL_ROWS_WORKING.zip,safe_derived_selection_cloud_sha_verified,S041,partial_exact_safe_members_with_explicit_reading_derivatives,d7b073feb0c649768c18d0190de17404675918ff91a7b558adc4b23186145cd0,,1529,1529
libfile_5dcef4e4a0bc819197f8ec82373e3b74,PLAN_EXC_CP03_SOURCE_PUBLIC_STORAGE_ROOT_AND_RECORD_FULL_CURRENT_CHECKPOINT_20261005T0258Z.zip,safe_derived_selection_cloud_sha_verified,S029,partial_exact_safe_members_with_explicit_reading_derivatives,cfb86a6c7f0320b83068f3acb53c5ee9b1e9bc1c3b3a5db6eea33498c799aa99,,317,317
libfile_024ff054ade48191aff0db24670c9204,ERP_CREDIT_FULL_SCOPE_STAGE40_MULTI_RESERVED_CURRENT_FULL_SOURCE_WORKING.zip,safe_derived_selection_cloud_sha_verified,S040,partial_exact_safe_members_with_explicit_reading_derivatives,cff1556b55b5ec65114280dd4ed79cb58b03d24cbbf62b7e3bcc8547ae742137,,1522,1522
libfile_15c6311d625c81918f59c6e8a0cae502,PLAN_EXC_CP03_CONCRETE_NATIVE_AND_PRIVATE_REGISTRY_FULL_CURRENT_CHECKPOINT_20261005T0238Z.zip,safe_derived_selection_cloud_sha_verified,S022,partial_exact_safe_members_with_explicit_reading_derivatives,722439660e7986a59e64d147b10efc043d73a34a67115a847dcd7559eede7409,,314,314
libfile_1e67d80f80f88191bf904b5dea737914,PLAN_EXC_CP03_CANONICAL_SOURCE_AND_MATERIAL_FULL_CURRENT_CHECKPOINT_20261005T0214Z.zip,safe_derived_selection_cloud_sha_verified,S020,partial_exact_safe_members_with_explicit_reading_derivatives,19abeacb0569ffa04f9d12c6935ce6a0f6a922e173b739ae703d62bfb928002d,,311,311
libfile_c9f5d21b54d0819190acd9fa9ef33bde,ERP_CREDIT_FULL_SCOPE_STAGE39_MULTI_FIN_PREPARE_DISPATCH_FULL_ROWS_WORKING.zip,safe_derived_selection_cloud_sha_verified,S038,partial_exact_safe_members_with_explicit_reading_derivatives,7b30ebfa8c9576f013dfd6acc17c63d771d0d2c70d2e4de1008c87988f4e3bad,,1514,1514
libfile_185839f8625c8191ac986c48ffa7f58a,PLAN_EXC_CP03_PUBLIC_AND_WO_MAT_TYPED_FOUNDATION_FULL_CURRENT_CHECKPOINT_20261005T0141Z.zip,safe_derived_selection_cloud_sha_verified,S020,partial_exact_safe_members_with_explicit_reading_derivatives,44c3891a4ad95c1eae2bc85bce380e221ef944755f192816bff88fd1dbe4ab45,,310,310
libfile_fd4640513df08191bcb3d4fe5490ecd3,ERP_CREDIT_FULL_SCOPE_STAGE38_MULTI_NATIVE_CREDIT_RESERVED_SOURCE_WORKING.zip,safe_derived_selection_cloud_sha_verified,S038,partial_exact_safe_members_with_explicit_reading_derivatives,10cf30dee86f5ec59ff4e598a76cc2be002f5759ca12a815ba07261ffa8b1382,,1507,1507
libfile_8c4418cfd404819181a0eb8b617c2c13,ERP_CREDIT_FULL_SCOPE_STAGE37_MULTI_NATIVE_GL_BASELINE_WORKING.zip,safe_derived_selection_cloud_sha_verified,S038,partial_exact_safe_members_with_explicit_reading_derivatives,ee89959a0528f6b021d2dbd037701e9b9dc34fd89ca07a2a79f768cdc731ed7f,,1497,1497
libfile_cc1aaf9abf78819192bbe8a6cee8f4aa,PLAN_EXC_WHOLE_FIVE_SPEC_STATIC_CANDIDATE_FROZEN_20261004_CP02.zip,qualified_replacement_delivered_global_clean_pending,S027,partial_exact_safe_members_with_explicit_reading_derivatives,a50e783bdbf8028bc467764ba523ca5136d33f85c39c1a24b4777c5cd8d656ff,D:/CP6/docs/CP6_完整成果归档_20261009/CP6_遗漏原包补充_20261009/S002_已核原ZIP及来源补充/PLAN_EXC_WHOLE_FIVE_SPEC_STATIC_CANDIDATE_FROZEN_20261004_CP02.zip,287,287
libfile_0364c351866881918f6c18a0e0e3cb0a,ERP_CREDIT_FULL_SCOPE_STAGE36_MULTI_NATIVE_INVOICE_TAX_WORKING.zip,safe_derived_selection_cloud_sha_verified,S036,partial_exact_safe_members_with_explicit_reading_derivatives,3ffa62220f844e61baf600ba46dd02ca06945fea8d95ae6c4143a1bafc22fe9d,,1487,1487
libfile_1b96019ec320819184d9ba3b7d7241a5,PLAN_EXC_CP02_WHOLE_MAIN_AND_ALL_CURRENT_CHECKPOINT_20261005T0003Z.zip,safe_derived_selection_cloud_sha_verified,S020,partial_exact_safe_members_with_explicit_reading_derivatives,defad69f10b140910ead8378707cb0bc0a88cc616adb5e2d52653066b279e1ad,,283,283
libfile_7ad1da9fe8448191a56edbc417a99e4c,ERP_CREDIT_FULL_SCOPE_STAGE35_RETURN_NATIVE_PARTITION_SLICES_WORKING.zip,safe_derived_selection_cloud_sha_verified,S036,partial_exact_safe_members_with_explicit_reading_derivatives,9f113af0eca61f359c209bea70c86a0066f763107b83bed22b0d4c258e189349,,1480,1480
libfile_13f3b3eec380819187f8717b4b9ced90,PLAN_EXC_CP02_COMPLETE_RELATIONAL_AND_EXPORT_CURRENT_CHECKPOINT_20261004T2333Z.zip,safe_derived_selection_cloud_sha_verified,S020,partial_exact_safe_members_with_explicit_reading_derivatives,2b2c1ea10b767c96b7efa7b69df0e77f287166e3bfd092113f0fd23e8b94916a,,281,281
libfile_2c40e0457798819199c820278f087f87,PLAN_EXC_CP02_REBUILT_FULL_LEAF_PINS_CURRENT_CHECKPOINT_20261004T2311Z.zip,safe_derived_selection_cloud_sha_verified,S020,partial_exact_safe_members_with_explicit_reading_derivatives,586de42986b4e954096d9c7fec85f4c5fd57de26b431a9f223dc312bc301051d,,281,281
libfile_255eb1d0de6081918e19ebcc479d34df,PLAN_EXC_CP02_REBUILT_NATIVE_RELATIONS_FULL_CURRENT_CHECKPOINT_20261004T2254Z.zip,safe_derived_selection_cloud_sha_verified,S020,partial_exact_safe_members_with_explicit_reading_derivatives,b1cdad03c14e83ade1ef694551b2ad92b8af39c233677aaf7887dbdaf320abaf,,282,282
libfile_3f72350e2f748191bf5c2a07d2b684f7,ERP_CREDIT_FULL_SCOPE_STAGE34_RETURN_H30_INVENTORY_WORKING.zip,safe_derived_selection_cloud_sha_verified,S036,partial_exact_safe_members_with_explicit_reading_derivatives,e8771cdcd9ceea5b76ad7c9e63d82b1f0c49d9b4206e4ffee695ee1f80f243c1,,1474,1474
libfile_f51ae358a6f081918b842e8311f5d344,PLAN_EXC_CP02_REBUILT_103AC_FULL_CURRENT_CHECKPOINT_20261004T2246Z.zip,safe_derived_selection_cloud_sha_verified,S020,partial_exact_safe_members_with_explicit_reading_derivatives,00b38c998f4f964521d6f70e09764353e832ae153776230cf7c3abea6c76769f,,282,282
libfile_98fd35547d808191ad9da111850c9c67,PLAN_EXC_CP02_REBUILT_PROTOCOL_FULL_CURRENT_CHECKPOINT_20261004T2231Z.zip,safe_derived_selection_cloud_sha_verified,S020,partial_exact_safe_members_with_explicit_reading_derivatives,1a6d987928b76b5777cefb76163cb6f9c54c33da07848ae3e109551e1798259c,,273,273
libfile_d4201ea913248191bfd6b2206cbc2625,PLAN_EXC_CP02_RECOVERED_BASELINE_FULL_CURRENT_WORK_CHECKPOINT_20261004T2224Z.zip,safe_derived_selection_cloud_sha_verified,S020,partial_exact_safe_members_with_explicit_reading_derivatives,201d4039237b62049d55a816015af9d24abe53ec6fa144fd7619eda98ff7780c,,272,272
libfile_10d95f8cb52481919f9ff7210141449f,ERP_CREDIT_FULL_SCOPE_STAGE33_NATIVE_MASTER_TAX_WORKING.zip,safe_derived_selection_cloud_sha_verified,S035,partial_exact_safe_members_with_explicit_reading_derivatives,34525546f1f8876377db2121967ad0691fbe7143fcb0e108c279910624ab66cd,,1439,1439
libfile_4e651208517081919b9e379d8b1285cb,ERP_CREDIT_FULL_SCOPE_STAGE32_NATIVE_CURRENT_READ_WORKING.zip,safe_derived_selection_cloud_sha_verified,S035,partial_exact_safe_members_with_explicit_reading_derivatives,0ad3132263db891a127bab2460112c38284ebe2c60253eb976858a3c70bf3770,,1432,1432
libfile_22e8c19a1c608191bb06910dc0ffa718,PLAN_EXC_CP02_WIP_COMPLETE_CHANGED_FILES_CHECKPOINT_20261004T2112Z.zip,exact_original_bytes_cloud_sha_verified,S013,exact_original_bytes,84413dea2104056ad8d466df47090f391547a6e58f4044b22f8de81c868f49ab,D:/CP6-archives/consolidation-20261010/objects/84413dea2104056ad8d466df47090f391547a6e58f4044b22f8de81c868f49ab.zip,0,0
libfile_5fb88a48c67c8191bfbbcbe1e27c73df,ERP_CREDIT_FULL_SCOPE_STAGE31_RESERVED_FULL_READ_WORKING.zip,safe_derived_selection_cloud_sha_verified,S035,partial_exact_safe_members_with_explicit_reading_derivatives,6e5332702f7c3489a43d55c9781f7993dab26770c7c9f13b8ef46830398c1c80,,1422,1422
libfile_f656d9eaf7b88191bb240333efe3f5d4,ERP_CREDIT_FULL_SCOPE_STAGE30_NATIVE_FINAL_ADMISSION_WORKING.zip,safe_derived_selection_cloud_sha_verified,S034,partial_exact_safe_members_with_explicit_reading_derivatives,fe679750caee1685966f37513b5f054879d29e8ca564314f5983fac747e9f9d4,,1415,1415
libfile_ccb31130a0188191a1e256462f8ffd1d,ERP_CREDIT_FULL_SCOPE_STAGE29_ORIGINAL_A27_APPLIED_C10_WORKING.zip,safe_derived_selection_cloud_sha_verified,S033,partial_exact_safe_members_with_explicit_reading_derivatives,e15e262d54fe4afe84685789a5e8b71e5e67aedbfdda3e9d5a7ff158b1a30c1c,,1429,1429
libfile_399f5df76ef08191b0da943c10491191,PLAN_EXC_WHOLE_FIVE_SPEC_STATIC_CANDIDATE_FROZEN_20261004_CP01.zip,qualified_replacement_delivered_global_clean_pending,S027,partial_exact_safe_members_with_explicit_reading_derivatives,7f0533aecc6847d72bc3cc82dce618dc898791dab860e03b95ef73808770b1a6,D:/CP6/docs/CP6_完整成果归档_20261009/CP6_遗漏原包补充_20261009/S002_已核原ZIP及来源补充/PLAN_EXC_WHOLE_FIVE_SPEC_STATIC_CANDIDATE_FROZEN_20261004_CP01.zip,264,264
libfile_3f148a1b19f881919c0a036595ccc99e,ERP_CREDIT_FULL_SCOPE_STAGE28_ORIGINAL_POLICY_CANONICAL_WORKING.zip,safe_derived_selection_cloud_sha_verified,S033,partial_exact_safe_members_with_explicit_reading_derivatives,a56fd47de76eef975fb58a1a2745c8c6c5a91f2e45151c59aa551b3c12de8abd,,1416,1416
libfile_e646156e572c8191b25976f9f9c48ca9,PLAN_EXC_WIP_FULL_CURRENT_ARTIFACT_CHECKPOINT_20261004T185532Z.zip,exact_original_bytes_cloud_sha_verified,S007,exact_original_bytes,bf6473b31a54cb909d6f40af2355ce46660fa600b09753698eb5b83d6b5fa0da,D:/CP6-archives/consolidation-20261010/objects/bf6473b31a54cb909d6f40af2355ce46660fa600b09753698eb5b83d6b5fa0da.zip,0,0
libfile_da32e293b33481918bbc2404307c6a58,ERP_CREDIT_FULL_SCOPE_STAGE27_ORIGINAL_C07_LOCAL_TERMINAL_WORKING.zip,safe_derived_selection_cloud_sha_verified,S033,partial_exact_safe_members_with_explicit_reading_derivatives,c5f3ae151cb3249c05457a1f1d062d02f99a8d190f26aab975891e7a4b2fb5fd,,1407,1407
libfile_9c081e2d94b881919cd8abdf4bc99a82,ERP_CREDIT_FULL_SCOPE_STAGE26_NATIVE_GL_ORIGINAL_BASELINE_WORKING.zip,safe_derived_selection_cloud_sha_verified,S033,partial_exact_safe_members_with_explicit_reading_derivatives,a48b39cc935b429a493417d02a7ad39113dca0d4145fcf1aafe55d138c84f648,,1398,1398
libfile_478bf635ee008191954eddbfbd44cc4d,ERP_CREDIT_FULL_SCOPE_STAGE25_NATIVE_TAX_MASTER_SOURCE_WORKING.zip,safe_derived_selection_cloud_sha_verified,S033,partial_exact_safe_members_with_explicit_reading_derivatives,0616c872d2b2d056de5542b9f9abb1a0b0c4c5055adb384e653d78b4881f90e8,,1388,1388
libfile_bad1bc09a6d08191af9f31aabc5e3ad3,ERP_CREDIT_FULL_SCOPE_STAGE24_NATIVE_ORIGINAL_RESERVED_POST_WORKING.zip,safe_derived_selection_cloud_sha_verified,S033,partial_exact_safe_members_with_explicit_reading_derivatives,26dcdbf41668b5fef8bdd54de6c74a33725ea5123cc56098782105dd5ff09d6b,,1378,1378
libfile_d812a2e3affc81918f07ab2d6d88bf88,ERP_CREDIT_FULL_SCOPE_STAGE23_FIN_NATIVE_SOURCE_CONSUMERS_WORKING.zip,safe_derived_selection_cloud_sha_verified,S033,partial_exact_safe_members_with_explicit_reading_derivatives,68c599169d5f6457ef2d2c7bc6b700a527dbfebfc58f23e227cc1d5a18ff222b,,1368,1368
libfile_b7bf935c9d888191aed4eda77286a276,PLAN_PO_CP21_OWNER_TECH_DELTA_DESIGN_ADOPTION_20261004.zip,exact_original_bytes_cloud_sha_verified,S007,exact_original_bytes,ff0adb203c78a0f4bbd4d7e21afcdb1e955088de80bae175665df27154f2501f,D:/CP6-archives/consolidation-20261010/objects/ff0adb203c78a0f4bbd4d7e21afcdb1e955088de80bae175665df27154f2501f.zip,0,0
libfile_ef6e14efc0e88191bde257226830ba59,ERP_CREDIT_FULL_SCOPE_STAGE22_MULTI_INITIAL_SOURCE_UOM_QA_WORKING.zip,safe_derived_selection_cloud_sha_verified,S033,partial_exact_safe_members_with_explicit_reading_derivatives,d78779c3b6d868575d96ef689410a964da3f0c72a1702c889109d96414d19161,,1360,1360
libfile_5f386899654881918ecc27e29d42ed36,PLAN_PO_CP20_PLANNING_SOURCE_PROFESSIONAL_DESIGN_ADOPTIONS_20261004.zip,exact_original_bytes_cloud_sha_verified,S005,exact_original_bytes,2dcc34dc04a8ff0d55879bfb0b916136f89496af1912e073fb7667ea56abad94,D:/CP6-archives/consolidation-20261010/objects/2dcc34dc04a8ff0d55879bfb0b916136f89496af1912e073fb7667ea56abad94.zip,0,0
libfile_8668bfa07ad48191bcb3f2b7cb32352d,ERP_CREDIT_FULL_SCOPE_STAGE21_MULTI_INVOICE_CURRENCY_UOM_LOCAL_CHAIN_WORKING.zip,safe_derived_selection_cloud_sha_verified,S032,partial_exact_safe_members_with_explicit_reading_derivatives,e1f7c0fb7dfb7016461d7e33c147ae4cf6bd6dc1988539247bdb0f0748687859,,1353,1353
libfile_f5b562a3aeb88191b885bd661cf9710e,PLAN_PO_CP20_OWNER_TECH_DESIGN_ADOPTION_20261004.zip,exact_original_bytes_cloud_sha_verified,S007,exact_original_bytes,30ea912b45e79fbee56aed6e8257d84ad92fb31b2f2564d2b4c1ba06deb0ef89,D:/CP6-archives/consolidation-20261010/objects/30ea912b45e79fbee56aed6e8257d84ad92fb31b2f2564d2b4c1ba06deb0ef89.zip,0,0
libfile_f33c72c1110881919ea8f9c38d3eeae6,PLAN_PO_CP20_WHOLE_SIX_SPEC_INDEPENDENT_REVIEW_EVIDENCE_20261004.zip,exact_original_bytes_cloud_sha_verified,S014,exact_original_bytes,5f7734903dc717570ce25a17e5b719a571863c82d9e9ecf88185deea680e12a8,D:/CP6-archives/consolidation-20261010/objects/5f7734903dc717570ce25a17e5b719a571863c82d9e9ecf88185deea680e12a8.zip,0,0
libfile_d4bae8418f448191864097ca3989f6de,ERP_CREDIT_FULL_SCOPE_STAGE20_ORIGINAL_QA_TYPED_SOURCE_RELATIONS_WORKING.zip,safe_derived_selection_cloud_sha_verified,S032,partial_exact_safe_members_with_explicit_reading_derivatives,fd1ac971f27410576585571ba1e1afffef8dd3d320989fdc7388072723524f62,,1343,1343
libfile_e5c404c2dab08191918b0b28f0f574c8,PLAN_PO_CP19_WHOLE_SIX_SPEC_INDEPENDENT_REVIEW_EVIDENCE_20261004.zip,exact_original_bytes_cloud_sha_verified,S002,exact_original_bytes,4a370dbbfdf059f39d645c1df0acb45871eba399c09c7b52fa0e869cc9d92005,D:/CP6/docs/CP6_完整成果归档_20261009/CP6_遗漏原包补充_20261009/S002_已核原ZIP及来源补充/PLAN_PO_CP19_WHOLE_SIX_SPEC_INDEPENDENT_REVIEW_EVIDENCE_20261004.zip,0,0
libfile_641da29ff52881919a73b49390085128,ERP_CREDIT_FULL_SCOPE_STAGE19_ORIGINAL_I01_HISTORY_SOURCE_REFRESH_WORKING.zip,safe_derived_selection_cloud_sha_verified,S032,partial_exact_safe_members_with_explicit_reading_derivatives,cfb09c7f7ecceb3f17fa4ae9933d95aaa4fa9e06c9ac0402ffdca1fb4a1929cb,,1334,1334
libfile_76b434239a34819190fac9d859d9f431,ERP_CREDIT_FULL_SCOPE_STAGE18_SIX_RETURN_WITHDRAW_ALTERNATIVES_WORKING.zip,safe_derived_selection_cloud_sha_verified,S032,partial_exact_safe_members_with_explicit_reading_derivatives,de8343560961870e3a4e530860e8855fad850d308a3ecc0704adec4377a99495,,1326,1326
libfile_39d802ef54308191b3e8fd24f38a15d8,ERP_CREDIT_FULL_SCOPE_STAGE17_SIX_RETURN_NATIVE_PENDING_PIPELINE_WORKING.zip,safe_derived_selection_cloud_sha_verified,S032,partial_exact_safe_members_with_explicit_reading_derivatives,a6913c55df914f755b60a0dd84638d2a27a9e9fe73d7f9247ef482c289a52932,,1323,1323
libfile_ee65aa5736208191928143b51399b19d,ERP_CREDIT_FULL_SCOPE_STAGE16_ORDINARY_RETURN_C05_CORE_TERMINAL_WORKING.zip,safe_derived_selection_cloud_sha_verified,S032,partial_exact_safe_members_with_explicit_reading_derivatives,ca281a4951849cf4e8ba34e727ca7c06c0a033cabdfda79f603ca99d7d69b2ff,,1320,1320
libfile_693752c3414481918cd3f5fd8f0b3bfc,ERP_CREDIT_FULL_SCOPE_STAGE15_ORDINARY_DRAFT_NATIVE_APPROVAL_NORMAL_WORKING.zip,safe_derived_selection_cloud_sha_verified,S032,partial_exact_safe_members_with_explicit_reading_derivatives,aa2d9e83152def5d280e36d3d09c28e21791934839f6f04588b52531c1d1b1d9,,1314,1314
libfile_b28bfae388708191819dfcbe81ff6153,ERP_CREDIT_FULL_SCOPE_STAGE14_DRAFT_NATIVE_APPROVAL_WORKING.zip,safe_derived_selection_cloud_sha_verified,S030,partial_exact_safe_members_with_explicit_reading_derivatives,97c148cbba72847414e02fe002b5a25fffa28fc6844132f5af6ac36bd1817426,,1309,1309
libfile_77ff4e9019ec81918b6ee282e52d6e3b,ERP_CREDIT_FULL_SCOPE_STAGE13_ORDINARY_CORE_TERMINAL_WORKING.zip,safe_derived_selection_cloud_sha_verified,S030,partial_exact_safe_members_with_explicit_reading_derivatives,7cdeaeb36e3d556915ea51238fb3778fb900829dcbf9e0b802a444d0317046f5,,1284,1284
libfile_11e7e9b0f8dc8191b2248aec52db47eb,ERP_CREDIT_FULL_SCOPE_STAGE12_ORIGINAL_FIN_KNOWLEDGE_WORKING.zip,safe_derived_selection_cloud_sha_verified,S030,partial_exact_safe_members_with_explicit_reading_derivatives,1d9c2cd60e9d38cd450f09d3ace432c78b3f53448e14390cb0dd9b37a14063f1,,1278,1278
libfile_b42d80f422a08191a168240a861312f2,ERP_CREDIT_FULL_SCOPE_STAGE11_FIN_AMOUNT_CONSUMERS_WORKING.zip,safe_derived_selection_cloud_sha_verified,S030,partial_exact_safe_members_with_explicit_reading_derivatives,b23fd6f972af0817d8ac3833dd52948867fccb02b88a64c17541d0300ef34860,,1271,1271
libfile_3f7c14ab9e888191941b89b323eff700,ERP_CREDIT_FULL_SCOPE_STAGE10_LOCAL_ACTION_LEDGER_WORKING.zip,safe_derived_selection_cloud_sha_verified,S030,partial_exact_safe_members_with_explicit_reading_derivatives,beaa0c6c04675d923881a1ecedc9afe72eaa568e6d87657a7124bf1f49415116,,1262,1262
libfile_a5a36849d4588191967694fe5bdf69a6,ERP_CREDIT_FULL_SCOPE_STAGE09_SOURCE_NORMAL_GENERATIONS_HANDOFF_WORKING.zip,safe_derived_selection_cloud_sha_verified,S030,partial_exact_safe_members_with_explicit_reading_derivatives,86f91aea95595dec7758f77639ddcacff50191d8980868655b2385e2a523f6e8,,1254,1254
libfile_7617b548fed481918b090b87b9e379ac,ERP_CREDIT_FULL_SCOPE_STAGE08_GENERIC_LIFECYCLE_ACTUAL_OUTPUT_WORKING.zip,safe_derived_selection_cloud_sha_verified,S030,partial_exact_safe_members_with_explicit_reading_derivatives,f6d19b1169924bd80b0329ecf323815a87e48b978ee86dc2a572e56d4699b46c,,1250,1250
libfile_f534f862ff2881919c8a8b21a1ecaf54,ERP_CREDIT_FULL_SCOPE_STAGE07_ACTUAL_COMPLETE_STATE_DISPATCH_WORKING.zip,safe_derived_selection_cloud_sha_verified,S030,partial_exact_safe_members_with_explicit_reading_derivatives,db59da87867effc6df7c8381f5384a038b27cbb9c5ddb343695a1b5a27faa77c,,1247,1247
libfile_a77d3446cee48191845f9590efcce5ac,ERP_CREDIT_FULL_SCOPE_STAGE06_NORMAL_SOURCE_AND_PARTIAL_ROWS_WORKING.zip,safe_derived_selection_cloud_sha_verified,S029,partial_exact_safe_members_with_explicit_reading_derivatives,b6441b7eab8f01cf665cc8c7a5b6e706d185a7503d5c200fc2bfd7d9844983c4,,1251,1251
libfile_32d057423f78819199568274125b0c34,CRM-LEAD-CP21-GPT61-XHIGH-INDEPENDENT-FULL-REVIEW.zip,exact_original_bytes_cloud_sha_verified,S007,exact_original_bytes,e66967cf37282bd31cb44dcfcab9839754c567e9742c7591e79039130cdeb281,D:/CP6-archives/consolidation-20261010/objects/e66967cf37282bd31cb44dcfcab9839754c567e9742c7591e79039130cdeb281.zip,0,0
libfile_a7c749ed1e3881918a035569e74781c7,ERP_CREDIT_FULL_SCOPE_STAGE05_TYPED_PRODUCER_CONSUMER_WORKING.zip,safe_derived_selection_cloud_sha_verified,S029,partial_exact_safe_members_with_explicit_reading_derivatives,091d13d2b326345983b21d7b5c6a34f71aa3a2b7c95d2d7a32a105895ae33132,,1245,1245
libfile_00ec7a52853c8191b4096c6af10c0c6f,QA-NCR-SIXSPEC-R10-CANDIDATE-20261003.zip,qualified_replacement_delivered_global_clean_pending,S027,partial_exact_safe_members_with_explicit_reading_derivatives,5cd3dd2cb5f7579386c6ccd8f0e26482e1df438f419b5c358b764faaa31a50d3,D:/CP6/docs/CP6_完整成果归档_20261009/CP6_遗漏原包补充_20261009/S002_已核原ZIP及来源补充/QA-NCR-SIXSPEC-R10-CANDIDATE-20261003.zip,230,230
libfile_c9c574fcb37081919315d7fe5c15963c,CRM-LEAD-FULL-SCOPE-CP21-SUCCESSOR.zip,safe_derived_selection_cloud_sha_verified,S024,partial_exact_safe_members_with_explicit_reading_derivatives,f37fcfcc93b65553193f7cd980d41be366ca3f51b087fecd03c55f8cc4f2e624,,1610,1610
libfile_f3d0925426308191bf3238274b690e30,ERP_CREDIT_FULL_SCOPE_STAGE04_CROSS_LAYER_WORKING.zip,blocked_unread_official_materialization,,,,,0,0
libfile_06c49df8b0288191b4fc756a940c40af,ERP_CREDIT_FULL_SCOPE_STAGE03_PHYSICAL_SKETCHES_WORKING.zip,safe_derived_selection_cloud_sha_verified,S029,partial_exact_safe_members_with_explicit_reading_derivatives,04e5e683762563139f65ebde30bada149e8d5e0ceed115714a3fbdfec28756c7,,1245,1245
libfile_61e093bd780c8191b2c642b12a0f9c2f,CRM-LEAD-CP20-GPT61-XHIGH-INDEPENDENT-REVIEW-V2-CODEC-CORRECTION.zip,exact_original_bytes_cloud_sha_verified,S005,exact_original_bytes,79f6123fc9035f3c551725b873383118beca4721d51ea55ee1b372d087f12199,D:/CP6-archives/consolidation-20261010/objects/79f6123fc9035f3c551725b873383118beca4721d51ea55ee1b372d087f12199.zip,0,0
libfile_e2ecdf065f288191bc1d1dd0d84d383f,ERP_CREDIT_FULL_SCOPE_STAGE02_BUSINESS_CONTRACTS_WORKING.zip,safe_derived_selection_cloud_sha_verified,S029,partial_exact_safe_members_with_explicit_reading_derivatives,e3f89e2bc80f8ad9bd118a866c2ec0ce2d61b30b925410c2b5bd1dab41829ea8,,1231,1231
libfile_e42ea8ff15008191a96f03dd2bcba2f0,QA-NCR-SIXSPEC-R8-CANDIDATE-20261003.zip,qualified_replacement_delivered_global_clean_pending,S027,partial_exact_safe_members_with_explicit_reading_derivatives,106b3c9b8f49f5c7933aefce05a76cbcc9523c648df24bcbf38050b918ebbb36,D:/CP6/docs/CP6_完整成果归档_20261009/CP6_遗漏原包补充_20261009/S002_已核原ZIP及来源补充/QA-NCR-SIXSPEC-R8-CANDIDATE-20261003.zip,204,204
libfile_91ecfa43452881919b86be7ba6b3b07c,CRM-LEAD-CP20-GPT61-XHIGH-INDEPENDENT-FULL-REVIEW.zip,exact_original_bytes_cloud_sha_verified,S005,exact_original_bytes,22c896d2f5776f12d417ff8b038961fef8d744f11cd520a8bf8967b4853f8c5d,D:/CP6-archives/consolidation-20261010/objects/22c896d2f5776f12d417ff8b038961fef8d744f11cd520a8bf8967b4853f8c5d.zip,0,0
libfile_bb19a30b40d081919e2d302414f8b40f,CRM-LEAD-FULL-SCOPE-CP20-WORKING.zip,safe_derived_selection_cloud_sha_verified,S024,partial_exact_safe_members_with_explicit_reading_derivatives,305a95232341ff8fc13d77c954cc6a897cf7aa6be6345d26610a7321e2fe69c4,,1453,1453
libfile_63870f81c1d88191944676f775e0c545,ERP_CREDIT_FULL_SCOPE_STAGE01_COVERAGE_46AC.zip,exact_original_bytes_cloud_sha_verified,S007,exact_original_bytes,46a16fb0b7e3d4554753ddec022fabab6060fbc6299ca37d67f6abbba4048f3d,D:/CP6-archives/consolidation-20261010/objects/46a16fb0b7e3d4554753ddec022fabab6060fbc6299ca37d67f6abbba4048f3d.zip,0,0
libfile_ef57df2155288191a4a2b12da075aea6,QA-NCR-SIXSPEC-R7-CANDIDATE-20261003.zip,exact_original_bytes_cloud_sha_verified,S014,exact_original_bytes,b6e836950c9106a76280e353c0e87f7d335d7b18ee732763f11851719ae727ca,D:/CP6-archives/consolidation-20261010/objects/b6e836950c9106a76280e353c0e87f7d335d7b18ee732763f11851719ae727ca.zip,0,0
libfile_04d582e557b08191bdba86af91a0cda6,QA-NCR-SIXSPEC-R6-CANDIDATE-20261003.zip,exact_original_bytes_cloud_sha_verified,S014,exact_original_bytes,4dec97ba58de2d1b72e67a0347466bf39f6e83f6551d643bfe13659ba3bb5489,D:/CP6-archives/consolidation-20261010/objects/4dec97ba58de2d1b72e67a0347466bf39f6e83f6551d643bfe13659ba3bb5489.zip,0,0
libfile_eee234e5eea881918d9f6bb2da54fed7,ERP_CREDIT_F09_R2_STAGE01_TIME_Q14_DRAFT.zip,exact_original_bytes_cloud_sha_verified,S017,exact_original_bytes,bc38b317cc39aa393a914810de4f78477fba594d7e15d29166b34a1705a1c792,D:/CP6-archives/consolidation-20261010/objects/bc38b317cc39aa393a914810de4f78477fba594d7e15d29166b34a1705a1c792.zip,0,0
libfile_3939d7cbc0d88191b2176e0af3183fd2,QA-NCR-SIXSPEC-R6-WORKING-HANDOFF-GPT61-XHIGH-20261003.zip,exact_original_bytes_cloud_sha_verified,S014,exact_original_bytes,7a324bf5177ce286a8144248aa31a0ce7f62d7ca098fb7a94edaeef07b2c0d62,D:/CP6-archives/consolidation-20261010/objects/7a324bf5177ce286a8144248aa31a0ce7f62d7ca098fb7a94edaeef07b2c0d62.zip,0,0
libfile_04e9481e5e948191aeb870b37282c673,PLAN_PO_R3_CP18_HANDOFF_GPT61_XHIGH_20261003.zip,exact_original_bytes_cloud_sha_verified,S014,exact_original_bytes,a8bdc61296b6e6fbae914e667208c1be380877b3eb730ec6cb0ea7fffbe45732,D:/CP6-archives/consolidation-20261010/objects/a8bdc61296b6e6fbae914e667208c1be380877b3eb730ec6cb0ea7fffbe45732.zip,0,0
libfile_f8585b69d7988191ad753680c86033a0,PLAN_PO_R3_CP18_PHASE01_COVERAGE_20261003.zip,exact_original_bytes_cloud_sha_verified,S002,exact_original_bytes,235c8c72e102e6dea1da5e524323b599c01b3224ac16f35e65af80c1cd327581,D:/CP6/docs/CP6_完整成果归档_20261009/CP6_遗漏原包补充_20261009/S002_已核原ZIP及来源补充/PLAN_PO_R3_CP18_PHASE01_COVERAGE_20261003.zip,0,0
libfile_b302fb5d5b188191a36fe2f82cd1c07b,ERP_CREDIT_CP18_F09_RECOVERY_R1.zip,exact_original_bytes_cloud_sha_verified,S002,exact_original_bytes,339ddf6d4ce60bcdd6100d7a3ce444aed3533a4746c4b0c5f6513850fe649480,D:/CP6/docs/CP6_完整成果归档_20261009/CP6_遗漏原包补充_20261009/S002_已核原ZIP及来源补充/ERP_CREDIT_CP18_F09_RECOVERY_R1.zip,0,0
libfile_25128026ced08191aad213d44bf834d1,CRM-LEAD-CP19-REVISION-INDEPENDENT-REVIEW-EVIDENCE-20261003.zip,exact_original_bytes_cloud_sha_verified,S005,exact_original_bytes,6dca81beca81f3457fc5c2d2dd4765a8100f01f4559b9a1c1745806d62d29c9e,D:/CP6-archives/consolidation-20261010/objects/6dca81beca81f3457fc5c2d2dd4765a8100f01f4559b9a1c1745806d62d29c9e.zip,0,0
libfile_f2f844f92b2481918b9fe152f7669eb4,CRM-LEAD-CP18-RECOVERY-INDEPENDENT-REVIEW-EVIDENCE-20261003.zip,exact_original_bytes_cloud_sha_verified,S005,exact_original_bytes,8b4d8d9ffb163690f09b781aa281ee33b034afdb9a1445f706bef8afaa58b43e,D:/CP6-archives/consolidation-20261010/objects/8b4d8d9ffb163690f09b781aa281ee33b034afdb9a1445f706bef8afaa58b43e.zip,0,0
libfile_63ccb431ef708191a88e39cd9c91d527,QA-NCR-CONSUMER-CP4-R1-20261003.zip,exact_original_bytes_cloud_sha_verified,S002,exact_original_bytes,603a3af640c829f7a39160d9bca3bcc4c58819fd927845d1efa35fe9fd0dab74,D:/CP6/docs/CP6_完整成果归档_20261009/CP6_遗漏原包补充_20261009/S002_已核原ZIP及来源补充/QA-NCR-CONSUMER-CP4-R1-20261003.zip,0,0
libfile_54eef16755288191a47e7893d4434ab6,ERP_CREDIT_CP18_RECOVERY_NORMAL_R1.zip,exact_original_bytes_cloud_sha_verified,S002,exact_original_bytes,786be05cb134aa20b3b6723192c6932d61c21ef2e02edd3abb802f32624a084e,D:/CP6/docs/CP6_完整成果归档_20261009/CP6_遗漏原包补充_20261009/S002_已核原ZIP及来源补充/ERP_CREDIT_CP18_RECOVERY_NORMAL_R1.zip,0,0
libfile_63ea7539b6a48191b16b671210fc700b,PLAN_PO_R3_CP16_STAGE01_CONTRACTS_PO15_PARTIAL_NOT_FINAL.zip,exact_original_bytes_cloud_sha_verified,S014,exact_original_bytes,0d71483b9c0f03e933b46d7173b743c3ff67599729e52d01603fd632c466a07b,D:/CP6-archives/consolidation-20261010/objects/0d71483b9c0f03e933b46d7173b743c3ff67599729e52d01603fd632c466a07b.zip,0,0
libfile_c375263bbd2481919e6a4cbd8591d707,QA-NCR-CONSUMER-CP4-20261003.zip,exact_original_bytes_cloud_sha_verified,S002,exact_original_bytes,cc1c17f4ee5d2033558dde26fb348ea1b6fb985c519cd44c5bee392d214ba6f2,D:/CP6/docs/CP6_完整成果归档_20261009/CP6_遗漏原包补充_20261009/S002_已核原ZIP及来源补充/QA-NCR-CONSUMER-CP4-20261003.zip,0,0
libfile_0e2744d1d7408191b718e539103c72bb,B-CRM-LEAD-CP18-RECOVERY-WORKING.zip,exact_original_bytes_cloud_sha_verified,S017,exact_original_bytes,248decb5be5ede75e437e5e2f19386d2a4d9a4746cc6f86d63eac8399eba7a20,D:/CP6-archives/consolidation-20261010/objects/248decb5be5ede75e437e5e2f19386d2a4d9a4746cc6f86d63eac8399eba7a20.zip,0,0
libfile_dddf36dd15f88191922c89f4273b6ff6,ERP_CREDIT_CP18_RECOVERY_NORMAL_PREDECESSOR.zip,exact_original_bytes_cloud_sha_verified,S002,exact_original_bytes,43d34b50f6440aa1249c41b45ed75406b5fa5baf59cad5476f4f6f8e9f034d7e,D:/CP6/docs/CP6_完整成果归档_20261009/CP6_遗漏原包补充_20261009/S002_已核原ZIP及来源补充/ERP_CREDIT_CP18_RECOVERY_NORMAL_PREDECESSOR.zip,0,0
libfile_e33fcfcfd5cc8191b89ae6d196e1d70e,C_PLAN_PO_R3_CP15_RECOVERY_COMPLETE_DELIVERY.zip,exact_original_bytes_cloud_sha_verified,S013,exact_original_bytes,62d22ecef6092937badab1161115dfe2bc6f5df6b26c1c72e1cc2e116fbdea77,D:/CP6-archives/consolidation-20261010/objects/62d22ecef6092937badab1161115dfe2bc6f5df6b26c1c72e1cc2e116fbdea77.zip,0,0
libfile_2773eeb214f88191b132dcd83ff3e613,C_PLAN_PO_R3_CP15_RECOVERY_STAGE04_NOT_FINAL.zip,exact_original_bytes_cloud_sha_verified,S013,exact_original_bytes,418cce4d9b63401f5bfb32d16decd5a638b8ee46cedacacfd79e760d988adcb1,D:/CP6-archives/consolidation-20261010/objects/418cce4d9b63401f5bfb32d16decd5a638b8ee46cedacacfd79e760d988adcb1.zip,0,0
libfile_ca53f9b566848191b0179eaf8f57a64f,C_PLAN_PO_R3_CP15_RECOVERY_STAGE03_NOT_FINAL.zip,exact_original_bytes_cloud_sha_verified,S013,exact_original_bytes,7bf1ba22ab534ee03870aae5a65a9e906f1cb293f1b80b64ec8c6c5b6a0bd9c0,D:/CP6-archives/consolidation-20261010/objects/7bf1ba22ab534ee03870aae5a65a9e906f1cb293f1b80b64ec8c6c5b6a0bd9c0.zip,0,0
libfile_d2880e63f6f4819198616451bfc3fb6f,C_PLAN_PO_R3_CP15_RECOVERY_STAGE02_NOT_FINAL.zip,exact_original_bytes_cloud_sha_verified,S013,exact_original_bytes,adbd1f8c2e0ee38ff8e82bf5127842be129a5446d0a187195cca6ae859ec0dab,D:/CP6-archives/consolidation-20261010/objects/adbd1f8c2e0ee38ff8e82bf5127842be129a5446d0a187195cca6ae859ec0dab.zip,0,0
libfile_0a85aa6009b8819189a7e410ec27710d,D_ERP_CREDIT_CP16_CP17_CP18_CONTEXT_RECOVERY_20261003.zip,exact_original_bytes_cloud_sha_verified,S005,exact_original_bytes,3baf443574cfaf1e5758ff5dc3bedb5471e02dbfa05868fb711eb71d53b2977a,D:/CP6-archives/consolidation-20261010/objects/3baf443574cfaf1e5758ff5dc3bedb5471e02dbfa05868fb711eb71d53b2977a.zip,0,0
libfile_9e424680f850819197b1ae8cb63d1e5a,C_PLAN_PO_R3_CP15_RECOVERY_STAGE01_NOT_FINAL.zip,exact_original_bytes_cloud_sha_verified,S013,exact_original_bytes,92df8b99d3e5bd2cbce2a981f0f6872bca7de2c1bf8e6edd232c913df08d1bb1,D:/CP6-archives/consolidation-20261010/objects/92df8b99d3e5bd2cbce2a981f0f6872bca7de2c1bf8e6edd232c913df08d1bb1.zip,0,0
libfile_f2a53fcb3a488191906c9e8614f8915f,B-CRM-LEAD-CP17-REVIEW-RECONSTRUCTED-20261003.zip,exact_original_bytes_cloud_sha_verified,S005,exact_original_bytes,dad84e34a642413614aecd8cc9a97fe9fb0ab73ef7a0940c38fcd5cb98a1eec4,D:/CP6-archives/consolidation-20261010/objects/dad84e34a642413614aecd8cc9a97fe9fb0ab73ef7a0940c38fcd5cb98a1eec4.zip,0,0
libfile_c537d757f6a8819193c070364f77f482,B-CRM-LEAD-CP17-CP18-RECOVERY-NOTES-20261003T1117Z.zip,exact_original_bytes_cloud_sha_verified,S005,exact_original_bytes,b285a864fe19512b53d2936f5d742f9f76c30973012891a1ec55546100b9f391,D:/CP6-archives/consolidation-20261010/objects/b285a864fe19512b53d2936f5d742f9f76c30973012891a1ec55546100b9f391.zip,0,0
libfile_0f0942eea3ec8191a99570f6ccc16b07,A_QA_NCR_OWNER_ADDENDA_CP2(1).zip,exact_original_bytes_cloud_sha_verified,S007,exact_original_bytes,e8bad0f8865343c38375a375bcc8eb1d8f3ece22eaa21e8029e52f76bc6a1861,D:/CP6-archives/consolidation-20261010/objects/e8bad0f8865343c38375a375bcc8eb1d8f3ece22eaa21e8029e52f76bc6a1861.zip,0,0
libfile_7be377da37008191b93454a8f2ab2a97,PLAN_PO_CP14_R01_R03_SOURCE_GROUP_DELIVERY.zip,exact_original_bytes_cloud_sha_verified,S005,exact_original_bytes,6c6dba2f161d9ae7f99a0c2336ee289131ed3d917a41d286fdffd8608b7a27d6,D:/CP6-archives/consolidation-20261010/objects/6c6dba2f161d9ae7f99a0c2336ee289131ed3d917a41d286fdffd8608b7a27d6.zip,0,0
libfile_059bec6eb9608191b0c9a67f6ac0f80a,CRM-LEAD-01_CP17_PREFLIGHT_CATALOG_BATCH.zip,exact_original_bytes_cloud_sha_verified,S005,exact_original_bytes,b861cf83edba4a753b1621dd157a75aa537895df3a208e3e6517e74aaf3fe9fe,D:/CP6-archives/consolidation-20261010/objects/b861cf83edba4a753b1621dd157a75aa537895df3a208e3e6517e74aaf3fe9fe.zip,0,0
libfile_0e9edc6d69ec8191a5fa3e327270494b,PLAN-PO-01_CP14_SINGLE_TRANSFER_FIRST_DELIVERY.zip,exact_original_bytes_cloud_sha_verified,S005,exact_original_bytes,feec5a0178c2484d958a8b09ef4b4a140ad43b8985befa35f990fe732a86d30f,D:/CP6-archives/consolidation-20261010/objects/feec5a0178c2484d958a8b09ef4b4a140ad43b8985befa35f990fe732a86d30f.zip,0,0
libfile_25253c7b3e38819185c034ca191dc2ff,CRM-LEAD-01_CP17_DUPLICATE_SLICE_REVISION_BATCH01.zip,exact_original_bytes_cloud_sha_verified,S005,exact_original_bytes,4ea4e3431875996b59acb8e1d301c1104a04d4ce282c9e9bedc47200e06daaa5,D:/CP6-archives/consolidation-20261010/objects/4ea4e3431875996b59acb8e1d301c1104a04d4ce282c9e9bedc47200e06daaa5.zip,0,0
libfile_39ef8f6cf2548191ab214eccdb3aac75,D_ERP_CREDIT_R8_CP15_PRICE_ALLOWANCE.zip,exact_original_bytes_cloud_sha_verified,S015,exact_original_bytes,1f77fc235decfcf0cfa70942f4affeaeb153796e0831614fbb44d73c61851fb2,D:/CP6/docs/CP6_完整成果归档_20261009/完整成果/docs/originals/1f/1f77fc235decfcf0__CP15-ORIGINAL.zip,0,0
libfile_4af375d43af481918dc6fde7c36e254c,C_PLAN_PO_R3_CP13_SINGLE_TRANSFER_FROZEN.zip,exact_original_bytes_cloud_sha_verified,S013,exact_original_bytes,516a62a03fbb9f471e0c8633a3fcc9bfba37ac42962de32feb7a6733ed4a0366,D:/CP6-archives/consolidation-20261010/objects/516a62a03fbb9f471e0c8633a3fcc9bfba37ac42962de32feb7a6733ed4a0366.zip,0,0
libfile_056bf51c76b081919b0528be434285a0,A_QA_NCR_SUCCESSOR_R5.zip,exact_original_bytes_cloud_sha_verified,S007,exact_original_bytes,732b09a4ae444314d58a7e9f6bd4010deb7899051bc8bbea8abe39fea1f9b784,D:/CP6-archives/consolidation-20261010/objects/732b09a4ae444314d58a7e9f6bd4010deb7899051bc8bbea8abe39fea1f9b784.zip,0,0
libfile_a171ec8d90d88191bf4b3bf914aae901,C_PLAN_PO_SUCCESSOR_DRAFT.zip,safe_derived_selection_cloud_sha_verified,S016,partial_exact_safe_members_with_explicit_reading_derivatives,c4106fbe34f8636f4d2811e6f3dc7faca173b8a75bae4a507e5c759c34fcd8a4,,106,106
libfile_0f11bcd7c7808191a110cd0393d7a052,CP6_Development_Task_Split_Delivery_20261002.zip,exact_original_bytes_cloud_sha_verified,S005,exact_original_bytes,89686dd459e2377e5f1b16b8a4b6eb5aebf8a768f038d38b9933df3ffdc23e44,D:/CP6-archives/consolidation-20261010/objects/89686dd459e2377e5f1b16b8a4b6eb5aebf8a768f038d38b9933df3ffdc23e44.zip,0,0
libfile_ff0a0199b17c819190636c9c6e82edbe,D_WMS_RMA_R3_ADOPTION_NATIVE_WINDOWS.zip,exact_original_bytes_cloud_sha_verified,S002,exact_original_bytes,95e52c8148c42cf334c494a1d0933847339f0d5850ce62df6dcf4f5cabef4a41,D:/CP6/docs/CP6_完整成果归档_20261009/CP6_遗漏原包补充_20261009/S002_已核原ZIP及来源补充/D_WMS_RMA_R3_ADOPTION_NATIVE_WINDOWS.zip,0,0
libfile_a1bee7d768d08191ae0d6a45b9aa0aae,C_QA_IPQC_RECOVERY_R4_SYSTEMIC_R3_REVIEW_CANDIDATE.zip,safe_derived_selection_cloud_sha_verified,S022,partial_exact_safe_members_with_explicit_reading_derivatives,59d1b22d845475f1c1c6d4c51f9969eb48d9c2ae7af1ed64f415af8377b438b7,,234,234
libfile_bf08b1a0b490819189ff30920d1d2277,C_QA_IPQC_RECOVERY_R4_SYSTEMIC_R2_REVIEW_CANDIDATE.zip,safe_derived_selection_cloud_sha_verified,S022,partial_exact_safe_members_with_explicit_reading_derivatives,8d93ad625ecbf7369e3b68238149db511f202985a93cdeac19c417e693fa717f,,232,232
libfile_0a4b879ab4b08191a2e4a339855baf8d,D-WMS-RMA-MD-SPEC-01_COMPLETE-REVIEW-PACK(2).zip,safe_derived_selection_cloud_sha_verified,S016,partial_exact_safe_members_with_explicit_reading_derivatives,0c0551653e877604ad8aab6f544cba4f0888f912ea7a5b45f82837534d2086f6,,58,58
libfile_bf7262c08fb88191a00b2288d508a239,C_QA_IPQC_RECOVERY_R4_SYSTEMIC_R1_REVIEW_CANDIDATE.zip,safe_derived_selection_cloud_sha_verified,S022,partial_exact_safe_members_with_explicit_reading_derivatives,153c408158ae5995a7a57193b3cc9a7a16d1f7b985d54814c60b2c56fdb8d7c4,,231,231
libfile_052a29a3cd6881918075ca477bd8a385,D-WMS-RMA-MD-SPEC-01_COMPLETE-REVIEW-PACK(1).zip,safe_derived_selection_cloud_sha_verified,S016,partial_exact_safe_members_with_explicit_reading_derivatives,cf5c6fdc39e38a964643dbff17fccd42bf43050516f6b8baf9719636eadf98e2,,58,58
libfile_9bfe8efd4cb48191a32a972f89bbb35a,C_QA_IPQC_RECOVERY_R4_SYSTEMIC_REVIEW_CANDIDATE.zip,safe_derived_selection_cloud_sha_verified,S022,partial_exact_safe_members_with_explicit_reading_derivatives,ae24d0cb11295fab6345e1e2b3526b4275afa30d5b439f33d6fda542d81b3aa8,,228,228
libfile_abd62706dac48191ad69d9f7d1655d73,A_PLAN_ATP_SUCCESSOR_RECOVERY_R8.zip,exact_original_bytes_cloud_sha_verified,S012,exact_original_bytes,8e56e921b8f9feba9829a5a4fb1620ac6058e613d40b107ed9048d3d03147ba9,D:/CP6-archives/consolidation-20261010/objects/8e56e921b8f9feba9829a5a4fb1620ac6058e613d40b107ed9048d3d03147ba9.zip,0,0
libfile_c3a2885ab57c8191a0976e3c07eced0e,A_PLAN_ATP_SUCCESSOR_RECOVERY_R7.zip,exact_original_bytes_cloud_sha_verified,S002,exact_original_bytes,9647d42341d8cfe9d716f69a63dac18292175bc97f15453aab46eb3f212b65a3,D:/CP6/docs/CP6_完整成果归档_20261009/CP6_遗漏原包补充_20261009/S002_已核原ZIP及来源补充/A_PLAN_ATP_SUCCESSOR_RECOVERY_R7.zip,0,0
libfile_dac06ec3edfc819198de9d008a2372f1,QA-IPQC-01_RECOVERY_R4_REVIEW_CANDIDATE.zip,safe_derived_selection_cloud_sha_verified,S024,partial_exact_safe_members_with_explicit_reading_derivatives,e39a0b43e2b789ca4fbed5e2f859f9ddfe43ec85545fb8e24ee36ce7e2d93f85,,215,215
libfile_aea31371f5888191a6234605f617a138,A_PLAN_ATP_SUCCESSOR_RECOVERY_R6.zip,exact_original_bytes_cloud_sha_verified,S002,exact_original_bytes,f2df5b3e1c32dea23f1cccffdd74edb059959b2b4c1ce659cc10fabcf7b2a575,D:/CP6/docs/CP6_完整成果归档_20261009/CP6_遗漏原包补充_20261009/S002_已核原ZIP及来源补充/A_PLAN_ATP_SUCCESSOR_RECOVERY_R6.zip,0,0
libfile_e9f6d81ed74c81919743075073ddfcfb,A_PLAN_ATP_SUCCESSOR_RECOVERY_R5.zip,exact_original_bytes_cloud_sha_verified,S012,exact_original_bytes,08b745ec913a6cc468736ad91bb4f06ea8f5f7a44f8d8b944dec03e20a5cc239,D:/CP6-archives/consolidation-20261010/objects/08b745ec913a6cc468736ad91bb4f06ea8f5f7a44f8d8b944dec03e20a5cc239.zip,0,0
libfile_06652af0fbe0819182e9eb782c8a93a9,A_PLAN_ATP_SUCCESSOR_RECOVERY_R4.zip,exact_original_bytes_cloud_sha_verified,S012,exact_original_bytes,a81ceab57f23a92ef01df3d0201a9389f5289024f78637b3bd61babe75de9417,D:/CP6-archives/consolidation-20261010/objects/a81ceab57f23a92ef01df3d0201a9389f5289024f78637b3bd61babe75de9417.zip,0,0
libfile_2b7c867c697c8191958c9ff3763025e7,A_PLAN_ATP_SUCCESSOR_RECOVERY_R3.zip,exact_original_bytes_cloud_sha_verified,S012,exact_original_bytes,dbbc4ae57e8766e77ddcb9aaed328b2784eaf7902ee691aec05e4e21f2db5d21,D:/CP6-archives/consolidation-20261010/objects/dbbc4ae57e8766e77ddcb9aaed328b2784eaf7902ee691aec05e4e21f2db5d21.zip,0,0
libfile_2b6dbe67f2848191bfc4adeaa95086a4,B-CRM-INQ-MD-SPEC-01-RECOVERY-R2-AUTHOR-DRAFT.zip,safe_derived_selection_cloud_sha_verified,S016,partial_exact_safe_members_with_explicit_reading_derivatives,411f960fd266a7a9a0d1773c16313419e8823817238b7fc9057041dc3abb7a0b,,105,105
libfile_125faad26d088191b463d5f8eb49fec6,A_PLAN_ATP_SUCCESSOR_RECOVERY_R2.zip,exact_original_bytes_cloud_sha_verified,S012,exact_original_bytes,fbdd0099dc7c3f9cb5cb1f44e7c4f5823d54056299bc45de84458062966d5256,D:/CP6-archives/consolidation-20261010/objects/fbdd0099dc7c3f9cb5cb1f44e7c4f5823d54056299bc45de84458062966d5256.zip,0,0
libfile_0c13d826ab4881919e7a12525f4f6031,B-CRM-INQ-MD-SPEC-01-RECOVERY-R1-AUTHOR-DRAFT.zip,safe_derived_selection_cloud_sha_verified,S016,partial_exact_safe_members_with_explicit_reading_derivatives,dada39df1bc129d1933ebbb21f293412298dbf1eed7ed187d97b0870dc719350,,97,97
libfile_81ebfc4f2f0c8191932e116a489c5e51,A_PLAN_ATP_SUCCESSOR_RECOVERY_R1.zip,exact_original_bytes_cloud_sha_verified,S007,exact_original_bytes,be634d8ab6ec956aab96311820a47a210c61ec223c33023c29b78f4e1ed73eb2,D:/CP6-archives/consolidation-20261010/objects/be634d8ab6ec956aab96311820a47a210c61ec223c33023c29b78f4e1ed73eb2.zip,0,0
libfile_cea617a74c008191a7fc16bff009be66,FIN-INV-01_COMPLETE-PREP.zip,safe_derived_selection_cloud_sha_verified,S016,partial_exact_safe_members_with_explicit_reading_derivatives,4bf043b2461def7ecb1de1b485343a667a9cff96bd858275d2abaad6e4df053f,,52,52
libfile_8989dddfe1b48191bf772ebcd4c98104,FIN-COST-01_R2_NORMATIVE-DISTRIBUTION_PART-1-of-2.zip,safe_derived_selection_cloud_sha_verified,S020,partial_exact_safe_members_with_explicit_reading_derivatives,aec2a2dd924401dce67f4aa6724a198705f97d7db08bb10d45b3cb583b219df7,,575,575
libfile_ea57c5ebd7f48191b9bee9268dbd4e32,FIN-COST-01_R2_NORMATIVE-DISTRIBUTION_PART-2-of-2.zip,safe_derived_selection_cloud_sha_verified,S022,partial_exact_safe_members_with_explicit_reading_derivatives,514bc0923cc6a8d9e2fb35e80bae8884ec15641229b010d81fad86c4611aacfe,,387,387
libfile_a90b8d67ee00819197ef549b286d2ab9,FIN-AP-01_COMPLETE-PREP.zip,safe_derived_selection_cloud_sha_verified,S016,partial_exact_safe_members_with_explicit_reading_derivatives,9f6b547c0adcaa953481ad08dc6def610ad4c9c7c1a89b362a89ce2cdba51963,,106,106
libfile_0470c88c45d88191bcdfe6f2aaf8bdd5,INT-COM-COMPLETE-SOURCES.zip,qualified_replacement_delivered_global_clean_pending,S027,partial_exact_safe_members_with_explicit_reading_derivatives,6cff85f0d4e323af19ccde5ff9f9c37a35eb3609de313007b800dfd77f9ef1ee,,306,306
libfile_8c7cb73a8fa48191b774b645d6191b3c,FIN-GL-01_COMPLETE-SOURCES.zip,qualified_replacement_delivered_global_clean_pending,S027,partial_exact_safe_members_with_explicit_reading_derivatives,e08c384d96b87b80b0127e9b77d19587e14ad20dc0d81e69efb8d64d23b20be0,D:/CP6/docs/CP6_完整成果归档_20261009/CP6_遗漏原包补充_20261009/S002_已核原ZIP及来源补充/FIN-GL-01_COMPLETE-SOURCES.zip,56,56
libfile_6507fb05fc288191b5448cc09689f88e,PUR-GR-01_采购收货商业单据_MD_Spec_v1.0_DRAFT_bundle.zip,exact_original_bytes_cloud_sha_verified,S005,exact_original_bytes,176d00df4230cafeae831df18c8653d2540488af5703eeb8a5860414f3dedae4,D:/CP6-archives/consolidation-20261010/objects/176d00df4230cafeae831df18c8653d2540488af5703eeb8a5860414f3dedae4.zip,0,0
libfile_4c1a8697e0788191bdcd78fd332baaef,D_WMS_RSV_MD_SPEC_v1_0_DRAFT(1).zip,exact_original_bytes_cloud_sha_verified,S005,exact_original_bytes,5f05ddc22f00d768d06f894b7baeec148f0f4d322c80aae967ba5cb7b5b9ad26,D:/CP6-archives/consolidation-20261010/objects/5f05ddc22f00d768d06f894b7baeec148f0f4d322c80aae967ba5cb7b5b9ad26.zip,0,0
libfile_b04b4a40eb0c81919ffccec27b7842f6,A-CRM-OPP-MD-SPEC-01_商机完整Spec_v1.0_本地交付包.zip,exact_original_bytes_cloud_sha_verified,S005,exact_original_bytes,178d83dfb2e8f2c38a5640a6784dd221cfb15f8bd81039884d5cdcb3916d97f2,D:/CP6-archives/consolidation-20261010/objects/178d83dfb2e8f2c38a5640a6784dd221cfb15f8bd81039884d5cdcb3916d97f2.zip,0,0
libfile_b9f03202a3fc81919c92315f9bfcaff9,D_WMS_RSV_MD_SPEC_v1_0_DRAFT.zip,exact_original_bytes_cloud_sha_verified,S005,exact_original_bytes,5f05ddc22f00d768d06f894b7baeec148f0f4d322c80aae967ba5cb7b5b9ad26,D:/CP6-archives/consolidation-20261010/objects/5f05ddc22f00d768d06f894b7baeec148f0f4d322c80aae967ba5cb7b5b9ad26.zip,0,0
libfile_98397efb01a481918fba9a23ea71518a,PUR-PO-01_MD_Spec_v1.1_DRAFT_REV1_bundle(1).zip,exact_original_bytes_cloud_sha_verified,S007,exact_original_bytes,4404808073952b84ad519301fa69e04360842caff64e0c8ba1c790a7b24c92f6,D:/CP6-archives/consolidation-20261010/objects/4404808073952b84ad519301fa69e04360842caff64e0c8ba1c790a7b24c92f6.zip,0,0
libfile_c7642fb86ae881919886d46f28112a84,CRM-ACT-01_v1.1.1_复审候选与校验包.zip,exact_original_bytes_cloud_sha_verified,S005,exact_original_bytes,c22d95f257f4103265891119376fa6c66c1fd8aae42f3eba025921b1651fcdf1,D:/CP6-archives/consolidation-20261010/objects/c22d95f257f4103265891119376fa6c66c1fd8aae42f3eba025921b1651fcdf1.zip,0,0
libfile_1b548caa09008191942aacdc31032cdb,A-CRM-ACT-MD-SPEC-01-REV1_互动v1.1完整本地交付包(1).zip,exact_original_bytes_cloud_sha_verified,S005,exact_original_bytes,5fa36b18e0c920d4246f7dfa79f983355fb8fc457638a0e20c51e816393a4c83,D:/CP6-archives/consolidation-20261010/objects/5fa36b18e0c920d4246f7dfa79f983355fb8fc457638a0e20c51e816393a4c83.zip,0,0
libfile_29c596ace8848191b3ba5bc7d488ea02,D_WMS_STOCK_MD_SPEC_v1_1_DRAFT_REV1(1)(1).zip,exact_original_bytes_cloud_sha_verified,S007,exact_original_bytes,e33dfa00eb9e60225744c5a58682fb70ba1653d2070f7a999cfe9fccc83a74d7,D:/CP6-archives/consolidation-20261010/objects/e33dfa00eb9e60225744c5a58682fb70ba1653d2070f7a999cfe9fccc83a74d7.zip,0,0
libfile_b6067b7e4348819198cab3ab5d8a7974,D_WMS_STOCK_MD_SPEC_v1_1_DRAFT_REV1(1).zip,exact_original_bytes_cloud_sha_verified,S007,exact_original_bytes,e33dfa00eb9e60225744c5a58682fb70ba1653d2070f7a999cfe9fccc83a74d7,D:/CP6-archives/consolidation-20261010/objects/e33dfa00eb9e60225744c5a58682fb70ba1653d2070f7a999cfe9fccc83a74d7.zip,0,0
libfile_9b0927a697e88191b42a892b9003d682,PUR-PO-01_MD_Spec_v1.1_DRAFT_REV1_bundle.zip,exact_original_bytes_cloud_sha_verified,S007,exact_original_bytes,4404808073952b84ad519301fa69e04360842caff64e0c8ba1c790a7b24c92f6,D:/CP6-archives/consolidation-20261010/objects/4404808073952b84ad519301fa69e04360842caff64e0c8ba1c790a7b24c92f6.zip,0,0
libfile_73bc8cab36988191ab36e2807e3524fa,A-CRM-ACT-MD-SPEC-01-REV1_互动v1.1完整本地交付包.zip,exact_original_bytes_cloud_sha_verified,S005,exact_original_bytes,5fa36b18e0c920d4246f7dfa79f983355fb8fc457638a0e20c51e816393a4c83,D:/CP6-archives/consolidation-20261010/objects/5fa36b18e0c920d4246f7dfa79f983355fb8fc457638a0e20c51e816393a4c83.zip,0,0
libfile_1cef706f557881919d679bc25683b09a,D_WMS_STOCK_MD_SPEC_v1_1_DRAFT_REV1.zip,exact_original_bytes_cloud_sha_verified,S007,exact_original_bytes,e33dfa00eb9e60225744c5a58682fb70ba1653d2070f7a999cfe9fccc83a74d7,D:/CP6-archives/consolidation-20261010/objects/e33dfa00eb9e60225744c5a58682fb70ba1653d2070f7a999cfe9fccc83a74d7.zip,0,0
libfile_b4b32a488f78819185e92b06b141cfbf,D_WMS_STOCK_MD_SPEC_v1_0_DRAFT.zip,exact_original_bytes_cloud_sha_verified,S005,exact_original_bytes,f9aafad78ea7434c4c5e9c5755e7923cf96b412fd686fe0498de834548d27242,D:/CP6-archives/consolidation-20261010/objects/f9aafad78ea7434c4c5e9c5755e7923cf96b412fd686fe0498de834548d27242.zip,0,0
libfile_22aef74cf07c8191bb8cde8a5fd6b1aa,PUR-PO-01_采购订单与履约_MD_Spec_v1.0_DRAFT_bundle.zip,exact_original_bytes_cloud_sha_verified,S005,exact_original_bytes,c84764ba5de07f892d31b503a49084d25be7f7b54bcacdb3ff642e5f3dd6223b,D:/CP6-archives/consolidation-20261010/objects/c84764ba5de07f892d31b503a49084d25be7f7b54bcacdb3ff642e5f3dd6223b.zip,0,0
libfile_ac5d34f09c908191bb45661e99a70dcf,A-CRM-ACT-MD-SPEC-01_完整互动Spec_本地交付包.zip,exact_original_bytes_cloud_sha_verified,S005,exact_original_bytes,6026b84d54814e53540fb4a5101cf4daee8c2b53056b71179fa948521502b2be,D:/CP6-archives/consolidation-20261010/objects/6026b84d54814e53540fb4a5101cf4daee8c2b53056b71179fa948521502b2be.zip,0,0
libfile_cc7f2ef7755c8191b358fcaf92eaf3be,CRM-CON-01_v1.1.1_已接受原件与互动接续包.zip,exact_original_bytes_cloud_sha_verified,S005,exact_original_bytes,bfdbbe6f5cfd8eeade5d1b21210e86f4c645d37617f03c146ab164857b60f37e,D:/CP6-archives/consolidation-20261010/objects/bfdbbe6f5cfd8eeade5d1b21210e86f4c645d37617f03c146ab164857b60f37e.zip,0,0
libfile_29206af00514819197788800fdfa82ca,CRM-CON-01_v1.1.1_复审候选与校验包.zip,exact_original_bytes_cloud_sha_verified,S007,exact_original_bytes,653ec42323d598587d36694a988ec4219833167a170f4bf470d4e0531072df51,D:/CP6-archives/consolidation-20261010/objects/653ec42323d598587d36694a988ec4219833167a170f4bf470d4e0531072df51.zip,0,0
libfile_083c1a3e719c8191902bae0c68d8d57b,WMS-MASTER-01_v1.1.1_已接受原件归档包.zip,exact_original_bytes_cloud_sha_verified,S005,exact_original_bytes,4ae2cac703b9837803ad70a1202b8190f28f8f579eb4a00f6cc4ccfb537e3696,D:/CP6-archives/consolidation-20261010/objects/4ae2cac703b9837803ad70a1202b8190f28f8f579eb4a00f6cc4ccfb537e3696.zip,0,0
libfile_146a829e9b908191868ab048ff79b34b,A-CRM-MD-SPEC-01-REV1_联系人v1.1完整本地交付包.zip,exact_original_bytes_cloud_sha_verified,S005,exact_original_bytes,b2483c7cda8d86ae6f8ba6c94376ec431fcb7feaf4e4a3abb3d77aeb8f5f1b3d,D:/CP6-archives/consolidation-20261010/objects/b2483c7cda8d86ae6f8ba6c94376ec431fcb7feaf4e4a3abb3d77aeb8f5f1b3d.zip,0,0
libfile_2f0713fa93248191860e69ae0b4a8e64,PUR-RFQ-01_v1.1.1_已接受原件归档包.zip,exact_original_bytes_cloud_sha_verified,S007,exact_original_bytes,59b39648eea4290bf2569c22ca641a15fe13ac95007ccf4a50e25d2bd6450ada,D:/CP6-archives/consolidation-20261010/objects/59b39648eea4290bf2569c22ca641a15fe13ac95007ccf4a50e25d2bd6450ada.zip,0,0
libfile_05815b753e188191b40df181a747b931,WMS_MASTER_01_v1_1_REV1_DOWNLOAD.zip,exact_original_bytes_cloud_sha_verified,S005,exact_original_bytes,efed7b0be40eed76de3443f6b9c6fd141c0cfbabf42b971c88185727ccebcd15,D:/CP6-archives/consolidation-20261010/objects/efed7b0be40eed76de3443f6b9c6fd141c0cfbabf42b971c88185727ccebcd15.zip,0,0
libfile_8c0d96eaa1608191821a55d78c141dd4,WMS_MD_RECOVERED_DOWNLOAD.zip,exact_original_bytes_cloud_sha_verified,S005,exact_original_bytes,5dc3902ea443eec15707170a2e8e0b543a99bea3b3ccf320c618aa16e308897f,D:/CP6-archives/consolidation-20261010/objects/5dc3902ea443eec15707170a2e8e0b543a99bea3b3ccf320c618aa16e308897f.zip,0,0
libfile_46bc0b903eb081919967db0d6275a131,WMS_MD_RECOVERED_DOWNLOAD.zip,exact_original_bytes_cloud_sha_verified,S005,exact_original_bytes,5dc3902ea443eec15707170a2e8e0b543a99bea3b3ccf320c618aa16e308897f,D:/CP6-archives/consolidation-20261010/objects/5dc3902ea443eec15707170a2e8e0b543a99bea3b3ccf320c618aa16e308897f.zip,0,0
libfile_650d55ddc73c8191a7b01b840b7a0b6b,PUR-RFQ-01_MD_SPEC_v1.1_DRAFT_REV1_bundle.zip,exact_original_bytes_cloud_sha_verified,S007,exact_original_bytes,5e08d0ece0f83d1e43081385a4c3aebb86fcbdce9c7fba35783528d21d77dad5,D:/CP6-archives/consolidation-20261010/objects/5e08d0ece0f83d1e43081385a4c3aebb86fcbdce9c7fba35783528d21d77dad5.zip,0,0
libfile_3bc4584500008191bfad0b6fe7633889,A-CRM-MD-SPEC-01_联系人完整Spec_本地交付包.zip,exact_original_bytes_cloud_sha_verified,S005,exact_original_bytes,e8c8595703f94f17a7f4f75e7b1d478fd68a608ebbd03d13d5c8b8e41e6b3c2d,D:/CP6-archives/consolidation-20261010/objects/e8c8595703f94f17a7f4f75e7b1d478fd68a608ebbd03d13d5c8b8e41e6b3c2d.zip,0,0
libfile_c6ad49b7f4f881919413a53d4f3f54f9,PUR-RFQ-01_MD_SPEC_v1.0_DRAFT_bundle.zip,exact_original_bytes_cloud_sha_verified,S005,exact_original_bytes,be54808819d9c4c77883b27dfec8f23ca1144aa5af30f2341a75a03a3d148597,D:/CP6-archives/consolidation-20261010/objects/be54808819d9c4c77883b27dfec8f23ca1144aa5af30f2341a75a03a3d148597.zip,0,0
libfile_0ed71d613ddc8191a81261a8c2c153a6,PUR-RFQ-01_R04_CARRIER_REVIEW_bundle.zip,exact_original_bytes_cloud_sha_verified,S015,exact_original_bytes,c59aa8e03a943a1f366a1fe984fb11513ae0c4cc9a01133e3ce5f6cf55dcb406,D:/CP6-archives/consolidation-20261010/objects/c59aa8e03a943a1f366a1fe984fb11513ae0c4cc9a01133e3ce5f6cf55dcb406.zip,0,0
libfile_c92d3266aaf081918b276e1a9b245faa,CP6_Planning_PS-R04_正式画布评审包_2026-09-28.zip,safe_derived_selection_cloud_sha_verified,S025,explicit_privacy_and_environment_metadata_redacted_workbook_reading_copy,d9f19743fbd6efee611c158469294e921c34b56bd4c5c4b107620c32b02ddeee,,310,310
libfile_5a98daf466508191b194a4f406f7c890,CP6_全部成果物保留包_2026-09-26_含PLM原件与接续资料(1).zip,materialized_hold,,,00691ec5d5b110da4b8291a08a11bdbe4e0c6a285fd33fca65ca60693f626cf8,,0,0
libfile_9e9e3df6b1888191aafba39ad28cb37c,PLM-VER-01_v0.1_REVIEW_R03_原文落版与核对凭证.zip,exact_original_bytes_cloud_sha_verified,S017,exact_original_bytes,83d0532d15ebde5b13345736a940987c51ccef39b507b93e52fc328ab1accd17,D:/CP6-archives/consolidation-20261010/objects/83d0532d15ebde5b13345736a940987c51ccef39b507b93e52fc328ab1accd17.zip,0,0
libfile_dc800be5d914819181f3d477dc372b92,PLM-VER-01_R02_章节落版与回收凭证.zip,exact_original_bytes_cloud_sha_verified,S007,exact_original_bytes,ad9623a1f6f2029df830de032dda106bfc0151f407d9c363077e8d7edc1ea552,D:/CP6-archives/consolidation-20261010/objects/ad9623a1f6f2029df830de032dda106bfc0151f407d9c363077e8d7edc1ea552.zip,0,0
libfile_bff0c31ba1dc819190c6a67f90e5465d,PLM-VER-01_清理工作稿与核对凭证_2026-09-24.zip,exact_original_bytes_cloud_sha_verified,S007,exact_original_bytes,4fdb864d55abda2ca1978071e83a45ada65874a83b954801fa117a1043246db8,D:/CP6-archives/consolidation-20261010/objects/4fdb864d55abda2ca1978071e83a45ada65874a83b954801fa117a1043246db8.zip,0,0
libfile_ae1cae8aab4481918527adabdec399e3,CP6_对话接续完整包_2026-09-24_PLM-VER-01.zip,safe_derived_selection_cloud_sha_verified,S022,partial_exact_safe_members_with_explicit_reading_derivatives,01190e8bacca8e0bc114cdc2af9738e8c28a0ec1e9f0893895330ba524d1afa2,,472,472
libfile_653844e81b4881919be2d98776af5ea2,CP6_对话接续完整包_2026-09-24_PLM-VER-01.zip,safe_derived_selection_cloud_sha_verified,S022,partial_exact_safe_members_with_explicit_reading_derivatives,01190e8bacca8e0bc114cdc2af9738e8c28a0ec1e9f0893895330ba524d1afa2,,472,472
libfile_c856e5ec046881918a6d5684104e6ae1,CP6_ENG_REV01_详细设计书与追踪凭证_v0.1.zip,exact_original_bytes_cloud_sha_verified,S012,exact_original_bytes,717df7e60848d2d87c4a2f8a30b83ad64cfbd1fb0b53013c5bf6e8872453fa95,D:/CP6-archives/consolidation-20261010/objects/717df7e60848d2d87c4a2f8a30b83ad64cfbd1fb0b53013c5bf6e8872453fa95.zip,0,0
libfile_c8f897a0137881918b454b08f683a2a4,CP6_PLM_ITER01_详细设计书与追踪凭证_v0.1.zip,exact_original_bytes_cloud_sha_verified,S007,exact_original_bytes,7240591e25d5c9757da32dd67b50d73271c554c57721bc1eadd5236c33c36f36,D:/CP6-archives/consolidation-20261010/objects/7240591e25d5c9757da32dd67b50d73271c554c57721bc1eadd5236c33c36f36.zip,0,0
libfile_1e4685b520d88191b6bc330411160c1e,CP6_PLM_批准归档_v0.1.1.zip,exact_original_bytes_cloud_sha_verified,S005,exact_original_bytes,0b39b28f1d84ea31ff065afe37d6efe34063db9eeed94f0d199f67ac2a55f3de,D:/CP6-archives/consolidation-20261010/objects/0b39b28f1d84ea31ff065afe37d6efe34063db9eeed94f0d199f67ac2a55f3de.zip,0,0
libfile_08fa74d887908191895a3dbc42df10b1,CP6_PLM_完整范围与工程迭代审阅稿_v0.1.zip,exact_original_bytes_cloud_sha_verified,S005,exact_original_bytes,7e84d0a4af6bc75600230b2b05ec45fcfb35c078ecbf7f41e7c824f9db46d249,D:/CP6-archives/consolidation-20261010/objects/7e84d0a4af6bc75600230b2b05ec45fcfb35c078ecbf7f41e7c824f9db46d249.zip,0,0
libfile_cc6951480a6c8191a3042606aa81724b,CP6_MASTER02_GAP与成套详细设计包_v0.1.zip,exact_original_bytes_cloud_sha_verified,S002,exact_original_bytes,5e0758dc9f6ca0fd60f22d6a2477a1e4acaf9280e8e0d9d0ebd8847822341a04,D:/CP6/docs/CP6_完整成果归档_20261009/CP6_遗漏原包补充_20261009/S002_已核原ZIP及来源补充/CP6_MASTER02_GAP与成套详细设计包_v0.1.zip,0,0
libfile_a618b7ba59a4819181178e9b38e5b98d,CP6_MASTER02_总体设计审阅包_v0.2.zip,exact_original_bytes_cloud_sha_verified,S007,exact_original_bytes,f5727f1566bf3d30343b59d9cb63e3606055146b879c11ec3598aa71eca8c1f0,D:/CP6-archives/consolidation-20261010/objects/f5727f1566bf3d30343b59d9cb63e3606055146b879c11ec3598aa71eca8c1f0.zip,0,0
libfile_573e75056394819186c20fe4ac958e66,CP6_V2_Development_Handoff_2026-09-19.zip,safe_derived_selection_cloud_sha_verified,S009,partial_exact_safe_members_with_explicit_reading_derivatives,7c8ea896810ca0d20c22e87e6398633277a70582f5e95b858fb695a7566f76df,,25,25
libfile_865932a4e1c4819180dfbb0710c1c488,CP6_V2_Source_Files_2026-09-18.tar.xz,safe_derived_selection_cloud_sha_verified,S008,partial_safe_original_members,461c6b306f56c43af82c84643375f23a4cbf0d471e730cb2398995dc03e771ab,,0,0
libfile_7e0d509d7b408191b121fd2a75231dfb,CP6_V2_Sales_Intake_Delivery_Pack_v0.1.zip,exact_original_bytes_cloud_sha_verified,S005,exact_original_bytes,fc5990a9fd0745fa523986bc1d4b03b2ee0afa00d0441028b5f81f5a232f1e13,D:/CP6-archives/consolidation-20261010/objects/fc5990a9fd0745fa523986bc1d4b03b2ee0afa00d0441028b5f81f5a232f1e13.zip,0,0
libfile_427f8594c4fc8191b0c264a9c0d05e0c,CP6_V2_SO04_Design_and_Reference_Checks_v0.1.zip,exact_original_bytes_cloud_sha_verified,S005,exact_original_bytes,fdadb4aaab97342934083f46b000391ec6bcd4837c20b11ebace216d8795f485,D:/CP6-archives/consolidation-20261010/objects/fdadb4aaab97342934083f46b000391ec6bcd4837c20b11ebace216d8795f485.zip,0,0
libfile_a308b910dbec8191a84d677fb9de22b8,CP6_V2_New_Conversation_Pack_2026-09-17.zip,safe_derived_selection_cloud_sha_verified,S006,partial_safe_original_members,4c277c9357a0994296e9b07eb4494da8a5e47cb4d21472b6d97da4a9e84e13a1,,0,0
libfile_376b76564a808191bee5417c6d29be1c,GM1-BOUNDED-CHANGE.md,exact_original_bytes_cloud_sha_verified,S010,exact_original_bytes,c12bb76b8ce1037374dfd390f1a4c613d2587ac99ce10dd7f14c088d9ed2b746,D:/CP6/docs/CP6_完整成果归档_20261009/完整成果/docs/originals/c1/c12bb76b8ce10373__GM1-BOUNDED-CHANGE.md,0,0
libfile_f5a24d312728819193a66844cfa28c28,ERP_CREDIT_STAGE80_LAST_UNIQUE_OFFICIAL_INDEX_WITH_ALL_THREE_LIBRARY_VOLUME_IDENTITIES_AND_COMPLETE_212_MEMBER_RECOVERY.json,exact_original_bytes_cloud_sha_verified,S010,exact_original_bytes,ed8ee3358ba9c48e18c90ff4fa211f2efdb83cdec65db77b47213c7fa4922b19,D:/CP6/docs/CP6_完整成果归档_20261009/完整成果/docs/originals/ed/ed8ee3358ba9c48e__ERP_CREDIT_STAGE80_LAST_UNIQUE_OFFICIAL_INDEX_WITH_ALL_THREE_LIBRARY_VOLUME_IDENTITIES_AND_COMPLETE_212_MEMBER_RECOVERY.json,0,0
libfile_6fa3267d9fa4819198bff7cc09d63bc5,PLAN_EXC_CP05_REVIEW_COPY_AUTHOR_HANDOFF_20261005.md,exact_original_bytes_cloud_sha_verified,S010,exact_original_bytes,0b4ab6a255134d03a5dde7be472476b0049b0bd8fb90cb3aec4c9f4259f9444b,D:/CP6/docs/CP6_完整成果归档_20261009/完整成果/docs/originals/0b/0b4ab6a255134d03__CP05_REVIEW_COPY_AUTHOR_HANDOFF_20261005.md,0,0
libfile_0609458c4b948191b8f7e8fbf67d04a8,PLAN_EXC_CP04_STOPPED_CHANGE_INDEX_20261005.md,exact_original_bytes_cloud_sha_verified,S010,exact_original_bytes,fc6c65075857811a85b8e826f22e50e83a686728e29ac1d0575c60d53c75cc43,D:/CP6/docs/CP6_完整成果归档_20261009/完整成果/docs/originals/fc/fc6c65075857811a__CP04_FULL_CHANGE_INDEX.md,0,0
libfile_94e1f9e345348191b4645827cff405ed,QA-MES-R10-F01-NATIVE-DIGEST-SUPPLEMENT-20261004.json,exact_original_bytes_cloud_sha_verified,S010,exact_original_bytes,0ca53b23635bbf55dc5667579f2e6d30a975fb979d85f9f8511cf08e789a2390,D:/CP6/docs/CP6_完整成果归档_20261009/增补快照/20261009T1645Z/阅读展开/0c/0ca53b23635bbf55__QA-MES-R10-F01-NATIVE-DIGEST-SUPPLEMENT-20261004.json,0,0
libfile_99fe26992a008191a44b2cd0fbb8756e,QA-MES-R11-PRECISE-OWNER-DELTA-ADOPTION-RECORDS.json,exact_original_bytes_cloud_sha_verified,S010,exact_original_bytes,687eb233b383c18f31c5d0019bd1d2385525f5a17cfa255821f490edcd472593,D:/CP6/docs/CP6_完整成果归档_20261009/完整成果/docs/originals/68/687eb233b383c18f__QA-MES-R11-PRECISE-OWNER-DELTA-ADOPTION-RECORDS.json,0,0
libfile_6f09030b92c881918b187e0996d971a6,QA-MES-R11-PRECISE-DESIGN-DELTA-ADOPTION-REVIEW.txt,exact_original_bytes_cloud_sha_verified,S010,exact_original_bytes,de74c5a742f3b6225a6c899c11d43076b459d694a77d15af3ce07c03e8c3300d,D:/CP6/docs/CP6_完整成果归档_20261009/增补快照/20261009T1645Z/阅读展开/de/de74c5a742f3b622__QA-MES-R11-PRECISE-DESIGN-DELTA-ADOPTION-REVIEW.txt,0,0
libfile_6697919639dc8191b9aa0a0b87b04b7d,QA-NCR-01_SIX-SPEC-COVERAGE_R11.md,exact_original_bytes_cloud_sha_verified,S010,exact_original_bytes,2895e7003f6cd4fa6ed07d0d9a09e964b1750e308cb49d54883b8dfc2ad9645b,D:/CP6/docs/CP6_完整成果归档_20261009/完整成果/docs/originals/28/2895e7003f6cd4fa__R11-BASE-QA-NCR-01_SIX-SPEC-COVERAGE_R11.md,0,0
libfile_c24423903934819181eb7b800f0a47aa,PLAN_PO_R3_CP18_STAGE09_DOCUMENT_OBSERVATIONS.json,exact_original_bytes_cloud_sha_verified,S010,exact_original_bytes,60d3489299f5217cb41b6cb7f3b81f028d757a6ab078224dbbeb29ea2235ba25,D:/CP6/docs/CP6_完整成果归档_20261009/完整成果/docs/originals/60/60d3489299f5217c__PLAN_PO_R3_CP18_STAGE09_DOCUMENT_OBSERVATIONS.json,0,0
libfile_962931134a6c81919d90594ec6ee78f1,QA-MES-R10-PRECISE-OWNER-DELTA-ADOPTION-RECORDS.json,exact_original_bytes_cloud_sha_verified,S010,exact_original_bytes,03dce6ea7c69b9cae5fea6dae2f756c5cbbba32bf3b17309568cf5693dd9e9e7,D:/CP6/docs/CP6_完整成果归档_20261009/完整成果/docs/originals/03/03dce6ea7c69b9ca__QA-MES-R10-PRECISE-OWNER-DELTA-ADOPTION-RECORDS.json,0,0
libfile_70314c1609248191a4ab4be0e2ca6638,PLAN_PO_R3_CP18_STAGE08_DOCUMENT_OBSERVATIONS.json,exact_original_bytes_cloud_sha_verified,S010,exact_original_bytes,013a53048d38a5dc2cdcb12cf9b344022511e5e0b87f80735661f064b2cd3682,D:/CP6/docs/CP6_完整成果归档_20261009/完整成果/docs/originals/01/013a53048d38a5dc__PLAN_PO_R3_CP18_STAGE08_DOCUMENT_OBSERVATIONS.json,0,0
libfile_1f7a8cf3c76c81918ad5e1e967310d04,PLAN_PO_R3_CP18_STAGE05_DOCUMENT_OBSERVATIONS.json,exact_original_bytes_cloud_sha_verified,S010,exact_original_bytes,27f1202b2acd0724bd6b873a559a87c38c29b6922b971febf36a371c4a2d1850,D:/CP6/docs/CP6_完整成果归档_20261009/完整成果/docs/originals/27/27f1202b2acd0724__PLAN_PO_R3_CP18_STAGE05_DOCUMENT_OBSERVATIONS.json,0,0
libfile_93ad0a510d58819181d8e3826f26347c,A-PLAN-ATP-R11-MODEL-lines-2701-2985.txt,exact_original_bytes_cloud_sha_verified,S010,exact_original_bytes,a0cb2a1c0f327789f27ef9407a7958d4c71dd4c0f8745eac287f79af5c231390,D:/CP6/docs/CP6_完整成果归档_20261009/增补快照/20261009T1645Z/阅读展开/a0/a0cb2a1c0f327789__A-PLAN-ATP-R11-MODEL-lines-2701-2985.txt,0,0
libfile_9518327207548191bd222a8528d34bb1,PLM_开发需求包总目录.md,exact_original_bytes_cloud_sha_verified,S010,exact_original_bytes,e96f79b7111b2f164e1e47752c17da3335b4026db68ac665078d2d8f4c38e761,D:/CP6/docs/CP6_完整成果归档_20261009/完整成果/docs/originals/e9/e96f79b7111b2f16__PLM_开发需求包总目录.md,0,0
libfile_faecf09d26448191881baa24b61a9eb8,PLM_LR02_02_REL发布身份与目标采用合同.md,exact_original_bytes_cloud_sha_verified,S010,exact_original_bytes,fbea5fc28e708764dd16175b9392279fa1cddf5ea90fb97feaff9bafb0d74860,D:/CP6/docs/CP6_完整成果归档_20261009/完整成果/docs/originals/fb/fbea5fc28e708764__fbea5fc28e708764dd16175b9392279fa1cddf5ea90fb97feaff9bafb0d74860.md,0,0
libfile_792bd2d890448191bb40211ec04fdc47,PLM-VER-01_MSBBPA010原生母版_Desktop布局验证稿.xlsx,safe_derived_selection_cloud_sha_verified,S011,explicit_image_removed_workbook_derivative,319ad9853d9dee0cdc41043b040ede59cb17c4b7082e1c9841b8b2ce46e9e93c,D:/CP6/docs/CP6_完整成果归档_20261009/完整成果/docs/originals/31/319ad9853d9dee0c__PLM-VER-01_MSBBPA010原生母版_Desktop布局验证稿.xlsx,0,0
libfile_5f9d48c7000c819182805f3820a4a5b0,CP6_標準機能詳細設計書_母版_v0.1.xlsx,safe_derived_selection_cloud_sha_verified,S011,explicit_image_removed_workbook_derivative,bf1adfc2d874cb15a22047cb38eff833b869329c1271335d874f1b69cd5ae800,,0,0
libfile_1a0241546b2081918d35319d5e500a91,CP20_CORE_DESIGN_ADOPTION_PACKAGE_20261004.zip,exact_original_bytes_cloud_sha_verified,S007,exact_original_bytes,21c55f727612a75d90eed5ea745c3bc19104ed2089dd80d9499d90a4fab78503,D:/CP6-archives/consolidation-20261010/objects/21c55f727612a75d90eed5ea745c3bc19104ed2089dd80d9499d90a4fab78503.zip,0,0
libfile_5d72f95be7288191a8a4d5181497ed12,F09_RECOVERY_R1_STAGE03_SQL_AND_ROWS.zip,exact_original_bytes_cloud_sha_verified,S007,exact_original_bytes,532d01040a6319c3567f72fc7305b4738999d487120ec6725db5f48198e58a2d,D:/CP6-archives/consolidation-20261010/objects/532d01040a6319c3567f72fc7305b4738999d487120ec6725db5f48198e58a2d.zip,0,0
libfile_deb2f82bce088191a4f0b57e19470916,F09_RECOVERY_R1_STAGE02_PAUSED.zip,blocked_unread_official_materialization,,,,,0,0
libfile_9c6a4b93ef588191b55e8e9d2fcd15b4,F09_RECOVERY_R1_STAGE01_ROWS.zip,exact_original_bytes_cloud_sha_verified,S007,exact_original_bytes,0c03ed1f3e77cbd43bc949ab928538242ee0dcf2447b38122377c29ae220bcca,D:/CP6-archives/consolidation-20261010/objects/0c03ed1f3e77cbd43bc949ab928538242ee0dcf2447b38122377c29ae220bcca.zip,0,0
libfile_928c17e4905c8191a72f89bd4d3019ff,CP4-SEGMENT-A-CONTRACT-LANGUAGE-20261003.zip,exact_original_bytes_cloud_sha_verified,S007,exact_original_bytes,22f06b3183a294c027e5fd41e850da485723d1065ced477e336c1df67211f34c,D:/CP6-archives/consolidation-20261010/objects/22f06b3183a294c027e5fd41e850da485723d1065ced477e336c1df67211f34c.zip,0,0
libfile_e58a79b721a88191a42643f4499f68f1,CP18_RECOVERY_STAGE04_NORMAL_CONTRACT.zip,exact_original_bytes_cloud_sha_verified,S007,exact_original_bytes,af92daacceeb85798e58ec98dc47c37b977a1f65b4f21762a1f3e4163f6d5a63,D:/CP6-archives/consolidation-20261010/objects/af92daacceeb85798e58ec98dc47c37b977a1f65b4f21762a1f3e4163f6d5a63.zip,0,0
libfile_15354059b9408191a731c8d479f1783b,CP18_RECOVERY_STAGE03_SQL_RECEIPTS.zip,exact_original_bytes_cloud_sha_verified,S007,exact_original_bytes,7bd3cf2b5fb35a878664e85ee559cd465ceb7585f5f634d56a34e2a0a985c028,D:/CP6-archives/consolidation-20261010/objects/7bd3cf2b5fb35a878664e85ee559cd465ceb7585f5f634d56a34e2a0a985c028.zip,0,0
libfile_5b8824e1f9548191809ac0d3683300fa,CP18_RECOVERY_STAGE02_NORMAL_ROWS.zip,exact_original_bytes_cloud_sha_verified,S007,exact_original_bytes,7da8354151cda517289f4a2d5e48327621854262f75c31872ca4d4ab1f6dd404,D:/CP6-archives/consolidation-20261010/objects/7da8354151cda517289f4a2d5e48327621854262f75c31872ca4d4ab1f6dd404.zip,0,0
libfile_df47f45af0a88191a60080ed651b4284,CP18_RECOVERY_STAGE01_SOURCE_PROJECTION.zip,exact_original_bytes_cloud_sha_verified,S007,exact_original_bytes,0c866983eb5dda61c09750c4ffc93dffef24693d472ab67bedffbaea2016d01a,D:/CP6-archives/consolidation-20261010/objects/0c866983eb5dda61c09750c4ffc93dffef24693d472ab67bedffbaea2016d01a.zip,0,0
libfile_4cec581818688191895998146db628b3,F01_PHYSICALIDENTITY_CHECKPOINT.zip,exact_original_bytes_cloud_sha_verified,S023,exact_original_bytes,6b45ec0cb6bdd69c10c57d2c5d29328541feaf5c0d32fd574e5bd98364efdbcd,D:/CP6-archives/consolidation-20261010/objects/6b45ec0cb6bdd69c10c57d2c5d29328541feaf5c0d32fd574e5bd98364efdbcd.zip,0,0
libfile_582527e85864819193537acd3f76f101,F01_TYPEDCREATION_CHECKPOINT.zip,exact_original_bytes_cloud_sha_verified,S023,exact_original_bytes,589cdb544f60f57e532fecfefc966a37537254f4a340d5c43d865ca0f7d5919f,D:/CP6-archives/consolidation-20261010/objects/589cdb544f60f57e532fecfefc966a37537254f4a340d5c43d865ca0f7d5919f.zip,0,0
libfile_0882d8f934f08191a0dbd2040ffc8f1d,F01_BE2F_CHECKPOINT.zip,exact_original_bytes_cloud_sha_verified,S021,exact_original_bytes,0fe6a8a1ad747a635351ad2416f446be77cecfbe0181820e7a4d86b71e0e8023,D:/CP6-archives/consolidation-20261010/objects/0fe6a8a1ad747a635351ad2416f446be77cecfbe0181820e7a4d86b71e0e8023.zip,0,0
libfile_2057e5b6ab4c819192fa92799885855d,F01_E302_CHECKPOINT.zip,exact_original_bytes_cloud_sha_verified,S028,exact_original_bytes,70a52573d01a629268e4db577ff252ec3a29bf3d32177ce572901c888f1282c2,D:/CP6-archives/consolidation-20261010/objects/70a52573d01a629268e4db577ff252ec3a29bf3d32177ce572901c888f1282c2.zip,0,0
libfile_3c64344209e48191a816b63f15ac62c2,F01_AB2C_CHECKPOINT.zip,exact_original_bytes_cloud_sha_verified,S021,exact_original_bytes,2be800833371ab393708dd6585af9046f79a6a5f93ac67646a56773ca1a6cb86,D:/CP6-archives/consolidation-20261010/objects/2be800833371ab393708dd6585af9046f79a6a5f93ac67646a56773ca1a6cb86.zip,0,0
libfile_4018b9030de88191aa66d6713b0f8216,D_WMS_MD_SPEC_REV1_v1_1.zip,exact_original_bytes_cloud_sha_verified,S007,exact_original_bytes,f0c6600443027ce29c6569d53a2616dd642a2b277b9c1fb47808082c21160db8,D:/CP6-archives/consolidation-20261010/objects/f0c6600443027ce29c6569d53a2616dd642a2b277b9c1fb47808082c21160db8.zip,0,0
libfile_225936c7b77c819193bd4b9b7ed7bf06,RUN-20260929T105255Z-D-WMS-R04-CARRIER-01_实际制品交付包.zip,exact_original_bytes_cloud_sha_verified,S007,exact_original_bytes,1af2dc604f5ffad4d3042ee0c38103237c8d7cc1bc9c8a2995597efc466b6041,D:/CP6-archives/consolidation-20261010/objects/1af2dc604f5ffad4d3042ee0c38103237c8d7cc1bc9c8a2995597efc466b6041.zip,0,0
libfile_f8fad559fe8481919b0b113317d924b7,20260929T092038Z-A-CRM-R04-CARRIER-01_原字节交付包(1).zip,exact_original_bytes_cloud_sha_verified,S007,exact_original_bytes,b7bb067117015978de0b2e896fc817a5e0103a61807fdc46d73b119a1e41909c,D:/CP6-archives/consolidation-20261010/objects/b7bb067117015978de0b2e896fc817a5e0103a61807fdc46d73b119a1e41909c.zip,0,0
libfile_4f7c815e69248191872fdb35c572e069,20260929T092038Z-A-CRM-R04-CARRIER-01_原字节交付包.zip,exact_original_bytes_cloud_sha_verified,S007,exact_original_bytes,b7bb067117015978de0b2e896fc817a5e0103a61807fdc46d73b119a1e41909c,D:/CP6-archives/consolidation-20261010/objects/b7bb067117015978de0b2e896fc817a5e0103a61807fdc46d73b119a1e41909c.zip,0,0
libfile_febd20759e048191ac94987b5ca544ad,COMMON-CONTRACT-AND-UOW.md,exact_original_bytes_cloud_sha_verified,S003,exact_original_bytes,a0f594b7b18900705f57920589875803d7df1b2c3d0d0fbd917754b95d6626f7,D:/CP6/docs/CP6_完整成果归档_20261009/增补快照/20261009T1645Z/阅读展开/a0/a0f594b7b1890070__COMMON-CONTRACT-AND-UOW.md,0,0
libfile_6de1a3654de8819180f3b11461f74116,DOCUMENT-CHECKS(3).json,exact_original_bytes_cloud_sha_verified,S003,exact_original_bytes,c79d6a9ba166c9ce8e50a65d7b1b96930810f579e50baae26f8892fb68cfa3de,D:/CP6/docs/CP6_完整成果归档_20261009/增补快照/20261009T1645Z/阅读展开/c7/c79d6a9ba166c9ce__DOCUMENT-CHECKS(1).json,0,0
libfile_1386cb7704588191b68b55768d710df5,DOCUMENT-CHECKS(1).json,exact_original_bytes_cloud_sha_verified,S003,exact_original_bytes,c79d6a9ba166c9ce8e50a65d7b1b96930810f579e50baae26f8892fb68cfa3de,D:/CP6/docs/CP6_完整成果归档_20261009/增补快照/20261009T1645Z/阅读展开/c7/c79d6a9ba166c9ce__DOCUMENT-CHECKS(1).json,0,0
libfile_f678428e9aec81918131dba53c92708f,ca992389-c07c-4292-997c-34d8bc893535.png,exact_original_bytes_cloud_sha_verified,S003,exact_original_bytes,78eac48f962c46ee438d0f753895b1e1b7a1af418af099002684c612817f5ba8,D:/CP6/docs/CP6_完整成果归档_20261009/完整成果/docs/originals/78/78eac48f962c46ee__ca992389-c07c-4292-997c-34d8bc893535.png,0,0
libfile_d4277bc1d6688191851900675f1de851,54f924e1-2450-4b00-a28b-42877b629ffe.png,exact_original_bytes_cloud_sha_verified,S003,exact_original_bytes,a551fbc715b19017ff84bf81c5a683019c20888e39199ccebe9ef6bc379f1a87,D:/CP6/docs/CP6_完整成果归档_20261009/完整成果/docs/originals/a5/a551fbc715b19017__54f924e1-2450-4b00-a28b-42877b629ffe.png,0,0
libfile_42492c660cf0819199d42b0b4fe69233,acceptance.json,exact_original_bytes_cloud_sha_verified,S003,exact_original_bytes,47a5edc8aadc3a1a818e30da143cc98d2f1d62e61aea25f85a8e2e4d0ec2673f,D:/CP6/docs/CP6_完整成果归档_20261009/完整成果/docs/originals/47/47a5edc8aadc3a1a__acceptance.json,0,0
libfile_ae8c287e43088191a707c0e1dc352145,05-terminal.png,exact_original_bytes_cloud_sha_verified,S003,exact_original_bytes,6f8d64ea40aa37d62985858c0a3d92cfd0e59b0f044f677eaf23d22bd26fe7ce,D:/CP6-archives/consolidation-20261010/objects/6f8d64ea40aa37d62985858c0a3d92cfd0e59b0f044f677eaf23d22bd26fe7ce.png,0,0
libfile_0bb8f4aa575481919466c09966aab848,01-desktop.png,exact_original_bytes_cloud_sha_verified,S003,exact_original_bytes,946dad38a5eed5ea279bfe391679b998d1a143f7b18419b2a39a118846d57219,D:/CP6-archives/consolidation-20261010/objects/946dad38a5eed5ea279bfe391679b998d1a143f7b18419b2a39a118846d57219.png,0,0
libfile_31912ee043e4819196124b1c13d2cf07,04-unknown-recovery.png,exact_original_bytes_cloud_sha_verified,S003,exact_original_bytes,6d339d7e9d8c4b5f3522cb0a00479927beb0edf821baafa35b555e0fb95c1525,D:/CP6-archives/consolidation-20261010/objects/6d339d7e9d8c4b5f3522cb0a00479927beb0edf821baafa35b555e0fb95c1525.png,0,0
libfile_57a2bf42ace8819187eebb73cc197cee,03-partial-success.png,exact_original_bytes_cloud_sha_verified,S003,exact_original_bytes,25ac9609ea47300939dc36b554eee51a09726aabef4058e935094193f3bd5d75,D:/CP6-archives/consolidation-20261010/objects/25ac9609ea47300939dc36b554eee51a09726aabef4058e935094193f3bd5d75.png,0,0
libfile_c03026f1c5808191bd129553eea73fb2,02-narrow.png,exact_original_bytes_cloud_sha_verified,S003,exact_original_bytes,deeade4241156d28b6730b39213ad9a581e9823d662b0f143fc9458e442bcd19,D:/CP6-archives/consolidation-20261010/objects/deeade4241156d28b6730b39213ad9a581e9823d662b0f143fc9458e442bcd19.png,0,0
libfile_611292e96018819184d07fa99a9b3d9c,,reviewed_privacy_isolated_reference_identity_retained,,,013d07852ea2458cba71965abb12fa8de56f4372700c4ed8d7519f9539b216dc,,0,0
libfile_9888fe4a831c819188365d639885c18b,,reviewed_privacy_isolated_reference_identity_retained,,,532795139d7c41a6dd2fef2f19b266eb19116ad5606ff5def2d39ce2e79651a7,,0,0
libfile_ddde3aa01f648191af3969ca297cb119,,reviewed_privacy_isolated_reference_identity_retained,,,b5bdf126d359a08107a9d5ac69217512bfc5c88a48aa4e6bbd8b8d4485eee3ed,,0,0
libfile_93f84de340cc8191a466b384b256237d,,reviewed_privacy_isolated_reference_identity_retained,,,c7ccdf886c3f928f64da54c97d6b7cfb5c545220b13cf7240ae780294f580c5f,,0,0
libfile_f165eef357548191a50ad90494f9b6b5,,safe_derived_selection_cloud_sha_verified,S025,explicit_privacy_and_environment_metadata_redacted_workbook_reading_copy,b07346a91432da6e6d8e9889ced862a9f859cb5756854d913f56ead34e0df135,D:/CP6/docs/CP6_完整成果归档_20261009/完整成果/docs/originals/b0/b07346a91432da6e__【MSBBPA010】_画面設計書_アドオン(Web見積計算書入力)_20230207_V04.xlsx,0,0
libfile_3b53d87198f88191924784ffde7d1fe4,,reviewed_privacy_isolated_reference_identity_retained,,,ee61181459824507b10feae845247b9dc9e41b1bb507d256a0a2ea44a79f812e,,0,0
