{
  "SchemaVersion": 1,
  "Task": "DB-COMPAT-01-WP6",
  "Command": "verify",
  "Provider": "PostgreSql",
  "DatabaseName": "CP6Compat_WP6_20261004_9ae4cce7_restore",
  "Role": "Restore",
  "Status": "Passed",
  "StartedUtc": "2026-10-04T01:57:56.9068309+00:00",
  "FinishedUtc": "2026-10-04T01:58:01.5660229+00:00",
  "Assertions": [
    {
      "Name": "owner-and-physical-database-verified",
      "Passed": true
    },
    {
      "Name": "baseline-provider-matches",
      "Passed": true
    },
    {
      "Name": "four-effective-history-profiles-complete",
      "Passed": true
    },
    {
      "Name": "table-catalog-and-columns-match",
      "Passed": true,
      "ExpectedSha256": "54803BAC08E673018C1D619B2E5E3D2A461268664D9F357CA45DBFC2565B31D1",
      "ActualSha256": "54803BAC08E673018C1D619B2E5E3D2A461268664D9F357CA45DBFC2565B31D1",
      "ExpectedCount": 334,
      "ActualCount": 334
    },
    {
      "Name": "all-table-counts-and-content-match",
      "Passed": true,
      "ExpectedSha256": "9F4280166BCB02F10EE4885DE75B082801B4CBB3FA1E316495A4B4CB0BE4112C",
      "ActualSha256": "9F4280166BCB02F10EE4885DE75B082801B4CBB3FA1E316495A4B4CB0BE4112C",
      "ExpectedCount": 6349,
      "ActualCount": 6349
    },
    {
      "Name": "sequence-state-matches",
      "Passed": true,
      "ExpectedSha256": "13464182F0E1D19A5EDF087505563ACBAFAEB2E5DDDEAA23ACA9DE2B804B5FFD",
      "ActualSha256": "13464182F0E1D19A5EDF087505563ACBAFAEB2E5DDDEAA23ACA9DE2B804B5FFD",
      "ExpectedCount": 10,
      "ActualCount": 10
    },
    {
      "Name": "history-state-matches",
      "Passed": true,
      "ExpectedSha256": "72D2494A0A1C16211353E59CBE5974790707471ABBFE1CDF4AE5B8C9D026E9DA",
      "ActualSha256": "72D2494A0A1C16211353E59CBE5974790707471ABBFE1CDF4AE5B8C9D026E9DA",
      "ExpectedCount": 4,
      "ActualCount": 4
    }
  ],
  "Counts": {
    "EffectiveProfiles": 4,
    "Tables": 334,
    "Rows": 6349,
    "Sequences": 10
  },
  "Hashes": {
    "StateSha256": "86F39795A311749BC08AF9BAABADF9120D55CAA7AC825834DFEAD55456B94A91",
    "CatalogSha256": "54803BAC08E673018C1D619B2E5E3D2A461268664D9F357CA45DBFC2565B31D1",
    "ContentSha256": "9F4280166BCB02F10EE4885DE75B082801B4CBB3FA1E316495A4B4CB0BE4112C",
    "SequenceSha256": "13464182F0E1D19A5EDF087505563ACBAFAEB2E5DDDEAA23ACA9DE2B804B5FFD",
    "HistorySha256": "72D2494A0A1C16211353E59CBE5974790707471ABBFE1CDF4AE5B8C9D026E9DA"
  },
  "HistoryProfiles": [
    {
      "Context": "Core",
      "MigrationOwner": "Core",
      "Known": [
        "20261002161715_PostgreSqlCoreBaselineV1"
      ],
      "Applied": [
        "20261002161715_PostgreSqlCoreBaselineV1"
      ],
      "Pending": []
    },
    {
      "Context": "Space",
      "MigrationOwner": "Space",
      "Known": [
        "20261002161945_PostgreSqlSpaceBaselineV1"
      ],
      "Applied": [
        "20261002161945_PostgreSqlSpaceBaselineV1"
      ],
      "Pending": []
    },
    {
      "Context": "IdentityPriority",
      "MigrationOwner": "IdentityPriority",
      "Known": [
        "20261002151342_PostgreSqlIdentityPriorityBaselineV1"
      ],
      "Applied": [
        "20261002151342_PostgreSqlIdentityPriorityBaselineV1"
      ],
      "Pending": []
    },
    {
      "Context": "ErpIntegration",
      "MigrationOwner": "ErpIntegration",
      "Known": [
        "20261002151345_PostgreSqlErpIntegrationBaselineV1"
      ],
      "Applied": [
        "20261002151345_PostgreSqlErpIntegrationBaselineV1"
      ],
      "Pending": []
    }
  ],
  "TableSummaries": [
    {
      "Schema": "crm_identity",
      "Table": "Bootstrap",
      "Rows": 0,
      "ColumnsSha256": "86DE37844E328CD34D1234DE04EACB48DD9520F818F0E5C09BB315F3BFDD4239",
      "ContentSha256": "E3B0C44298FC1C149AFBF4C8996FB92427AE41E4649B934CA495991B7852B855"
    },
    {
      "Schema": "crm_identity",
      "Table": "Cp6_DeadLetterRecord",
      "Rows": 0,
      "ColumnsSha256": "8F500A1410AED6892A79800CADB706A9890ED8961BEB7FD128D5F996DF97F7DC",
      "ContentSha256": "E3B0C44298FC1C149AFBF4C8996FB92427AE41E4649B934CA495991B7852B855"
    },
    {
      "Schema": "crm_identity",
      "Table": "Cp6_InboxAggregateCheckpoint",
      "Rows": 0,
      "ColumnsSha256": "8D54D1E6032272279F448E53DFBF82148EA24EF71B85F2A3D3C1D70AEBEFA3BE",
      "ContentSha256": "E3B0C44298FC1C149AFBF4C8996FB92427AE41E4649B934CA495991B7852B855"
    },
    {
      "Schema": "crm_identity",
      "Table": "Cp6_InboxMessage",
      "Rows": 0,
      "ColumnsSha256": "DDC8919AD27AD430DBC6378A56C5610DA820DE8A78DF282B5B388FFA293D63B1",
      "ContentSha256": "E3B0C44298FC1C149AFBF4C8996FB92427AE41E4649B934CA495991B7852B855"
    },
    {
      "Schema": "crm_identity",
      "Table": "Cp6_OutboxMessage",
      "Rows": 0,
      "ColumnsSha256": "0C3E4A27E82404D0BFDE050FD4C17E545AB7029C527696DC9F3A651F09C1DFDF",
      "ContentSha256": "E3B0C44298FC1C149AFBF4C8996FB92427AE41E4649B934CA495991B7852B855"
    },
    {
      "Schema": "crm_identity",
      "Table": "ServiceToken",
      "Rows": 0,
      "ColumnsSha256": "539C5DF7FB94DD8A4E8CA54175EAEF917D88D6DD9D1D1B714745D12DA59BFE58",
      "ContentSha256": "E3B0C44298FC1C149AFBF4C8996FB92427AE41E4649B934CA495991B7852B855"
    },
    {
      "Schema": "crm_identity",
      "Table": "Snapshot",
      "Rows": 0,
      "ColumnsSha256": "0874FE6396CFBEF243A767C8CDF57E74570CE43A13D131B8BECD5CDA24D50C00",
      "ContentSha256": "E3B0C44298FC1C149AFBF4C8996FB92427AE41E4649B934CA495991B7852B855"
    },
    {
      "Schema": "crm_identity_priority",
      "Table": "Cp6_DeadLetterRecord",
      "Rows": 0,
      "ColumnsSha256": "8F500A1410AED6892A79800CADB706A9890ED8961BEB7FD128D5F996DF97F7DC",
      "ContentSha256": "E3B0C44298FC1C149AFBF4C8996FB92427AE41E4649B934CA495991B7852B855"
    },
    {
      "Schema": "crm_identity_priority",
      "Table": "Cp6_InboxAggregateCheckpoint",
      "Rows": 0,
      "ColumnsSha256": "8D54D1E6032272279F448E53DFBF82148EA24EF71B85F2A3D3C1D70AEBEFA3BE",
      "ContentSha256": "E3B0C44298FC1C149AFBF4C8996FB92427AE41E4649B934CA495991B7852B855"
    },
    {
      "Schema": "crm_identity_priority",
      "Table": "Cp6_InboxMessage",
      "Rows": 0,
      "ColumnsSha256": "DDC8919AD27AD430DBC6378A56C5610DA820DE8A78DF282B5B388FFA293D63B1",
      "ContentSha256": "E3B0C44298FC1C149AFBF4C8996FB92427AE41E4649B934CA495991B7852B855"
    },
    {
      "Schema": "crm_identity_priority",
      "Table": "Cp6_OutboxMessage",
      "Rows": 0,
      "ColumnsSha256": "0C3E4A27E82404D0BFDE050FD4C17E545AB7029C527696DC9F3A651F09C1DFDF",
      "ContentSha256": "E3B0C44298FC1C149AFBF4C8996FB92427AE41E4649B934CA495991B7852B855"
    },
    {
      "Schema": "erp_integration",
      "Table": "Aggregate",
      "Rows": 0,
      "ColumnsSha256": "4AA206C6CBC7022C030EDC128DEEF33B5D3AB8411F851A82EE39EE6EFBFCD074",
      "ContentSha256": "E3B0C44298FC1C149AFBF4C8996FB92427AE41E4649B934CA495991B7852B855"
    },
    {
      "Schema": "erp_integration",
      "Table": "CommandInbox",
      "Rows": 0,
      "ColumnsSha256": "A85468A6A61F2A211A199F30F84E1874358A3DEFF9DEB4DC809D865984878ECC",
      "ContentSha256": "E3B0C44298FC1C149AFBF4C8996FB92427AE41E4649B934CA495991B7852B855"
    },
    {
      "Schema": "erp_integration",
      "Table": "Cp6_DeadLetterRecord",
      "Rows": 0,
      "ColumnsSha256": "8F500A1410AED6892A79800CADB706A9890ED8961BEB7FD128D5F996DF97F7DC",
      "ContentSha256": "E3B0C44298FC1C149AFBF4C8996FB92427AE41E4649B934CA495991B7852B855"
    },
    {
      "Schema": "erp_integration",
      "Table": "Cp6_OutboxMessage",
      "Rows": 0,
      "ColumnsSha256": "0C3E4A27E82404D0BFDE050FD4C17E545AB7029C527696DC9F3A651F09C1DFDF",
      "ContentSha256": "E3B0C44298FC1C149AFBF4C8996FB92427AE41E4649B934CA495991B7852B855"
    },
    {
      "Schema": "erp_integration",
      "Table": "DeliveryReplayAudit",
      "Rows": 0,
      "ColumnsSha256": "D832546D5C96C626390D832587A989D94CDC39074C6B517B193E68B50EED6D68",
      "ContentSha256": "E3B0C44298FC1C149AFBF4C8996FB92427AE41E4649B934CA495991B7852B855"
    },
    {
      "Schema": "erp_integration",
      "Table": "InboxReplayAudit",
      "Rows": 0,
      "ColumnsSha256": "725CE9551B916FAD63CD63A213077FF35FCD91747FD7F16A93EE5236395F3336",
      "ContentSha256": "E3B0C44298FC1C149AFBF4C8996FB92427AE41E4649B934CA495991B7852B855"
    },
    {
      "Schema": "erp_integration",
      "Table": "OrderBridgeDispatch",
      "Rows": 0,
      "ColumnsSha256": "843876BB628D87F41EA9341F83D3B5870A718DD4DCEFFCEA4DF16B930F28A635",
      "ContentSha256": "E3B0C44298FC1C149AFBF4C8996FB92427AE41E4649B934CA495991B7852B855"
    },
    {
      "Schema": "erp_integration",
      "Table": "Request",
      "Rows": 0,
      "ColumnsSha256": "FAA5D4A3B77A829C52907E993FF7FE1C95E350A30FBF4B55DD92555E9C0BDF5F",
      "ContentSha256": "E3B0C44298FC1C149AFBF4C8996FB92427AE41E4649B934CA495991B7852B855"
    },
    {
      "Schema": "public",
      "Table": "CrmIdentityTenantGenerations",
      "Rows": 0,
      "ColumnsSha256": "940BF0BBC9C54A6A2687CD002BA1CE803693D4704E5E2F5CC03D9AA7009218BD",
      "ContentSha256": "E3B0C44298FC1C149AFBF4C8996FB92427AE41E4649B934CA495991B7852B855"
    },
    {
      "Schema": "public",
      "Table": "CrmOidcGrant",
      "Rows": 0,
      "ColumnsSha256": "4FF4CD35185ADFAD79F1D107299626BC59AC2953B0A752F2332BDAC226DB72F4",
      "ContentSha256": "E3B0C44298FC1C149AFBF4C8996FB92427AE41E4649B934CA495991B7852B855"
    },
    {
      "Schema": "public",
      "Table": "CrmOidcLogout",
      "Rows": 0,
      "ColumnsSha256": "F65CE67636B7DA34CD72B1B043283819DBDE86EAC7E3AD0A82F4810B91A493DA",
      "ContentSha256": "E3B0C44298FC1C149AFBF4C8996FB92427AE41E4649B934CA495991B7852B855"
    },
    {
      "Schema": "public",
      "Table": "DataProtectionKeys",
      "Rows": 1,
      "ColumnsSha256": "C1A70E1E0C29EA3F16ED3BB6159F41D5BAF73867FAFD4DD44CCA6AD3AB53E5C3",
      "ContentSha256": "09D15E78C5ADD667B15498D9132E200CEC53A0A4CDBC30D0B4D6C08F9B8B2364"
    },
    {
      "Schema": "public",
      "Table": "Fin_ApInvoice",
      "Rows": 0,
      "ColumnsSha256": "D387A11278BC5AF62FAB451C617131F3294B425EEFDC969B7C5AECF880283762",
      "ContentSha256": "E3B0C44298FC1C149AFBF4C8996FB92427AE41E4649B934CA495991B7852B855"
    },
    {
      "Schema": "public",
      "Table": "Fin_ApInvoiceLine",
      "Rows": 0,
      "ColumnsSha256": "4219374F286EEDE2AE7008762D11C1A938FF4DB8B800AC034B6EF81751768163",
      "ContentSha256": "E3B0C44298FC1C149AFBF4C8996FB92427AE41E4649B934CA495991B7852B855"
    },
    {
      "Schema": "public",
      "Table": "Fin_ApSettlement",
      "Rows": 0,
      "ColumnsSha256": "CC911749E5E8FAE6EA888F41B37E1163BD4B77E0B483ACBBB7161E0DC8A2EA65",
      "ContentSha256": "E3B0C44298FC1C149AFBF4C8996FB92427AE41E4649B934CA495991B7852B855"
    },
    {
      "Schema": "public",
      "Table": "Fin_ArInvoice",
      "Rows": 0,
      "ColumnsSha256": "87EE8D2E36E2FFC588A48F74FB6F09D7C1085ECDA51B6E2A3F3529F6C8E2C00E",
      "ContentSha256": "E3B0C44298FC1C149AFBF4C8996FB92427AE41E4649B934CA495991B7852B855"
    },
    {
      "Schema": "public",
      "Table": "Fin_ArInvoiceLine",
      "Rows": 0,
      "ColumnsSha256": "DA2BBC6876D47729BCC27E8494C8A14DE691BCAC6FF7B35C260CAF7EAB41DE03",
      "ContentSha256": "E3B0C44298FC1C149AFBF4C8996FB92427AE41E4649B934CA495991B7852B855"
    },
    {
      "Schema": "public",
      "Table": "Fin_ArSettlement",
      "Rows": 0,
      "ColumnsSha256": "99144249852B41141A71D31E7DFADDFB14AB6C4301EA12593679F8424CA8528D",
      "ContentSha256": "E3B0C44298FC1C149AFBF4C8996FB92427AE41E4649B934CA495991B7852B855"
    },
    {
      "Schema": "public",
      "Table": "Fin_AssetCard",
      "Rows": 0,
      "ColumnsSha256": "B67EA41415721DF19531493E20D9F342086ABD49DF9441BC6BB73C2CF2D0470B",
      "ContentSha256": "E3B0C44298FC1C149AFBF4C8996FB92427AE41E4649B934CA495991B7852B855"
    },
    {
      "Schema": "public",
      "Table": "Fin_AssetCategory",
      "Rows": 0,
      "ColumnsSha256": "9351931CCFBE1C07875322C739675914271E2E18AB25C5F76F8715F23DF80143",
      "ContentSha256": "E3B0C44298FC1C149AFBF4C8996FB92427AE41E4649B934CA495991B7852B855"
    },
    {
      "Schema": "public",
      "Table": "Fin_AssetDisposal",
      "Rows": 0,
      "ColumnsSha256": "0168D71C1E11100A62E91B92A4D17AB4581C9A97A70733B1AC8CE33F47DE7D57",
      "ContentSha256": "E3B0C44298FC1C149AFBF4C8996FB92427AE41E4649B934CA495991B7852B855"
    },
    {
      "Schema": "public",
      "Table": "Fin_BankAccount",
      "Rows": 0,
      "ColumnsSha256": "025CA839485237821D3D2EBF3E369CC861617523679EEC50248BD7CFF9863DF7",
      "ContentSha256": "E3B0C44298FC1C149AFBF4C8996FB92427AE41E4649B934CA495991B7852B855"
    },
    {
      "Schema": "public",
      "Table": "Fin_BankImportProfile",
      "Rows": 0,
      "ColumnsSha256": "E1CADAFCDF3A2E12C0F77192CA152D448D92F7D3CE9CF238DB4B812EAE62748B",
      "ContentSha256": "E3B0C44298FC1C149AFBF4C8996FB92427AE41E4649B934CA495991B7852B855"
    },
    {
      "Schema": "public",
      "Table": "Fin_BankReconJournalLink",
      "Rows": 0,
      "ColumnsSha256": "56F58FFF22180B7FE730C5FD589D7BEE7FAF13045F9219D5B704295E3CB07C83",
      "ContentSha256": "E3B0C44298FC1C149AFBF4C8996FB92427AE41E4649B934CA495991B7852B855"
    },
    {
      "Schema": "public",
      "Table": "Fin_BankReconMatch",
      "Rows": 0,
      "ColumnsSha256": "78C5BE9E49D0A5499492CB88B1ABD0824A3655165675785479E3154EC77F1227",
      "ContentSha256": "E3B0C44298FC1C149AFBF4C8996FB92427AE41E4649B934CA495991B7852B855"
    },
    {
      "Schema": "public",
      "Table": "Fin_BankStatement",
      "Rows": 0,
      "ColumnsSha256": "8F1F536DD4D0458C2B7B61401421D9F664A64713F108542A47F4EE4335F598CC",
      "ContentSha256": "E3B0C44298FC1C149AFBF4C8996FB92427AE41E4649B934CA495991B7852B855"
    },
    {
      "Schema": "public",
      "Table": "Fin_BankStatementLine",
      "Rows": 0,
      "ColumnsSha256": "7D3D636BFA9289894F806C39166697C280B16BC6963EFE242E11B7EE172992B4",
      "ContentSha256": "E3B0C44298FC1C149AFBF4C8996FB92427AE41E4649B934CA495991B7852B855"
    },
    {
      "Schema": "public",
      "Table": "Fin_Budget",
      "Rows": 0,
      "ColumnsSha256": "66880CF48A03AD26E5E2FC20F5B7A7525F1DD883F64A1F554435B6FB4D3D4CA6",
      "ContentSha256": "E3B0C44298FC1C149AFBF4C8996FB92427AE41E4649B934CA495991B7852B855"
    },
    {
      "Schema": "public",
      "Table": "Fin_BudgetLine",
      "Rows": 0,
      "ColumnsSha256": "78ECF3D3E3C5B65C0F83796DDFABABAEBE3AF763F55A4F4647E7D8171F0D8439",
      "ContentSha256": "E3B0C44298FC1C149AFBF4C8996FB92427AE41E4649B934CA495991B7852B855"
    },
    {
      "Schema": "public",
      "Table": "Fin_BudgetLinePeriod",
      "Rows": 0,
      "ColumnsSha256": "C28B13519C05591ADB4F6127A9608EAFCA3115A9CEEA3CB8788E7566DF92709C",
      "ContentSha256": "E3B0C44298FC1C149AFBF4C8996FB92427AE41E4649B934CA495991B7852B855"
    },
    {
      "Schema": "public",
      "Table": "Fin_BudgetVersion",
      "Rows": 0,
      "ColumnsSha256": "6F435F9455A02D5D11BF55E902E6CE4974524BC5676EFEFB46467A4FE2C579E4",
      "ContentSha256": "E3B0C44298FC1C149AFBF4C8996FB92427AE41E4649B934CA495991B7852B855"
    },
    {
      "Schema": "public",
      "Table": "Fin_CostCenter",
      "Rows": 0,
      "ColumnsSha256": "6221A5B4745D6C29B9F6EC7BE4DAD3C37B38AAD8A04E2C2E5CA3B21723B2EAC0",
      "ContentSha256": "E3B0C44298FC1C149AFBF4C8996FB92427AE41E4649B934CA495991B7852B855"
    },
    {
      "Schema": "public",
      "Table": "Fin_CostSheet",
      "Rows": 0,
      "ColumnsSha256": "641D8FA41BF4ED0A1A5F8262EA5B001BDA4EEB7B7FC9D57EC16D9E9A81D3C0EF",
      "ContentSha256": "E3B0C44298FC1C149AFBF4C8996FB92427AE41E4649B934CA495991B7852B855"
    },
    {
      "Schema": "public",
      "Table": "Fin_CostSheetLine",
      "Rows": 0,
      "ColumnsSha256": "75E5EB430E29BDB1EB90D76EE160B94B3A90E34AE573DCAA6B3FC6BE0EE3A5D9",
      "ContentSha256": "E3B0C44298FC1C149AFBF4C8996FB92427AE41E4649B934CA495991B7852B855"
    },
    {
      "Schema": "public",
      "Table": "Fin_DepreciationEntry",
      "Rows": 0,
      "ColumnsSha256": "223E70D134E557C11C96A49CA6E5FA9A2096F38577CCA0AFEFFDB1DD481A3D5B",
      "ContentSha256": "E3B0C44298FC1C149AFBF4C8996FB92427AE41E4649B934CA495991B7852B855"
    },
    {
      "Schema": "public",
      "Table": "Fin_DepreciationRun",
      "Rows": 0,
      "ColumnsSha256": "91425F97155EF41B7B1CE78B5D001F2804C46937602B779123524814C7C3F3E4",
      "ContentSha256": "E3B0C44298FC1C149AFBF4C8996FB92427AE41E4649B934CA495991B7852B855"
    },
    {
      "Schema": "public",
      "Table": "Fin_FiscalPeriod",
      "Rows": 0,
      "ColumnsSha256": "CD4DD039B6A2A44C6A8F22E7D139D06167B5DEDFB3810B137BC97A51A9BBDE95",
      "ContentSha256": "E3B0C44298FC1C149AFBF4C8996FB92427AE41E4649B934CA495991B7852B855"
    },
    {
      "Schema": "public",
      "Table": "Fin_GlAccount",
      "Rows": 0,
      "ColumnsSha256": "35C95B5D43722D291DF56F9EC583A82C29477493797D944BC04B9B644DE4C2B9",
      "ContentSha256": "E3B0C44298FC1C149AFBF4C8996FB92427AE41E4649B934CA495991B7852B855"
    },
    {
      "Schema": "public",
      "Table": "Fin_JournalEntry",
      "Rows": 0,
      "ColumnsSha256": "076188721E9CBE7A29FEFDB7C12BAC158F2A22E4B8648D05302498B7845C3523",
      "ContentSha256": "E3B0C44298FC1C149AFBF4C8996FB92427AE41E4649B934CA495991B7852B855"
    },
    {
      "Schema": "public",
      "Table": "Fin_JournalLine",
      "Rows": 0,
      "ColumnsSha256": "888F6C0D59615CDB04CC887D141E156FDADBBCA453590E094D1882B9FC8CB42A",
      "ContentSha256": "E3B0C44298FC1C149AFBF4C8996FB92427AE41E4649B934CA495991B7852B855"
    },
    {
      "Schema": "public",
      "Table": "Fin_Payment",
      "Rows": 0,
      "ColumnsSha256": "81FCE94DB282B80320E8E492E3FBC9FD3008A2A62C865EB82F5216CB09BD7217",
      "ContentSha256": "E3B0C44298FC1C149AFBF4C8996FB92427AE41E4649B934CA495991B7852B855"
    },
    {
      "Schema": "public",
      "Table": "Fin_PostingRule",
      "Rows": 15,
      "ColumnsSha256": "CDEDA97A87353598161FF6A23B06885237065DE6717E1D2585F0748DFD660276",
      "ContentSha256": "38872E5C513161B42C19844DA28E53B16EF4A05DBEB0C1F8A7296A7193A8A6C0"
    },
    {
      "Schema": "public",
      "Table": "Fin_PostingRuleLine",
      "Rows": 34,
      "ColumnsSha256": "9B6B8BEF64241C4EDE0F6453FEAEB08E5BEBFC804F40052B6C8362D2F2EE2725",
      "ContentSha256": "1FF5FE37D62851C0B24DB53B638342D95189F79F147A9A3DE17B1A05BECC016A"
    },
    {
      "Schema": "public",
      "Table": "Fin_Receipt",
      "Rows": 0,
      "ColumnsSha256": "759D44D0BB6066FC2565CE940E0DB56F3F5ED65A1BD2B50B27752E7926DFD6B7",
      "ContentSha256": "E3B0C44298FC1C149AFBF4C8996FB92427AE41E4649B934CA495991B7852B855"
    },
    {
      "Schema": "public",
      "Table": "Fin_Sequence",
      "Rows": 0,
      "ColumnsSha256": "329E575FCF3FC0B1945FAA4D3FF92B979F54C5E2F5362CE3FAC689A3EA25EEFD",
      "ContentSha256": "E3B0C44298FC1C149AFBF4C8996FB92427AE41E4649B934CA495991B7852B855"
    },
    {
      "Schema": "public",
      "Table": "Fin_TaxCode",
      "Rows": 0,
      "ColumnsSha256": "F7A37500C9CEF80DC8108FC077A2B3D0F244CB6BAD95CB1E3E753DE61FD379D3",
      "ContentSha256": "E3B0C44298FC1C149AFBF4C8996FB92427AE41E4649B934CA495991B7852B855"
    },
    {
      "Schema": "public",
      "Table": "M_Base",
      "Rows": 3,
      "ColumnsSha256": "838F50BCF8D44DF8E7EEFE3FD4B53C57813134098E859B3C65F228DC34E1C4F2",
      "ContentSha256": "9058AB32D5F2748734781D9FA5B6356A9ED31742A6C4B8CE2B4CD527B3DEC241"
    },
    {
      "Schema": "public",
      "Table": "M_DefectCategory",
      "Rows": 25,
      "ColumnsSha256": "D8F409D3E56BFC790CBB8792A3624E11B064296B0951DD4F921F839389D39145",
      "ContentSha256": "A507AF59DA5FBF3B4AFC5600308AA375F075B02BE68C6E8686F29AB5138149B6"
    },
    {
      "Schema": "public",
      "Table": "M_GenericCode",
      "Rows": 59,
      "ColumnsSha256": "E257D485245FF2ED4041FDFA585734CA835DD2E4C9761171453C4AEB0F39FA69",
      "ContentSha256": "A9E4EAF96A3C605B9E0A61AFACC9F0BD9450A5079C863EF9E6C196925BCE1D56"
    },
    {
      "Schema": "public",
      "Table": "M_InspectionTemplate",
      "Rows": 0,
      "ColumnsSha256": "017229DD0D9BF89EEA6BF3F7C062E24EA8BA9AE36FC80EB9842F3B8C12FC1110",
      "ContentSha256": "E3B0C44298FC1C149AFBF4C8996FB92427AE41E4649B934CA495991B7852B855"
    },
    {
      "Schema": "public",
      "Table": "M_Machine",
      "Rows": 6,
      "ColumnsSha256": "DDEBB491C65C46AB5A3366C55F0F8D56A419F4156F53E01D6A527214C95E22E3",
      "ContentSha256": "B91BB03DE1E66370F1E2A6848345A074147534A7DC25D47D5192DF84E1F10C5F"
    },
    {
      "Schema": "public",
      "Table": "M_Staff",
      "Rows": 4,
      "ColumnsSha256": "ACDEF6237679115BC8A69EE69812A808223E17344928B6D2B80996E86B459337",
      "ContentSha256": "403FF5BAE2831415727DABC39F4719DD22DAD40A8BC17A7C63F0A3CD2104CC18"
    },
    {
      "Schema": "public",
      "Table": "Plan_ItemPlanningPolicy",
      "Rows": 0,
      "ColumnsSha256": "EE906F3C7BB297E45D8042A35A00293250260D415BF120F1A14122B54122CE2C",
      "ContentSha256": "E3B0C44298FC1C149AFBF4C8996FB92427AE41E4649B934CA495991B7852B855"
    },
    {
      "Schema": "public",
      "Table": "Plan_MrpRun",
      "Rows": 0,
      "ColumnsSha256": "E9B2C3538C55F332AAE6F99A992B3DF15DA5D570FBEE5E8F319311215B695EB6",
      "ContentSha256": "E3B0C44298FC1C149AFBF4C8996FB92427AE41E4649B934CA495991B7852B855"
    },
    {
      "Schema": "public",
      "Table": "Plan_NetRequirement",
      "Rows": 0,
      "ColumnsSha256": "75335F9C1FBDD292D285900AB2F2EA41F9425D0B0512F8FBE6656EBF39A0D3A3",
      "ContentSha256": "E3B0C44298FC1C149AFBF4C8996FB92427AE41E4649B934CA495991B7852B855"
    },
    {
      "Schema": "public",
      "Table": "Plan_Pegging",
      "Rows": 0,
      "ColumnsSha256": "CF19A13B5DBE356F2DC1E0789ECDCFF59AA1B7D48D7848A292128613B2082D77",
      "ContentSha256": "E3B0C44298FC1C149AFBF4C8996FB92427AE41E4649B934CA495991B7852B855"
    },
    {
      "Schema": "public",
      "Table": "Plan_PlannedOrder",
      "Rows": 0,
      "ColumnsSha256": "1DBA0DD5AA016198A7108FC989A69AC179FFD34E1601664AC20703C5ECB00507",
      "ContentSha256": "E3B0C44298FC1C149AFBF4C8996FB92427AE41E4649B934CA495991B7852B855"
    },
    {
      "Schema": "public",
      "Table": "Pub_Attachment",
      "Rows": 0,
      "ColumnsSha256": "10431DBA26EF3BB234C9D28C38E03F961DFC9BEAA92BA9CFD7B6601677928BBC",
      "ContentSha256": "E3B0C44298FC1C149AFBF4C8996FB92427AE41E4649B934CA495991B7852B855"
    },
    {
      "Schema": "public",
      "Table": "Pub_DocSequence",
      "Rows": 0,
      "ColumnsSha256": "A7BA9E538D9C9019DDF6BB9FC8229EA97982B892CD9AD6DA29633240A55016E6",
      "ContentSha256": "E3B0C44298FC1C149AFBF4C8996FB92427AE41E4649B934CA495991B7852B855"
    },
    {
      "Schema": "public",
      "Table": "Pub_GenColumn",
      "Rows": 0,
      "ColumnsSha256": "595ED2BDFD802A8D1D6291466AD89B31CAE71462297D36BE2DE78F1E3AAD5F42",
      "ContentSha256": "E3B0C44298FC1C149AFBF4C8996FB92427AE41E4649B934CA495991B7852B855"
    },
    {
      "Schema": "public",
      "Table": "Pub_GenTable",
      "Rows": 0,
      "ColumnsSha256": "CA685606C011F8427916CE85C91EAEA681D1F77EE8726B54D1E95254EB70867F",
      "ContentSha256": "E3B0C44298FC1C149AFBF4C8996FB92427AE41E4649B934CA495991B7852B855"
    },
    {
      "Schema": "public",
      "Table": "Pur_GoodsReceipt",
      "Rows": 0,
      "ColumnsSha256": "B1A320A647ECC69F53666F54D1B4AD7D28738B8C23449289C67090558CB23F12",
      "ContentSha256": "E3B0C44298FC1C149AFBF4C8996FB92427AE41E4649B934CA495991B7852B855"
    },
    {
      "Schema": "public",
      "Table": "Pur_GoodsReceiptLine",
      "Rows": 0,
      "ColumnsSha256": "B042127A8DDB6078A16784C5B75183EF7BC9F53DADC454EFBA56EA121798FF30",
      "ContentSha256": "E3B0C44298FC1C149AFBF4C8996FB92427AE41E4649B934CA495991B7852B855"
    },
    {
      "Schema": "public",
      "Table": "Pur_MatchTolerance",
      "Rows": 0,
      "ColumnsSha256": "3CC1EE79AE779866C7D0561E577F2510729F658491EC850D8244B7ADBBE42C95",
      "ContentSha256": "E3B0C44298FC1C149AFBF4C8996FB92427AE41E4649B934CA495991B7852B855"
    },
    {
      "Schema": "public",
      "Table": "Pur_PoConsignMaterial",
      "Rows": 0,
      "ColumnsSha256": "F5994ABE25C2EA52A8B620DCA6652721802A1F44E6072CC9581680C21B16B6D9",
      "ContentSha256": "E3B0C44298FC1C149AFBF4C8996FB92427AE41E4649B934CA495991B7852B855"
    },
    {
      "Schema": "public",
      "Table": "Pur_PurchaseOrder",
      "Rows": 0,
      "ColumnsSha256": "8DCC9D5A35673F67DB3788D703823CB2F662A1EF1D80BA672BE32DCE211334A8",
      "ContentSha256": "E3B0C44298FC1C149AFBF4C8996FB92427AE41E4649B934CA495991B7852B855"
    },
    {
      "Schema": "public",
      "Table": "Pur_PurchaseOrderLine",
      "Rows": 0,
      "ColumnsSha256": "C3387A28CCD42334118860629430025ADB95FDBC12E7686F4874D56AFB3B3A00",
      "ContentSha256": "E3B0C44298FC1C149AFBF4C8996FB92427AE41E4649B934CA495991B7852B855"
    },
    {
      "Schema": "public",
      "Table": "Pur_PurchaseRequest",
      "Rows": 0,
      "ColumnsSha256": "362E797C144D9A09041525E6B35EB68C616BE4689B68BE19532E09F0B8427A48",
      "ContentSha256": "E3B0C44298FC1C149AFBF4C8996FB92427AE41E4649B934CA495991B7852B855"
    },
    {
      "Schema": "public",
      "Table": "Pur_PurchaseRequestLine",
      "Rows": 0,
      "ColumnsSha256": "9047D2D59913E4B73992F1FECB663969975A25A23BE516962BE21DD6C38171B2",
      "ContentSha256": "E3B0C44298FC1C149AFBF4C8996FB92427AE41E4649B934CA495991B7852B855"
    },
    {
      "Schema": "public",
      "Table": "Pur_Rfq",
      "Rows": 0,
      "ColumnsSha256": "F9573FFF762E413CB10A61A73FF11BDD58CE5807A29BB8F5B2F747139C81842F",
      "ContentSha256": "E3B0C44298FC1C149AFBF4C8996FB92427AE41E4649B934CA495991B7852B855"
    },
    {
      "Schema": "public",
      "Table": "Pur_RfqLine",
      "Rows": 0,
      "ColumnsSha256": "31AADE6826E69FB160CB4492A9F473B7645386555BDA0DB0343CD61659916567",
      "ContentSha256": "E3B0C44298FC1C149AFBF4C8996FB92427AE41E4649B934CA495991B7852B855"
    },
    {
      "Schema": "public",
      "Table": "Pur_RfqQuote",
      "Rows": 0,
      "ColumnsSha256": "B84869B2D010B9EA52ABDA4BF4D6763ABDDBBFB8E0104D1CF8DFC818BF4F8511",
      "ContentSha256": "E3B0C44298FC1C149AFBF4C8996FB92427AE41E4649B934CA495991B7852B855"
    },
    {
      "Schema": "public",
      "Table": "Pur_RfqSupplier",
      "Rows": 0,
      "ColumnsSha256": "10C910E64CBAD79751DDF6EDB759B6C608A5BDD4D6C77CA63F268B0160FA6AF7",
      "ContentSha256": "E3B0C44298FC1C149AFBF4C8996FB92427AE41E4649B934CA495991B7852B855"
    },
    {
      "Schema": "public",
      "Table": "Pur_SupplierPrice",
      "Rows": 0,
      "ColumnsSha256": "65272075D4659B12124EF09AEA283ED816699C2ABF87FBA997821CEC9A897146",
      "ContentSha256": "E3B0C44298FC1C149AFBF4C8996FB92427AE41E4649B934CA495991B7852B855"
    },
    {
      "Schema": "public",
      "Table": "Pur_ThreeWayMatch",
      "Rows": 0,
      "ColumnsSha256": "6AFA67D075F799C8E04C59694FACF040B997347E0FCD4A0E3C99423AC901CABD",
      "ContentSha256": "E3B0C44298FC1C149AFBF4C8996FB92427AE41E4649B934CA495991B7852B855"
    },
    {
      "Schema": "public",
      "Table": "Pur_ThreeWayMatchLine",
      "Rows": 0,
      "ColumnsSha256": "E63B1410FEC07C362A1619462DF01B61E4CBDEDF734CD60F3A2FF185AAAB0FFF",
      "ContentSha256": "E3B0C44298FC1C149AFBF4C8996FB92427AE41E4649B934CA495991B7852B855"
    },
    {
      "Schema": "public",
      "Table": "Space_AbcSnapshot",
      "Rows": 0,
      "ColumnsSha256": "C5D73A0FB9290507ACEB153ECBAD1E92E0F453222EB0E9A29F9B1B1BEA5CC939",
      "ContentSha256": "E3B0C44298FC1C149AFBF4C8996FB92427AE41E4649B934CA495991B7852B855"
    },
    {
      "Schema": "public",
      "Table": "Space_AiBudgetReservation",
      "Rows": 0,
      "ColumnsSha256": "67F3839C8E380C9F5A0A9664D9B6112DC972CADED6477C59A6844AFC8D24AC75",
      "ContentSha256": "E3B0C44298FC1C149AFBF4C8996FB92427AE41E4649B934CA495991B7852B855"
    },
    {
      "Schema": "public",
      "Table": "Space_AiTenantPolicy",
      "Rows": 0,
      "ColumnsSha256": "6779B8DEA50DDFA487AFE2893660B70EEA2AC4E4951A39F3BE8638BEF9FEDB80",
      "ContentSha256": "E3B0C44298FC1C149AFBF4C8996FB92427AE41E4649B934CA495991B7852B855"
    },
    {
      "Schema": "public",
      "Table": "Space_AiUsageRecord",
      "Rows": 0,
      "ColumnsSha256": "855A07BDD7EA8E052881C4EEB8202831BA3B1703C543A1037E016135E53E9F6E",
      "ContentSha256": "E3B0C44298FC1C149AFBF4C8996FB92427AE41E4649B934CA495991B7852B855"
    },
    {
      "Schema": "public",
      "Table": "Space_Aisle",
      "Rows": 0,
      "ColumnsSha256": "329D5FEE7CF46B39E5B99F223179DD4A1762985E609B6732BCD57F1E4CAFFFD5",
      "ContentSha256": "E3B0C44298FC1C149AFBF4C8996FB92427AE41E4649B934CA495991B7852B855"
    },
    {
      "Schema": "public",
      "Table": "Space_AisleRevision",
      "Rows": 0,
      "ColumnsSha256": "CCEF610C8A098CC46EC6F3B9CA771CAD1F155F0D995428F665948B76DAFC8A31",
      "ContentSha256": "E3B0C44298FC1C149AFBF4C8996FB92427AE41E4649B934CA495991B7852B855"
    },
    {
      "Schema": "public",
      "Table": "Space_AnalyticsConfig",
      "Rows": 0,
      "ColumnsSha256": "86F19DAA5D32E9287BD072E6914AC77E15099870CD9D265EEB2E14B34C5CC18E",
      "ContentSha256": "E3B0C44298FC1C149AFBF4C8996FB92427AE41E4649B934CA495991B7852B855"
    },
    {
      "Schema": "public",
      "Table": "Space_Artifact",
      "Rows": 0,
      "ColumnsSha256": "6155096522F85572736A5BBCC59B39990D9C6EB1A8B9EDE9BA17596D5A79E8E3",
      "ContentSha256": "E3B0C44298FC1C149AFBF4C8996FB92427AE41E4649B934CA495991B7852B855"
    },
    {
      "Schema": "public",
      "Table": "Space_Asset",
      "Rows": 2,
      "ColumnsSha256": "839E364E04ECD191D9450A220E16A7D07C19028390C97083B33A915ECAE8FA82",
      "ContentSha256": "85C8DB872F4727570685099DA4CE25D5971A421A1C442345537D9C98B7542739"
    },
    {
      "Schema": "public",
      "Table": "Space_AssetVersion",
      "Rows": 2,
      "ColumnsSha256": "86E7F8BC218EEDF7374947C053C6D741B97B95DCF646F00A0BEABB0EB2C473EA",
      "ContentSha256": "F76716C8896775524D63F5E4958E53B4C1848FDCB26C1F8BEFEF3AD7A2F1F9C3"
    },
    {
      "Schema": "public",
      "Table": "Space_AuditEvent",
      "Rows": 4,
      "ColumnsSha256": "16A163B01C3E531F34C793D1A4E275B24892D872042CD0A2A073D09942E76DDC",
      "ContentSha256": "00EC9187FA8A15B6DCBB09C049BE0ADEF0468CCA2162711C8F518E1D14E4D174"
    },
    {
      "Schema": "public",
      "Table": "Space_CadParsePreparation",
      "Rows": 0,
      "ColumnsSha256": "F8B762397DE13D7ED587287F7248D5EA9172AC1B59CDA1DF878E8495D4DFD955",
      "ContentSha256": "E3B0C44298FC1C149AFBF4C8996FB92427AE41E4649B934CA495991B7852B855"
    },
    {
      "Schema": "public",
      "Table": "Space_CadSiteProviderCertification",
      "Rows": 0,
      "ColumnsSha256": "3BF1911FC459A5098E2E340EE25AD1D1BA0C1133B22C41BF53DAEB7BBC344AA5",
      "ContentSha256": "E3B0C44298FC1C149AFBF4C8996FB92427AE41E4649B934CA495991B7852B855"
    },
    {
      "Schema": "public",
      "Table": "Space_CadSiteProviderConfiguration",
      "Rows": 0,
      "ColumnsSha256": "B0310ECBA2EBD2F0299D1BDE00C6455070E9939868775A30B3219967D1010FCB",
      "ContentSha256": "E3B0C44298FC1C149AFBF4C8996FB92427AE41E4649B934CA495991B7852B855"
    },
    {
      "Schema": "public",
      "Table": "Space_CodeRule",
      "Rows": 0,
      "ColumnsSha256": "ABFF23A78B6079FD9F64EE02123A54E08D0E10209B39D6336B359A6B0DA97390",
      "ContentSha256": "E3B0C44298FC1C149AFBF4C8996FB92427AE41E4649B934CA495991B7852B855"
    },
    {
      "Schema": "public",
      "Table": "Space_Connector",
      "Rows": 0,
      "ColumnsSha256": "E4172A5A4FA8608BE551C9F8DE133F3D7DA7F30E4830FAAF632EE04B4E991978",
      "ContentSha256": "E3B0C44298FC1C149AFBF4C8996FB92427AE41E4649B934CA495991B7852B855"
    },
    {
      "Schema": "public",
      "Table": "Space_ConnectorStop",
      "Rows": 0,
      "ColumnsSha256": "96931DFF91ADBF0FC255CFC8921A9309B726B21A317044EF498CF1619B265C59",
      "ContentSha256": "E3B0C44298FC1C149AFBF4C8996FB92427AE41E4649B934CA495991B7852B855"
    },
    {
      "Schema": "public",
      "Table": "Space_DesignAttribute",
      "Rows": 0,
      "ColumnsSha256": "ED75E849EB1BC3F6745879D06D15168849A902D9D901009B9095ECCFDF24A626",
      "ContentSha256": "E3B0C44298FC1C149AFBF4C8996FB92427AE41E4649B934CA495991B7852B855"
    },
    {
      "Schema": "public",
      "Table": "Space_DeviceAlarmState",
      "Rows": 0,
      "ColumnsSha256": "CC093B83BE15DB7C7A1A9EDBC284C6431914A441F7253168FBFEB7602F1C5DA0",
      "ContentSha256": "E3B0C44298FC1C149AFBF4C8996FB92427AE41E4649B934CA495991B7852B855"
    },
    {
      "Schema": "public",
      "Table": "Space_DeviceEvent",
      "Rows": 0,
      "ColumnsSha256": "6008BB446C56D0624FC3F23F0A83EA2AC7311AAB0751FFA79953CCC267B261EF",
      "ContentSha256": "E3B0C44298FC1C149AFBF4C8996FB92427AE41E4649B934CA495991B7852B855"
    },
    {
      "Schema": "public",
      "Table": "Space_DeviceMapping",
      "Rows": 0,
      "ColumnsSha256": "B6B3B557BA3B93F8D882E331932F7BC4818891B5981F2D0EE43A3B5ED1901FF6",
      "ContentSha256": "E3B0C44298FC1C149AFBF4C8996FB92427AE41E4649B934CA495991B7852B855"
    },
    {
      "Schema": "public",
      "Table": "Space_DeviceState",
      "Rows": 0,
      "ColumnsSha256": "13B3BC56D0A769D0BBAA0214DAD1AD770880D9176EDF089B600C6A37EDA14A45",
      "ContentSha256": "E3B0C44298FC1C149AFBF4C8996FB92427AE41E4649B934CA495991B7852B855"
    },
    {
      "Schema": "public",
      "Table": "Space_DispatchRecommendation",
      "Rows": 0,
      "ColumnsSha256": "2400FA048FF5031BD31E094F1E6BCFFA7320698A42E44F20A2652D0382278F1F",
      "ContentSha256": "E3B0C44298FC1C149AFBF4C8996FB92427AE41E4649B934CA495991B7852B855"
    },
    {
      "Schema": "public",
      "Table": "Space_EditLease",
      "Rows": 0,
      "ColumnsSha256": "044DE4DB18550B5BF4566471CD37B901485D98085456A96FC60D71211EE57F24",
      "ContentSha256": "E3B0C44298FC1C149AFBF4C8996FB92427AE41E4649B934CA495991B7852B855"
    },
    {
      "Schema": "public",
      "Table": "Space_EditLeaseTakeoverAudit",
      "Rows": 0,
      "ColumnsSha256": "AD04FF579463C2EA397F1D83E124C20ED7D2208D60D01B19521F0E95E8F1E1CD",
      "ContentSha256": "E3B0C44298FC1C149AFBF4C8996FB92427AE41E4649B934CA495991B7852B855"
    },
    {
      "Schema": "public",
      "Table": "Space_ElementAttribute",
      "Rows": 0,
      "ColumnsSha256": "1DEF3F09BC828A2D3E1DA71B1CB0AD9513B39EA780678A6301698E3942E72D02",
      "ContentSha256": "E3B0C44298FC1C149AFBF4C8996FB92427AE41E4649B934CA495991B7852B855"
    },
    {
      "Schema": "public",
      "Table": "Space_ElementCommandBatch",
      "Rows": 0,
      "ColumnsSha256": "4583297BB89CC4E5AC5CB096E1899522549414F4CB133A60B51317AF209A4305",
      "ContentSha256": "E3B0C44298FC1C149AFBF4C8996FB92427AE41E4649B934CA495991B7852B855"
    },
    {
      "Schema": "public",
      "Table": "Space_ElementCommandRecord",
      "Rows": 0,
      "ColumnsSha256": "FDE9581B3F8F3369F5C2515557E0F7B7E9AD64A9559CE19202FBDFB1102B863E",
      "ContentSha256": "E3B0C44298FC1C149AFBF4C8996FB92427AE41E4649B934CA495991B7852B855"
    },
    {
      "Schema": "public",
      "Table": "Space_ElementRevision",
      "Rows": 0,
      "ColumnsSha256": "991AB64DA7E920EB0F569C397ED92AF7F8121D48675DD70A49328A3EDDAB6864",
      "ContentSha256": "E3B0C44298FC1C149AFBF4C8996FB92427AE41E4649B934CA495991B7852B855"
    },
    {
      "Schema": "public",
      "Table": "Space_ExcelMappingProfile",
      "Rows": 0,
      "ColumnsSha256": "95579153C9DF5528E8505C09456D5C732643C8D18F6C0CA9BEF7CAC8EB3E0E67",
      "ContentSha256": "E3B0C44298FC1C149AFBF4C8996FB92427AE41E4649B934CA495991B7852B855"
    },
    {
      "Schema": "public",
      "Table": "Space_ExcelMappingProfileVersion",
      "Rows": 0,
      "ColumnsSha256": "84353693FD5CEA694D7F87A3BDD37FBE31C4A49536310F70B7E6DFAF0FA3D3CB",
      "ContentSha256": "E3B0C44298FC1C149AFBF4C8996FB92427AE41E4649B934CA495991B7852B855"
    },
    {
      "Schema": "public",
      "Table": "Space_ExternalGrant",
      "Rows": 0,
      "ColumnsSha256": "FCDF065BF35A6E7FD409A6A25DEE42E943635C11D79C063A9772F7740EB86E3B",
      "ContentSha256": "E3B0C44298FC1C149AFBF4C8996FB92427AE41E4649B934CA495991B7852B855"
    },
    {
      "Schema": "public",
      "Table": "Space_ExternalGrantFloor",
      "Rows": 0,
      "ColumnsSha256": "DA8F6C7F706BC8A5BF2C65330A66400B684C59EBC17ECF22E1F6C3E60E4CC652",
      "ContentSha256": "E3B0C44298FC1C149AFBF4C8996FB92427AE41E4649B934CA495991B7852B855"
    },
    {
      "Schema": "public",
      "Table": "Space_ExternalGrantObject",
      "Rows": 0,
      "ColumnsSha256": "1E38F87B0E1EE4A01A774ABE96BC6EE0F45F3CB5FBA106F8043F43C019D51EF8",
      "ContentSha256": "E3B0C44298FC1C149AFBF4C8996FB92427AE41E4649B934CA495991B7852B855"
    },
    {
      "Schema": "public",
      "Table": "Space_ExternalGrantOwner",
      "Rows": 0,
      "ColumnsSha256": "D29329B5273B7F151D32BC667CBC3A3183F98D314C6DFE55C06A79B3B09131D3",
      "ContentSha256": "E3B0C44298FC1C149AFBF4C8996FB92427AE41E4649B934CA495991B7852B855"
    },
    {
      "Schema": "public",
      "Table": "Space_ExternalGrantZone",
      "Rows": 0,
      "ColumnsSha256": "FCAACE9101CC374F08F058AC2D0AADB1F015A0295DD11730B7F4587E24CD1C53",
      "ContentSha256": "E3B0C44298FC1C149AFBF4C8996FB92427AE41E4649B934CA495991B7852B855"
    },
    {
      "Schema": "public",
      "Table": "Space_ExternalMembership",
      "Rows": 0,
      "ColumnsSha256": "5672F1CDC10E3E753E159069A53608AC2DF030CABD5BA77223D7D9CDA6625CE6",
      "ContentSha256": "E3B0C44298FC1C149AFBF4C8996FB92427AE41E4649B934CA495991B7852B855"
    },
    {
      "Schema": "public",
      "Table": "Space_ExternalOrganization",
      "Rows": 0,
      "ColumnsSha256": "955E741437C6FEC1FAC1269C3374C3BEAB571973218DE7599582065F95A2214A",
      "ContentSha256": "E3B0C44298FC1C149AFBF4C8996FB92427AE41E4649B934CA495991B7852B855"
    },
    {
      "Schema": "public",
      "Table": "Space_FieldPolicy",
      "Rows": 0,
      "ColumnsSha256": "19C7613C7D14EAC9B3064D3C4B1FC297ACA8C45D189FA33CC05B80CEE7DDB529",
      "ContentSha256": "E3B0C44298FC1C149AFBF4C8996FB92427AE41E4649B934CA495991B7852B855"
    },
    {
      "Schema": "public",
      "Table": "Space_FieldPolicyField",
      "Rows": 0,
      "ColumnsSha256": "CAF663251E5CBBFD5991091117F08ADE0CC3F4907DA158A3CD46D4A7348C20C5",
      "ContentSha256": "E3B0C44298FC1C149AFBF4C8996FB92427AE41E4649B934CA495991B7852B855"
    },
    {
      "Schema": "public",
      "Table": "Space_File",
      "Rows": 0,
      "ColumnsSha256": "5EBCD09BCA6CA9120D5B64E378E1EAAE1287B1057B0432726AA58CC110AD7159",
      "ContentSha256": "E3B0C44298FC1C149AFBF4C8996FB92427AE41E4649B934CA495991B7852B855"
    },
    {
      "Schema": "public",
      "Table": "Space_Floor",
      "Rows": 0,
      "ColumnsSha256": "DFC7C63C97227F392C921D9D60DEBC671D479E437F797B61F29B6A4FCC1DF387",
      "ContentSha256": "E3B0C44298FC1C149AFBF4C8996FB92427AE41E4649B934CA495991B7852B855"
    },
    {
      "Schema": "public",
      "Table": "Space_FloorRevision",
      "Rows": 0,
      "ColumnsSha256": "7E1DBEA4867F80D7D29E8E79460CD2E03D48B4602F94722D463CC9AACD1C6362",
      "ContentSha256": "E3B0C44298FC1C149AFBF4C8996FB92427AE41E4649B934CA495991B7852B855"
    },
    {
      "Schema": "public",
      "Table": "Space_GenerationLockedFact",
      "Rows": 0,
      "ColumnsSha256": "9787C8D56F2217667232B92360BBEB9DF8A554C76F2C1A2C626A18A22A3B19C1",
      "ContentSha256": "E3B0C44298FC1C149AFBF4C8996FB92427AE41E4649B934CA495991B7852B855"
    },
    {
      "Schema": "public",
      "Table": "Space_GenerationProposal",
      "Rows": 0,
      "ColumnsSha256": "1CD8E0C2E1C3DFFD9DE49AD915A50D8F87EC81A2AD3DF10CA6374FFA36860053",
      "ContentSha256": "E3B0C44298FC1C149AFBF4C8996FB92427AE41E4649B934CA495991B7852B855"
    },
    {
      "Schema": "public",
      "Table": "Space_GenerationRun",
      "Rows": 0,
      "ColumnsSha256": "FE632169B0CE10CD786CEEC9EFDBAB68F9D85D1FA526DE097FD1F32DFF180F7B",
      "ContentSha256": "E3B0C44298FC1C149AFBF4C8996FB92427AE41E4649B934CA495991B7852B855"
    },
    {
      "Schema": "public",
      "Table": "Space_GenerationStagingElement",
      "Rows": 0,
      "ColumnsSha256": "A151A38F51E2F59A38D586A26674324AFDA737EF901EE7CFD7FA955BF7F9DB9B",
      "ContentSha256": "E3B0C44298FC1C149AFBF4C8996FB92427AE41E4649B934CA495991B7852B855"
    },
    {
      "Schema": "public",
      "Table": "Space_HistoricalRepublish",
      "Rows": 0,
      "ColumnsSha256": "355658E3AFA2056B0C12B9BE32BFDCE79847AFE7A63F86A11FBDC3DF34C3F57E",
      "ContentSha256": "E3B0C44298FC1C149AFBF4C8996FB92427AE41E4649B934CA495991B7852B855"
    },
    {
      "Schema": "public",
      "Table": "Space_IdempotencyRecord",
      "Rows": 2,
      "ColumnsSha256": "6A097D583DF120210560E2C6A9070AB4C8F19CEE0448796DF3E497A711008E6A",
      "ContentSha256": "401E3E6B621E8885B0D427C9A8C3EAC951FCEF61CD6952F1A854E6D66DCBCDD6"
    },
    {
      "Schema": "public",
      "Table": "Space_Job",
      "Rows": 0,
      "ColumnsSha256": "3B9F50A293C76B25FC06869BE37897900054B4202284DE2589EBE6B2D68B6A4C",
      "ContentSha256": "E3B0C44298FC1C149AFBF4C8996FB92427AE41E4649B934CA495991B7852B855"
    },
    {
      "Schema": "public",
      "Table": "Space_JobAttempt",
      "Rows": 0,
      "ColumnsSha256": "61366C82AF9705E5B000744E4CCF2E7044064FFC71AC8A4586583D73A814345E",
      "ContentSha256": "E3B0C44298FC1C149AFBF4C8996FB92427AE41E4649B934CA495991B7852B855"
    },
    {
      "Schema": "public",
      "Table": "Space_JobStep",
      "Rows": 0,
      "ColumnsSha256": "50A3E17560A9555A1B92AC8B1A06643004399D7F0CFAAE56BE04BE24BA11A529",
      "ContentSha256": "E3B0C44298FC1C149AFBF4C8996FB92427AE41E4649B934CA495991B7852B855"
    },
    {
      "Schema": "public",
      "Table": "Space_LayerMappingProfile",
      "Rows": 0,
      "ColumnsSha256": "95579153C9DF5528E8505C09456D5C732643C8D18F6C0CA9BEF7CAC8EB3E0E67",
      "ContentSha256": "E3B0C44298FC1C149AFBF4C8996FB92427AE41E4649B934CA495991B7852B855"
    },
    {
      "Schema": "public",
      "Table": "Space_LayerMappingProfileVersion",
      "Rows": 0,
      "ColumnsSha256": "84353693FD5CEA694D7F87A3BDD37FBE31C4A49536310F70B7E6DFAF0FA3D3CB",
      "ContentSha256": "E3B0C44298FC1C149AFBF4C8996FB92427AE41E4649B934CA495991B7852B855"
    },
    {
      "Schema": "public",
      "Table": "Space_Location",
      "Rows": 0,
      "ColumnsSha256": "1F03D1FF6C5E9822B04B166AAB4D8D6284193B6FAFFAB9E7D9FA87E48DBDC69C",
      "ContentSha256": "E3B0C44298FC1C149AFBF4C8996FB92427AE41E4649B934CA495991B7852B855"
    },
    {
      "Schema": "public",
      "Table": "Space_LocationExternalBinding",
      "Rows": 0,
      "ColumnsSha256": "D6A41FB801FA58BE8508ED0FB8852D8337A9F6CA63606C1EA1E85D0EF78D7C4E",
      "ContentSha256": "E3B0C44298FC1C149AFBF4C8996FB92427AE41E4649B934CA495991B7852B855"
    },
    {
      "Schema": "public",
      "Table": "Space_LocationRevision",
      "Rows": 0,
      "ColumnsSha256": "8C9E07FB27424CB3065E9940EF35EEE349D6E105E0BB9DE07297FF5D0E520211",
      "ContentSha256": "E3B0C44298FC1C149AFBF4C8996FB92427AE41E4649B934CA495991B7852B855"
    },
    {
      "Schema": "public",
      "Table": "Space_Marker",
      "Rows": 0,
      "ColumnsSha256": "ED7CADF997C8AFEDFAA0540762286B2AFC39E10A1150895AFEC49A791224AD23",
      "ContentSha256": "E3B0C44298FC1C149AFBF4C8996FB92427AE41E4649B934CA495991B7852B855"
    },
    {
      "Schema": "public",
      "Table": "Space_Model",
      "Rows": 0,
      "ColumnsSha256": "BB84AFFDD38C3C1122E3584008CC2E2746400A01A2B57C10CFBDD031BB82F7FE",
      "ContentSha256": "E3B0C44298FC1C149AFBF4C8996FB92427AE41E4649B934CA495991B7852B855"
    },
    {
      "Schema": "public",
      "Table": "Space_ModelIssue",
      "Rows": 0,
      "ColumnsSha256": "F386FED0D3660468C7E9C8F562336B0F448D5C9048670A217B3D1C05C6AF1FB7",
      "ContentSha256": "E3B0C44298FC1C149AFBF4C8996FB92427AE41E4649B934CA495991B7852B855"
    },
    {
      "Schema": "public",
      "Table": "Space_ModelSource",
      "Rows": 0,
      "ColumnsSha256": "A7EC7628E631E8FA78839FA9EAF9BDBE1299959B325CA97A536FB26C38BE48BB",
      "ContentSha256": "E3B0C44298FC1C149AFBF4C8996FB92427AE41E4649B934CA495991B7852B855"
    },
    {
      "Schema": "public",
      "Table": "Space_ModelVersion",
      "Rows": 0,
      "ColumnsSha256": "88918792F2EF691A71F73D7F52AC72ABA7FE82D7F5EF403F606608C99FD4ABBB",
      "ContentSha256": "E3B0C44298FC1C149AFBF4C8996FB92427AE41E4649B934CA495991B7852B855"
    },
    {
      "Schema": "public",
      "Table": "Space_PersonnelEvent",
      "Rows": 0,
      "ColumnsSha256": "606E20CC68CB7B0B825967254EA327BDA6C34C9F03E62B006D503C235096B7BA",
      "ContentSha256": "E3B0C44298FC1C149AFBF4C8996FB92427AE41E4649B934CA495991B7852B855"
    },
    {
      "Schema": "public",
      "Table": "Space_PersonnelState",
      "Rows": 0,
      "ColumnsSha256": "8C5D5A9DA8E5FFB3A472A708A06DD4B8FA758C11076126F1F93EB812554B84B6",
      "ContentSha256": "E3B0C44298FC1C149AFBF4C8996FB92427AE41E4649B934CA495991B7852B855"
    },
    {
      "Schema": "public",
      "Table": "Space_PlanningComparison",
      "Rows": 0,
      "ColumnsSha256": "161A200CE7D8F5D6AE204A64AC9A92FD8338912D279B9BC9E904C07F87B05B47",
      "ContentSha256": "E3B0C44298FC1C149AFBF4C8996FB92427AE41E4649B934CA495991B7852B855"
    },
    {
      "Schema": "public",
      "Table": "Space_PlanningComparisonEntry",
      "Rows": 0,
      "ColumnsSha256": "B660E59B7A3476C45C7D44FA8247CB8D527C0E039FFC0C28ECBA7BDD4EA5B58A",
      "ContentSha256": "E3B0C44298FC1C149AFBF4C8996FB92427AE41E4649B934CA495991B7852B855"
    },
    {
      "Schema": "public",
      "Table": "Space_PlanningComparisonRisk",
      "Rows": 0,
      "ColumnsSha256": "EDA0191E3D2AE50174C59D73801024B746664255F89A5694F020FBA997BD4F7D",
      "ContentSha256": "E3B0C44298FC1C149AFBF4C8996FB92427AE41E4649B934CA495991B7852B855"
    },
    {
      "Schema": "public",
      "Table": "Space_PlanningDecisionRecord",
      "Rows": 0,
      "ColumnsSha256": "7D4ACBD8546D300F0A062F8C35D0E2E95BFF851E36B3FBB7BBCEFE4EFB38B6CD",
      "ContentSha256": "E3B0C44298FC1C149AFBF4C8996FB92427AE41E4649B934CA495991B7852B855"
    },
    {
      "Schema": "public",
      "Table": "Space_PlanningHistoricalDataset",
      "Rows": 0,
      "ColumnsSha256": "70223025E8CE8C403E6CF3D02D992C5262727C9863CA70DA1AD6544192F6BF15",
      "ContentSha256": "E3B0C44298FC1C149AFBF4C8996FB92427AE41E4649B934CA495991B7852B855"
    },
    {
      "Schema": "public",
      "Table": "Space_PlanningHistoricalTask",
      "Rows": 0,
      "ColumnsSha256": "44C23D0748099FF1BAF2D750DAC2358C9455A04FBDB26383BB80C43552F26114",
      "ContentSha256": "E3B0C44298FC1C149AFBF4C8996FB92427AE41E4649B934CA495991B7852B855"
    },
    {
      "Schema": "public",
      "Table": "Space_PlanningScenarioBranch",
      "Rows": 0,
      "ColumnsSha256": "E715ADA165F32A8A66AAD36CFA79A8E2696AA70EF0F184423219492AF5295CCD",
      "ContentSha256": "E3B0C44298FC1C149AFBF4C8996FB92427AE41E4649B934CA495991B7852B855"
    },
    {
      "Schema": "public",
      "Table": "Space_PlanningSimulationLocationResult",
      "Rows": 0,
      "ColumnsSha256": "5100EDD47C3A8CD0E9FD9EC936D2B322EA0CBCF14A82E4C21EF97A410024C1D3",
      "ContentSha256": "E3B0C44298FC1C149AFBF4C8996FB92427AE41E4649B934CA495991B7852B855"
    },
    {
      "Schema": "public",
      "Table": "Space_PlanningSimulationRun",
      "Rows": 0,
      "ColumnsSha256": "2EFB6B6088C3B37D6B58541224AA29907FAA482EC4EF7A006EFFA24CB438FD1E",
      "ContentSha256": "E3B0C44298FC1C149AFBF4C8996FB92427AE41E4649B934CA495991B7852B855"
    },
    {
      "Schema": "public",
      "Table": "Space_ProposalDecision",
      "Rows": 0,
      "ColumnsSha256": "C0CEB2E2C426326C7742DF44AB1ED5063F32E13C2987780B9CCA64447DAD86C1",
      "ContentSha256": "E3B0C44298FC1C149AFBF4C8996FB92427AE41E4649B934CA495991B7852B855"
    },
    {
      "Schema": "public",
      "Table": "Space_PublishAttempt",
      "Rows": 0,
      "ColumnsSha256": "BB0087BA3D4FDF5ACFE21F272D03C7EA7D0711440E12F6B19AED5477C11828DB",
      "ContentSha256": "E3B0C44298FC1C149AFBF4C8996FB92427AE41E4649B934CA495991B7852B855"
    },
    {
      "Schema": "public",
      "Table": "Space_PublishAuditEvent",
      "Rows": 0,
      "ColumnsSha256": "479461CAB5E1603E08B369D148AF902F0A5384D8BC7F967090027AC96FAE356A",
      "ContentSha256": "E3B0C44298FC1C149AFBF4C8996FB92427AE41E4649B934CA495991B7852B855"
    },
    {
      "Schema": "public",
      "Table": "Space_PublishBatch",
      "Rows": 0,
      "ColumnsSha256": "8ACD05CC6F146CC811659751AB0DF82267E03572ADBE102851C188F1DFFC86EE",
      "ContentSha256": "E3B0C44298FC1C149AFBF4C8996FB92427AE41E4649B934CA495991B7852B855"
    },
    {
      "Schema": "public",
      "Table": "Space_PublishPlan",
      "Rows": 0,
      "ColumnsSha256": "B5D2D6AA2C234A959EFAB8BC7496ECDA5A8C60DCCC2CC05C3BBD3EF0BBD93AE0",
      "ContentSha256": "E3B0C44298FC1C149AFBF4C8996FB92427AE41E4649B934CA495991B7852B855"
    },
    {
      "Schema": "public",
      "Table": "Space_PutawayRecommendation",
      "Rows": 0,
      "ColumnsSha256": "95471EAE210085E7F15CCC786B7040BC3C5C1F19658A37AD130FA287BA067096",
      "ContentSha256": "E3B0C44298FC1C149AFBF4C8996FB92427AE41E4649B934CA495991B7852B855"
    },
    {
      "Schema": "public",
      "Table": "Space_Rack",
      "Rows": 0,
      "ColumnsSha256": "DCBB1D87304C8CDEFC6EFC6641BDBE2A01CB4204FEAF0AA95B945D5510266451",
      "ContentSha256": "E3B0C44298FC1C149AFBF4C8996FB92427AE41E4649B934CA495991B7852B855"
    },
    {
      "Schema": "public",
      "Table": "Space_RackGenerationProfile",
      "Rows": 0,
      "ColumnsSha256": "EE8EC165954D8740020454A6157F2C8F8814B77C3145B18821B1EF331883366D",
      "ContentSha256": "E3B0C44298FC1C149AFBF4C8996FB92427AE41E4649B934CA495991B7852B855"
    },
    {
      "Schema": "public",
      "Table": "Space_RackGenerationProfileVersion",
      "Rows": 0,
      "ColumnsSha256": "B4616D31CF080E694DEB4516D96D0B29E4E746A7CCE72804F599CFA20B5CB631",
      "ContentSha256": "E3B0C44298FC1C149AFBF4C8996FB92427AE41E4649B934CA495991B7852B855"
    },
    {
      "Schema": "public",
      "Table": "Space_RackLevelRevision",
      "Rows": 0,
      "ColumnsSha256": "1ED7270F252054D6BFE31FEEBD6EC8CB5CBECE18C1BA53C3343CF1B51D5B1A15",
      "ContentSha256": "E3B0C44298FC1C149AFBF4C8996FB92427AE41E4649B934CA495991B7852B855"
    },
    {
      "Schema": "public",
      "Table": "Space_RackRevision",
      "Rows": 0,
      "ColumnsSha256": "EC6958261614D2B3D2290AB341A7736571F72AB1C44DE210F490CBD574D23BCF",
      "ContentSha256": "E3B0C44298FC1C149AFBF4C8996FB92427AE41E4649B934CA495991B7852B855"
    },
    {
      "Schema": "public",
      "Table": "Space_ReconciliationIssue",
      "Rows": 0,
      "ColumnsSha256": "0649CC799E6F0A768659D3B7400C6E1DAE643A6494FB4CE27B42F67482839212",
      "ContentSha256": "E3B0C44298FC1C149AFBF4C8996FB92427AE41E4649B934CA495991B7852B855"
    },
    {
      "Schema": "public",
      "Table": "Space_RuntimeElement",
      "Rows": 0,
      "ColumnsSha256": "D1ABC711FE917C938C09BC77A3F35E522D7C3C1FE2B2A5F6E1E9C11EB32E99C5",
      "ContentSha256": "E3B0C44298FC1C149AFBF4C8996FB92427AE41E4649B934CA495991B7852B855"
    },
    {
      "Schema": "public",
      "Table": "Space_Site",
      "Rows": 0,
      "ColumnsSha256": "5EFEF17F9901BCC475B3A9B5A9D5F0F6C2041B4B992A5A2ACEEEEF4AE89F30FC",
      "ContentSha256": "E3B0C44298FC1C149AFBF4C8996FB92427AE41E4649B934CA495991B7852B855"
    },
    {
      "Schema": "public",
      "Table": "Space_Template",
      "Rows": 0,
      "ColumnsSha256": "5BCB15DDE46DB5A68CE7B03CF1623437EE56286C9D2DD47D42A621CD02E44EB0",
      "ContentSha256": "E3B0C44298FC1C149AFBF4C8996FB92427AE41E4649B934CA495991B7852B855"
    },
    {
      "Schema": "public",
      "Table": "Space_TenantAiWorkSlot",
      "Rows": 0,
      "ColumnsSha256": "7FA1498E9239D11B6B19AB76DFE4420F0B6F9817C1DF9D95A65AF6EA6E277FA9",
      "ContentSha256": "E3B0C44298FC1C149AFBF4C8996FB92427AE41E4649B934CA495991B7852B855"
    },
    {
      "Schema": "public",
      "Table": "Space_UnderlayCalibration",
      "Rows": 0,
      "ColumnsSha256": "AAC5224C1965CC2F981C4AB2732BD7D405154D361DBAF9F456E45C3AE504C709",
      "ContentSha256": "E3B0C44298FC1C149AFBF4C8996FB92427AE41E4649B934CA495991B7852B855"
    },
    {
      "Schema": "public",
      "Table": "Space_ValidationRun",
      "Rows": 0,
      "ColumnsSha256": "22AF36EB023267F107DCEF1B0ECA211996579963EC2B2256509226D2F6456BD1",
      "ContentSha256": "E3B0C44298FC1C149AFBF4C8996FB92427AE41E4649B934CA495991B7852B855"
    },
    {
      "Schema": "public",
      "Table": "Space_WarehouseTemplate",
      "Rows": 0,
      "ColumnsSha256": "8CEEEC6FBFC74ED1F7B0EA044E035DDDF3A8B053C2B37E1B23669D437E766BDE",
      "ContentSha256": "E3B0C44298FC1C149AFBF4C8996FB92427AE41E4649B934CA495991B7852B855"
    },
    {
      "Schema": "public",
      "Table": "Space_WarehouseTemplateVersion",
      "Rows": 0,
      "ColumnsSha256": "25A76EA1F4685E424CBF2919F8E12EE2B814862F41E793220C1E2CE675DA0761",
      "ContentSha256": "E3B0C44298FC1C149AFBF4C8996FB92427AE41E4649B934CA495991B7852B855"
    },
    {
      "Schema": "public",
      "Table": "Space_WmsAdoption",
      "Rows": 0,
      "ColumnsSha256": "9ECE09A0AC8FE93A1DE7AABC002321D947498954A499605020EF3B9B766A9B2B",
      "ContentSha256": "E3B0C44298FC1C149AFBF4C8996FB92427AE41E4649B934CA495991B7852B855"
    },
    {
      "Schema": "public",
      "Table": "Space_WmsReceipt",
      "Rows": 0,
      "ColumnsSha256": "C92D9F0ACCC154A9413567C31E7F60F4111E4ED452B1A75583706BA4EC1D4239",
      "ContentSha256": "E3B0C44298FC1C149AFBF4C8996FB92427AE41E4649B934CA495991B7852B855"
    },
    {
      "Schema": "public",
      "Table": "Space_Zone",
      "Rows": 0,
      "ColumnsSha256": "104D009ACFEBFEB792B70199BC5EE9C2EB89771A5EAE90C55B1447A5245F249F",
      "ContentSha256": "E3B0C44298FC1C149AFBF4C8996FB92427AE41E4649B934CA495991B7852B855"
    },
    {
      "Schema": "public",
      "Table": "Space_ZoneRevision",
      "Rows": 0,
      "ColumnsSha256": "62FE85894D2910339B760E24322A1BA38931C0096FDC8E7EDA2C935EFAC43C41",
      "ContentSha256": "E3B0C44298FC1C149AFBF4C8996FB92427AE41E4649B934CA495991B7852B855"
    },
    {
      "Schema": "public",
      "Table": "Sys_BrowserSessions",
      "Rows": 0,
      "ColumnsSha256": "E431E6FB66352B5AA1FE7FD0EC63A3B1240DBBE3DD1AF473AD2AAE4F8D022D15",
      "ContentSha256": "E3B0C44298FC1C149AFBF4C8996FB92427AE41E4649B934CA495991B7852B855"
    },
    {
      "Schema": "public",
      "Table": "Sys_Dept",
      "Rows": 0,
      "ColumnsSha256": "E334312E8CA26061678D7057B6A8F01E2B60D556BB68BE23A2CC7D334CD82969",
      "ContentSha256": "E3B0C44298FC1C149AFBF4C8996FB92427AE41E4649B934CA495991B7852B855"
    },
    {
      "Schema": "public",
      "Table": "Sys_DictDatas",
      "Rows": 5,
      "ColumnsSha256": "F6F984EDEEDAD5B40F80C95A7B77A536768407EF555F9A1EB38239DB380AFE10",
      "ContentSha256": "11E8B28EAB58818DA6D1CCE0E38F10EA8BA1EB9A5F26C3150B6B932EE964A813"
    },
    {
      "Schema": "public",
      "Table": "Sys_DictTypes",
      "Rows": 2,
      "ColumnsSha256": "ED5CB5484C4869AF31757FEF87D55E951AF21FCACDC6520110200D88AAF3B486",
      "ContentSha256": "703A2D704066D3E41F47BE63BC13523401058FE568E51E663B07067FCD45296F"
    },
    {
      "Schema": "public",
      "Table": "Sys_FieldAuditLogs",
      "Rows": 760,
      "ColumnsSha256": "E64E62307ADAB678154A3AA5698A84B5D564FE112C26DCA9AC90AB7B9A6D04D9",
      "ContentSha256": "9BF842190C9CDD0C7BF84C6EEBCAFB1777960DA40C7D78D2F2C68BC52CC2A181"
    },
    {
      "Schema": "public",
      "Table": "Sys_Langs",
      "Rows": 4122,
      "ColumnsSha256": "8928D020D393E7644F79CB8093062AEAD9F1D4A37BCA28AA4026E7E3652C189C",
      "ContentSha256": "3606F1CC2F8CE6142FA690B208FF62D1452E22164C49BB7F8481BDF7BE48E258"
    },
    {
      "Schema": "public",
      "Table": "Sys_MenuAction",
      "Rows": 410,
      "ColumnsSha256": "31F2D8752C1BC6FA6D2AE6151AB657F473A00C5E5D42A8864AB113852F271A2D",
      "ContentSha256": "8042FB72E215857492460A35566C33A652BF5B00C1C42C50DA9591BD7FC61236"
    },
    {
      "Schema": "public",
      "Table": "Sys_Menus",
      "Rows": 164,
      "ColumnsSha256": "C54FDB2B67A7E67B5D209FD39CC274194FBEFBED7FBA8FB641F36D4F91EC6A63",
      "ContentSha256": "273735831D2A36C8951770AA118B53F736F0908A5D5FCB2C155732E12686C357"
    },
    {
      "Schema": "public",
      "Table": "Sys_OperLogs",
      "Rows": 8,
      "ColumnsSha256": "EB52C5880D0B61A3089313C46A7D5D4EC9E057BD16043F9590F1A194BE27F062",
      "ContentSha256": "EF2A5347A042236018E3BEFF09AE7BB811495D6BB6BF2575679165175E1709B2"
    },
    {
      "Schema": "public",
      "Table": "Sys_PasswordHistories",
      "Rows": 1,
      "ColumnsSha256": "F9EA96584EE2EF83748E73FD68048CD3D66F0ADF70F9857D696FE275CFF80210",
      "ContentSha256": "E30F9D864E133F9BA6B9F5031F784F0B3DD253F96A8E3EBB1B69006BC1387D91"
    },
    {
      "Schema": "public",
      "Table": "Sys_RefreshTokens",
      "Rows": 6,
      "ColumnsSha256": "17DEEEBF7099F68E2FA0D07523A700186584C405CDE8D8092BAC74C138ECBE41",
      "ContentSha256": "6CA9DD84CBAD5ACE27CE55CDD5BB58367659BC10028BFB7E441E0C3D84CFFCE0"
    },
    {
      "Schema": "public",
      "Table": "Sys_RoleAction",
      "Rows": 460,
      "ColumnsSha256": "69CD99626CAD14641B25FBAA69F08F29017ECBAF6C55C3E7C685CBE4F284352E",
      "ContentSha256": "0F93754ED5ADD1440462047F46F78EA1765252128CB6C77598471CC0437893C1"
    },
    {
      "Schema": "public",
      "Table": "Sys_RoleDataScope",
      "Rows": 0,
      "ColumnsSha256": "71ADD2101F0239B84D841C63968CA558C0BD70CE76B9F28934CF3453E050166D",
      "ContentSha256": "E3B0C44298FC1C149AFBF4C8996FB92427AE41E4649B934CA495991B7852B855"
    },
    {
      "Schema": "public",
      "Table": "Sys_RoleFieldPerm",
      "Rows": 0,
      "ColumnsSha256": "55BFA196BC478A9CA780E3DA201370D0306A7583E9204FADC6B277F52BA7E44D",
      "ContentSha256": "E3B0C44298FC1C149AFBF4C8996FB92427AE41E4649B934CA495991B7852B855"
    },
    {
      "Schema": "public",
      "Table": "Sys_RoleMenus",
      "Rows": 172,
      "ColumnsSha256": "EB85F77F42074FC3A504BD483FF912A51D643BA0F530C5D9246776FE25E47F40",
      "ContentSha256": "C46377973C60AC8AB90261E4E4BB675A9ED691D7434FFCB2E9537C211B69C660"
    },
    {
      "Schema": "public",
      "Table": "Sys_Roles",
      "Rows": 6,
      "ColumnsSha256": "1A2771B8DF4C70FBCAC64CC97790C45CF8DFB611A28A558FA39CDCDFDD55F3F6",
      "ContentSha256": "755E87DD9B33253FB79FCC65B6F6B1AFD90DEED8D19571E95547113B1AFDA9A0"
    },
    {
      "Schema": "public",
      "Table": "Sys_SecurityLogs",
      "Rows": 7,
      "ColumnsSha256": "C4B11E63963F48781D97F7939E0490B02575BD37DF003CBB660949D7412999FF",
      "ContentSha256": "0648193BABDCF6F1FC3AEFB00D25575128E357DEEE3B976466B8B68925377CE6"
    },
    {
      "Schema": "public",
      "Table": "Sys_TenantSsoConfigs",
      "Rows": 0,
      "ColumnsSha256": "26CB60EBBAEBD9B72C06DCFFB1A27E6860806219642D8A1C9B5EAE1407F2BC85",
      "ContentSha256": "E3B0C44298FC1C149AFBF4C8996FB92427AE41E4649B934CA495991B7852B855"
    },
    {
      "Schema": "public",
      "Table": "Sys_Tenants",
      "Rows": 1,
      "ColumnsSha256": "3E7594572B0FB91AFA04A7B81609B127FFAC28CB3A38CDC585CD92C9A4DB5323",
      "ContentSha256": "24F2057AEF15376D257C491E3514FACFF1745F2DD6E22BCFF2695C3C2182495D"
    },
    {
      "Schema": "public",
      "Table": "Sys_UserRole",
      "Rows": 0,
      "ColumnsSha256": "84E9201CD2F9A55A20C52C3113BEDAD83193BE7BB1B5342BDD381297DFC948A3",
      "ContentSha256": "E3B0C44298FC1C149AFBF4C8996FB92427AE41E4649B934CA495991B7852B855"
    },
    {
      "Schema": "public",
      "Table": "Sys_Users",
      "Rows": 2,
      "ColumnsSha256": "2627FB1F21F6168E287AAAB28F099D5277C8C07C57090368E94E9D5D7D7C18E4",
      "ContentSha256": "08C5F61FB83F57029D5FAAA37B62E7D7E3D3C9B42AA97CCEFE8584DDB0755D9B"
    },
    {
      "Schema": "public",
      "Table": "Sys_WorkCalendar",
      "Rows": 35,
      "ColumnsSha256": "A60C1DF958E5DF1558BE2BA817636092529D06342FD15F418B68AD1E803D253A",
      "ContentSha256": "1D08C50F9F24E216EDEE9B3D5808335BE57FAB93A1E6EE3778A3DF910ACAE4AE"
    },
    {
      "Schema": "public",
      "Table": "T_BarcodeAlias",
      "Rows": 0,
      "ColumnsSha256": "A0CD4A1021E3AB6C097910EB43F918B30E06594B3D5E2BE4DD3FAE38004E0E0F",
      "ContentSha256": "E3B0C44298FC1C149AFBF4C8996FB92427AE41E4649B934CA495991B7852B855"
    },
    {
      "Schema": "public",
      "Table": "T_BarcodeProfile",
      "Rows": 0,
      "ColumnsSha256": "4D2152A3A9B0D1272A4F9E32A4E1A89E2B23A75786BF86B05E5BC82BC944DCE2",
      "ContentSha256": "E3B0C44298FC1C149AFBF4C8996FB92427AE41E4649B934CA495991B7852B855"
    },
    {
      "Schema": "public",
      "Table": "T_CarrierShipment",
      "Rows": 0,
      "ColumnsSha256": "B1B7C0F3B82D3D1B9E21DA31CAF7E01A712497A18266267B080A642AE769F9B5",
      "ContentSha256": "E3B0C44298FC1C149AFBF4C8996FB92427AE41E4649B934CA495991B7852B855"
    },
    {
      "Schema": "public",
      "Table": "T_ClientDevice",
      "Rows": 0,
      "ColumnsSha256": "94F1A6D266F7F40F04399CC8FADCE2B85F2378FADB0D1BF55024B48F0B873033",
      "ContentSha256": "E3B0C44298FC1C149AFBF4C8996FB92427AE41E4649B934CA495991B7852B855"
    },
    {
      "Schema": "public",
      "Table": "T_CreditNote",
      "Rows": 0,
      "ColumnsSha256": "3B3791E220868DE421D4938BFDAB0D3ED7FE5B100B96F452995A6C3E96645833",
      "ContentSha256": "E3B0C44298FC1C149AFBF4C8996FB92427AE41E4649B934CA495991B7852B855"
    },
    {
      "Schema": "public",
      "Table": "T_CrossDockOrder",
      "Rows": 0,
      "ColumnsSha256": "7255FD7A7E6585E07958CB0D5CF75880907ADCFCA18889EF47CABC2802725DD6",
      "ContentSha256": "E3B0C44298FC1C149AFBF4C8996FB92427AE41E4649B934CA495991B7852B855"
    },
    {
      "Schema": "public",
      "Table": "T_DefectRecord",
      "Rows": 0,
      "ColumnsSha256": "0992A850C2917A2E0064AA392858437D478C2C69ABB8C1A772E9ABF7197FB0F5",
      "ContentSha256": "E3B0C44298FC1C149AFBF4C8996FB92427AE41E4649B934CA495991B7852B855"
    },
    {
      "Schema": "public",
      "Table": "T_DeviceActivation",
      "Rows": 0,
      "ColumnsSha256": "C42037BBB679606846CEC09CE32D97ACBF60F4E0E53347DCAD1B8270811A1393",
      "ContentSha256": "E3B0C44298FC1C149AFBF4C8996FB92427AE41E4649B934CA495991B7852B855"
    },
    {
      "Schema": "public",
      "Table": "T_DocSequence",
      "Rows": 0,
      "ColumnsSha256": "B056F4069D56BAAFEB08E2A67AA38E3C077B8DA0040DBA4E425C0DF461C82A19",
      "ContentSha256": "E3B0C44298FC1C149AFBF4C8996FB92427AE41E4649B934CA495991B7852B855"
    },
    {
      "Schema": "public",
      "Table": "T_EstimateCalc",
      "Rows": 0,
      "ColumnsSha256": "6E068470594CF28EEAEC15B27DEBC492D4724B14019B9C469BB8550AFBD8490E",
      "ContentSha256": "E3B0C44298FC1C149AFBF4C8996FB92427AE41E4649B934CA495991B7852B855"
    },
    {
      "Schema": "public",
      "Table": "T_EstimateCalcProcess",
      "Rows": 0,
      "ColumnsSha256": "15716D1E16E5A174C352045988CDEE57B767D83616116AB2858F9B0F59FD72B6",
      "ContentSha256": "E3B0C44298FC1C149AFBF4C8996FB92427AE41E4649B934CA495991B7852B855"
    },
    {
      "Schema": "public",
      "Table": "T_FscChecklist",
      "Rows": 0,
      "ColumnsSha256": "C6AB2393B9E656059EBD6D177BDDDCED9D6BCF5089D731ECFE1D545FC1307ABA",
      "ContentSha256": "E3B0C44298FC1C149AFBF4C8996FB92427AE41E4649B934CA495991B7852B855"
    },
    {
      "Schema": "public",
      "Table": "T_FxRate",
      "Rows": 0,
      "ColumnsSha256": "8B38E1315A2B76D464F30ADC10C9F4E6841C3141048460E41430222657887F05",
      "ContentSha256": "E3B0C44298FC1C149AFBF4C8996FB92427AE41E4649B934CA495991B7852B855"
    },
    {
      "Schema": "public",
      "Table": "T_InboundOrder",
      "Rows": 0,
      "ColumnsSha256": "1F31CEEB3A0C0FAEA516C2BBBFD5BB851D0C4695F7D94886E19842404F0210AD",
      "ContentSha256": "E3B0C44298FC1C149AFBF4C8996FB92427AE41E4649B934CA495991B7852B855"
    },
    {
      "Schema": "public",
      "Table": "T_InboundOrderDetail",
      "Rows": 0,
      "ColumnsSha256": "7921D83E3DA5BF49ACE4ADCDE7DD492F822AF5D55292FC2DFBFE688EABDB9218",
      "ContentSha256": "E3B0C44298FC1C149AFBF4C8996FB92427AE41E4649B934CA495991B7852B855"
    },
    {
      "Schema": "public",
      "Table": "T_InboundReceipt",
      "Rows": 0,
      "ColumnsSha256": "DAD5F5B3B8BA430E1F5B120349938BE0F67E3F46482E02281ADB04FF07018C08",
      "ContentSha256": "E3B0C44298FC1C149AFBF4C8996FB92427AE41E4649B934CA495991B7852B855"
    },
    {
      "Schema": "public",
      "Table": "T_InboundReceiptDetail",
      "Rows": 0,
      "ColumnsSha256": "4B0B7DD70203923BE9E534C36BAA64F80F6F9B84FC743C98C4D34602791267C4",
      "ContentSha256": "E3B0C44298FC1C149AFBF4C8996FB92427AE41E4649B934CA495991B7852B855"
    },
    {
      "Schema": "public",
      "Table": "T_InkColorMatchHistory",
      "Rows": 0,
      "ColumnsSha256": "356DD9650EABD3CE12783EBAC7FD374251375F20E876D0E2DF1912859A027F35",
      "ContentSha256": "E3B0C44298FC1C149AFBF4C8996FB92427AE41E4649B934CA495991B7852B855"
    },
    {
      "Schema": "public",
      "Table": "T_InkLot",
      "Rows": 0,
      "ColumnsSha256": "E657EA531F14AADF5A1860D5B08E4A01F97BCD48697694B3C6D72FF16325FED4",
      "ContentSha256": "E3B0C44298FC1C149AFBF4C8996FB92427AE41E4649B934CA495991B7852B855"
    },
    {
      "Schema": "public",
      "Table": "T_IntegrationEvent",
      "Rows": 0,
      "ColumnsSha256": "E23CE55C2227AD4554D94AC5F63BC18768546BFC7720364BC96A26C78B760455",
      "ContentSha256": "E3B0C44298FC1C149AFBF4C8996FB92427AE41E4649B934CA495991B7852B855"
    },
    {
      "Schema": "public",
      "Table": "T_IotSensor",
      "Rows": 0,
      "ColumnsSha256": "67D70249DEA1FCACA05F844103D35C91B64B793F85DF487699B2B1ACDEA6BF4A",
      "ContentSha256": "E3B0C44298FC1C149AFBF4C8996FB92427AE41E4649B934CA495991B7852B855"
    },
    {
      "Schema": "public",
      "Table": "T_IotSensorReading",
      "Rows": 0,
      "ColumnsSha256": "211699B0727FB3031FE4FC236B2593C0DC3B20A80352B426C7DEE893E0B63C91",
      "ContentSha256": "E3B0C44298FC1C149AFBF4C8996FB92427AE41E4649B934CA495991B7852B855"
    },
    {
      "Schema": "public",
      "Table": "T_KitMaster",
      "Rows": 0,
      "ColumnsSha256": "BF385AFFFA492ECE3331DEC9D460BDFB6562256630A9EE840D7530C58E0161B7",
      "ContentSha256": "E3B0C44298FC1C149AFBF4C8996FB92427AE41E4649B934CA495991B7852B855"
    },
    {
      "Schema": "public",
      "Table": "T_KitMasterComponent",
      "Rows": 0,
      "ColumnsSha256": "76276491884C6DD582C7B0E407A4D4FB733F5ECB0EAB182BE5E0099350253F04",
      "ContentSha256": "E3B0C44298FC1C149AFBF4C8996FB92427AE41E4649B934CA495991B7852B855"
    },
    {
      "Schema": "public",
      "Table": "T_KitOrder",
      "Rows": 0,
      "ColumnsSha256": "86ACEBD8102C852A4AE790B4C9C6E0428B67629AC6A1848CA191D2CD54715327",
      "ContentSha256": "E3B0C44298FC1C149AFBF4C8996FB92427AE41E4649B934CA495991B7852B855"
    },
    {
      "Schema": "public",
      "Table": "T_LabelJob",
      "Rows": 0,
      "ColumnsSha256": "4A382A574DC2C1DB76EAD3DBD1827D85F2A07942998E31B249F1380B95D75810",
      "ContentSha256": "E3B0C44298FC1C149AFBF4C8996FB92427AE41E4649B934CA495991B7852B855"
    },
    {
      "Schema": "public",
      "Table": "T_LabelTemplate",
      "Rows": 0,
      "ColumnsSha256": "1DC975EC36779BCF9CA65A8792BA5DCD8FFCDC1DE62F303FEA6C7177FB7B38BB",
      "ContentSha256": "E3B0C44298FC1C149AFBF4C8996FB92427AE41E4649B934CA495991B7852B855"
    },
    {
      "Schema": "public",
      "Table": "T_Location",
      "Rows": 0,
      "ColumnsSha256": "D4E8F1FC5D50D39703504DBD8F499D8B82D4C82E5EF7160C83992AE9DF159A4C",
      "ContentSha256": "E3B0C44298FC1C149AFBF4C8996FB92427AE41E4649B934CA495991B7852B855"
    },
    {
      "Schema": "public",
      "Table": "T_LogisticsUnit",
      "Rows": 0,
      "ColumnsSha256": "FC7B209F4F3C50C72BEEAC8569C8C8085EF9FB56799576D3A1BCD8023CDEAC55",
      "ContentSha256": "E3B0C44298FC1C149AFBF4C8996FB92427AE41E4649B934CA495991B7852B855"
    },
    {
      "Schema": "public",
      "Table": "T_LpnClosure",
      "Rows": 0,
      "ColumnsSha256": "FEC6AA7DFD8DBA7DBDBA3F36796CA4BDDC34383B8A09C3F72D89F38B2E5BBCAC",
      "ContentSha256": "E3B0C44298FC1C149AFBF4C8996FB92427AE41E4649B934CA495991B7852B855"
    },
    {
      "Schema": "public",
      "Table": "T_LpnContent",
      "Rows": 0,
      "ColumnsSha256": "165C5C5F4AA2554A8634A1682E0009CBFD13731AF53366BC6E983905FCB23F2B",
      "ContentSha256": "E3B0C44298FC1C149AFBF4C8996FB92427AE41E4649B934CA495991B7852B855"
    },
    {
      "Schema": "public",
      "Table": "T_LpnEvent",
      "Rows": 0,
      "ColumnsSha256": "F5AD9A7C9E54A6B44ECED30004804D31EAEC00BF111D912C1A1FDFE17ACA29CE",
      "ContentSha256": "E3B0C44298FC1C149AFBF4C8996FB92427AE41E4649B934CA495991B7852B855"
    },
    {
      "Schema": "public",
      "Table": "T_LpnPolicy",
      "Rows": 0,
      "ColumnsSha256": "D7C0FE4225AD46A87A67A7CAC28E55345337C56F2084FC78E86077A541A76EF5",
      "ContentSha256": "E3B0C44298FC1C149AFBF4C8996FB92427AE41E4649B934CA495991B7852B855"
    },
    {
      "Schema": "public",
      "Table": "T_MachineDowntime",
      "Rows": 0,
      "ColumnsSha256": "1621A311644BA9037F6FA1DC8FC6110BB7FB1A0BBC073F2624E009B38F45F0CD",
      "ContentSha256": "E3B0C44298FC1C149AFBF4C8996FB92427AE41E4649B934CA495991B7852B855"
    },
    {
      "Schema": "public",
      "Table": "T_MaterialShortage",
      "Rows": 0,
      "ColumnsSha256": "3CBBC404AD758DB15692BE2F65C26DE16268D811F96AB58E6DE3A85FCDF05C07",
      "ContentSha256": "E3B0C44298FC1C149AFBF4C8996FB92427AE41E4649B934CA495991B7852B855"
    },
    {
      "Schema": "public",
      "Table": "T_MesSequence",
      "Rows": 0,
      "ColumnsSha256": "12922FD60F07AC949D7028412709E2A3B73106FED500B55B364A9D96C9FAEA03",
      "ContentSha256": "E3B0C44298FC1C149AFBF4C8996FB92427AE41E4649B934CA495991B7852B855"
    },
    {
      "Schema": "public",
      "Table": "T_MobileTask",
      "Rows": 0,
      "ColumnsSha256": "5970B266C5E7292D33649DFB39DBCC1E1DE662B49EE37140D689FCD843B4C602",
      "ContentSha256": "E3B0C44298FC1C149AFBF4C8996FB92427AE41E4649B934CA495991B7852B855"
    },
    {
      "Schema": "public",
      "Table": "T_MobileTaskEvent",
      "Rows": 0,
      "ColumnsSha256": "B17AF4A7C84DDE78266D7EDDBEB5B319BC930B92BF8A53F4545167896BC058AC",
      "ContentSha256": "E3B0C44298FC1C149AFBF4C8996FB92427AE41E4649B934CA495991B7852B855"
    },
    {
      "Schema": "public",
      "Table": "T_MobileTaskReservation",
      "Rows": 0,
      "ColumnsSha256": "3747999FEDB392CECED0016EF74AD87DA3762226599E4F2F94096BA2822C370D",
      "ContentSha256": "E3B0C44298FC1C149AFBF4C8996FB92427AE41E4649B934CA495991B7852B855"
    },
    {
      "Schema": "public",
      "Table": "T_MobileTaskScanLog",
      "Rows": 0,
      "ColumnsSha256": "7665248B5D388766503CD992A3C26FF0FCCC404CB341417F26CD7D9A983EB048",
      "ContentSha256": "E3B0C44298FC1C149AFBF4C8996FB92427AE41E4649B934CA495991B7852B855"
    },
    {
      "Schema": "public",
      "Table": "T_OeeDaily",
      "Rows": 6,
      "ColumnsSha256": "8462B31165918B11D6ED8446D4A9F702CAAE43633A2B829FF4384BB88A78EE32",
      "ContentSha256": "F09281826BF702D087AC9FA62F6378275D90455CB8307CBCC00260EA61CC7AF5"
    },
    {
      "Schema": "public",
      "Table": "T_Order",
      "Rows": 0,
      "ColumnsSha256": "0D72B3FAA5C40654F9E012B5F100CE4924CB45A83C327485CB086FCAD6FCE9D6",
      "ContentSha256": "E3B0C44298FC1C149AFBF4C8996FB92427AE41E4649B934CA495991B7852B855"
    },
    {
      "Schema": "public",
      "Table": "T_OrderDetail",
      "Rows": 0,
      "ColumnsSha256": "032EDEA6B3E5A3D1873AF6ACDEEC41FE5568BD69372C703AE5A103D236D01F3C",
      "ContentSha256": "E3B0C44298FC1C149AFBF4C8996FB92427AE41E4649B934CA495991B7852B855"
    },
    {
      "Schema": "public",
      "Table": "T_OrderMaterial",
      "Rows": 0,
      "ColumnsSha256": "D5760C8D6DCEF175F8EEF2ADB7DEC99E4EF846195C4E46F03B14992D194E2F2D",
      "ContentSha256": "E3B0C44298FC1C149AFBF4C8996FB92427AE41E4649B934CA495991B7852B855"
    },
    {
      "Schema": "public",
      "Table": "T_OrderProcess",
      "Rows": 0,
      "ColumnsSha256": "86D06D415C3DBB8A6F2B50CF1FA9C5760C6BAABA97ABD46E65901D7D3C1B8383",
      "ContentSha256": "E3B0C44298FC1C149AFBF4C8996FB92427AE41E4649B934CA495991B7852B855"
    },
    {
      "Schema": "public",
      "Table": "T_OrderProcessNote",
      "Rows": 0,
      "ColumnsSha256": "8582AE56169F7C8555A91F310B5891D3D252B72F7EC1F70BD05863ECDF509B14",
      "ContentSha256": "E3B0C44298FC1C149AFBF4C8996FB92427AE41E4649B934CA495991B7852B855"
    },
    {
      "Schema": "public",
      "Table": "T_OutboundOrder",
      "Rows": 0,
      "ColumnsSha256": "644CDB50CDC2C033BEF396897AB5B559AFEC184AF4EB2CBB271576CB7724F29A",
      "ContentSha256": "E3B0C44298FC1C149AFBF4C8996FB92427AE41E4649B934CA495991B7852B855"
    },
    {
      "Schema": "public",
      "Table": "T_OutboundOrderDetail",
      "Rows": 0,
      "ColumnsSha256": "7862B41EB3EA9B38C2557E5B2F75C258420CCC636A34EE258D5AF6CD34D2E9B1",
      "ContentSha256": "E3B0C44298FC1C149AFBF4C8996FB92427AE41E4649B934CA495991B7852B855"
    },
    {
      "Schema": "public",
      "Table": "T_OutboundRoutingRule",
      "Rows": 0,
      "ColumnsSha256": "D5D3D08F33D18962440DBB877D624E541102206797525BD862D06397CD2074F7",
      "ContentSha256": "E3B0C44298FC1C149AFBF4C8996FB92427AE41E4649B934CA495991B7852B855"
    },
    {
      "Schema": "public",
      "Table": "T_Pallet",
      "Rows": 0,
      "ColumnsSha256": "C4D7F075B29361BE89F0DE0F6D63649F93F422560005E0751F12AE4378AA2476",
      "ContentSha256": "E3B0C44298FC1C149AFBF4C8996FB92427AE41E4649B934CA495991B7852B855"
    },
    {
      "Schema": "public",
      "Table": "T_PaperRoll",
      "Rows": 0,
      "ColumnsSha256": "7C6623A1628A81939B4FD360F95B31FE6143ABB8B5BDC883831F2102C1084876",
      "ContentSha256": "E3B0C44298FC1C149AFBF4C8996FB92427AE41E4649B934CA495991B7852B855"
    },
    {
      "Schema": "public",
      "Table": "T_PlateMold",
      "Rows": 0,
      "ColumnsSha256": "C9686B0B44B5BCEBA02A83317849C364F6C06DAAB6D70C47704A967584A0A4CC",
      "ContentSha256": "E3B0C44298FC1C149AFBF4C8996FB92427AE41E4649B934CA495991B7852B855"
    },
    {
      "Schema": "public",
      "Table": "T_PlateMoldStock",
      "Rows": 0,
      "ColumnsSha256": "8FDFD3A23610C4BF74EB1392426FCEBE220E47A4FB3CB09FFAC57B54F968780B",
      "ContentSha256": "E3B0C44298FC1C149AFBF4C8996FB92427AE41E4649B934CA495991B7852B855"
    },
    {
      "Schema": "public",
      "Table": "T_ProcessCostRate",
      "Rows": 0,
      "ColumnsSha256": "DB8231AE7B28FB14E083D03461E20ADE71BF5BF76F155196D17E0B1A80D07477",
      "ContentSha256": "E3B0C44298FC1C149AFBF4C8996FB92427AE41E4649B934CA495991B7852B855"
    },
    {
      "Schema": "public",
      "Table": "T_ProductCoProduct",
      "Rows": 0,
      "ColumnsSha256": "498E433D54B982272F006FF09E097A83F41A56665C9C13CA18F27B78BF4DA4A0",
      "ContentSha256": "E3B0C44298FC1C149AFBF4C8996FB92427AE41E4649B934CA495991B7852B855"
    },
    {
      "Schema": "public",
      "Table": "T_ProductLotPrice",
      "Rows": 0,
      "ColumnsSha256": "60C707200E1F20BF27DFD73ED21CD2D695459A6FEFF2A9A29777B88F26BB11E7",
      "ContentSha256": "E3B0C44298FC1C149AFBF4C8996FB92427AE41E4649B934CA495991B7852B855"
    },
    {
      "Schema": "public",
      "Table": "T_ProductMaster",
      "Rows": 0,
      "ColumnsSha256": "B3F92E06C0582D207ACBA4ACEF3014A601AA705F8B0838E6F630B28C5E00CD6E",
      "ContentSha256": "E3B0C44298FC1C149AFBF4C8996FB92427AE41E4649B934CA495991B7852B855"
    },
    {
      "Schema": "public",
      "Table": "T_ProductMaterial",
      "Rows": 0,
      "ColumnsSha256": "C54094B93D469DEA68342AED9D9BA2CAFC90159B969E8035E3ED4D43883B6CBB",
      "ContentSha256": "E3B0C44298FC1C149AFBF4C8996FB92427AE41E4649B934CA495991B7852B855"
    },
    {
      "Schema": "public",
      "Table": "T_ProductProcess",
      "Rows": 0,
      "ColumnsSha256": "E07085ED48B1AA49F09B735C041FD594797138C45A6554840D5A6F4CFB963C08",
      "ContentSha256": "E3B0C44298FC1C149AFBF4C8996FB92427AE41E4649B934CA495991B7852B855"
    },
    {
      "Schema": "public",
      "Table": "T_ProductionResult",
      "Rows": 0,
      "ColumnsSha256": "C9152D1BBB22A301BFCC34FBF2B90674EEECE8A06622F5E0824FD1564B6283A1",
      "ContentSha256": "E3B0C44298FC1C149AFBF4C8996FB92427AE41E4649B934CA495991B7852B855"
    },
    {
      "Schema": "public",
      "Table": "T_QcInspection",
      "Rows": 0,
      "ColumnsSha256": "8F38E1FFBA584DB4E9EA63DE9FE492F9487B6E343F23844F867C84E91F3BB1FD",
      "ContentSha256": "E3B0C44298FC1C149AFBF4C8996FB92427AE41E4649B934CA495991B7852B855"
    },
    {
      "Schema": "public",
      "Table": "T_QcInspectionItem",
      "Rows": 0,
      "ColumnsSha256": "F69955FD43586648281B9959A67AC532AF896EA81E2B0B463D9EF4B8FECD8E06",
      "ContentSha256": "E3B0C44298FC1C149AFBF4C8996FB92427AE41E4649B934CA495991B7852B855"
    },
    {
      "Schema": "public",
      "Table": "T_QualityInspection",
      "Rows": 0,
      "ColumnsSha256": "CC0C0F36E961958DB99600DD03BE62BFD58D65476C50F86A5522332FCC2D2B9A",
      "ContentSha256": "E3B0C44298FC1C149AFBF4C8996FB92427AE41E4649B934CA495991B7852B855"
    },
    {
      "Schema": "public",
      "Table": "T_QualityInspectionItem",
      "Rows": 0,
      "ColumnsSha256": "6EB7B3F7D9F100161D2572539D84E6487B381E908C316984EA8F7A44462046D5",
      "ContentSha256": "E3B0C44298FC1C149AFBF4C8996FB92427AE41E4649B934CA495991B7852B855"
    },
    {
      "Schema": "public",
      "Table": "T_Quotation",
      "Rows": 0,
      "ColumnsSha256": "5A6555C151FB2E4E65E85BE4F3C5782CC7580F88F33E17759466028990D38B3A",
      "ContentSha256": "E3B0C44298FC1C149AFBF4C8996FB92427AE41E4649B934CA495991B7852B855"
    },
    {
      "Schema": "public",
      "Table": "T_QuotationCalc",
      "Rows": 0,
      "ColumnsSha256": "1ADB8C40BB073D98064503938F7DE44C0D595E6BC6800E907806710EC013DFA7",
      "ContentSha256": "E3B0C44298FC1C149AFBF4C8996FB92427AE41E4649B934CA495991B7852B855"
    },
    {
      "Schema": "public",
      "Table": "T_QuotationDetail",
      "Rows": 0,
      "ColumnsSha256": "B1C875A7EE1E4CC8D0D3C60D472FD0FB4475E2C2B318AE11149095904FA598D5",
      "ContentSha256": "E3B0C44298FC1C149AFBF4C8996FB92427AE41E4649B934CA495991B7852B855"
    },
    {
      "Schema": "public",
      "Table": "T_RemnantMaterial",
      "Rows": 0,
      "ColumnsSha256": "4D61453345DFD014AC0B46DF9F6CC29200AC3144344A30021BA8F1DC5A789AFA",
      "ContentSha256": "E3B0C44298FC1C149AFBF4C8996FB92427AE41E4649B934CA495991B7852B855"
    },
    {
      "Schema": "public",
      "Table": "T_ReplenishOrder",
      "Rows": 0,
      "ColumnsSha256": "12CD305C76ED980DEF474C7A571A87FBE6EE8C75249DD0F6F2887097EA379088",
      "ContentSha256": "E3B0C44298FC1C149AFBF4C8996FB92427AE41E4649B934CA495991B7852B855"
    },
    {
      "Schema": "public",
      "Table": "T_RmaDetail",
      "Rows": 0,
      "ColumnsSha256": "65B7D94A57AD9B376000E7D6E8FF4846E61012C747BEDD69308CF62179000592",
      "ContentSha256": "E3B0C44298FC1C149AFBF4C8996FB92427AE41E4649B934CA495991B7852B855"
    },
    {
      "Schema": "public",
      "Table": "T_RmaHeader",
      "Rows": 0,
      "ColumnsSha256": "7493EBC74A8BC070942DA9464BBA58929EABEB7AAB0F4F7E8E0B7A9275D09535",
      "ContentSha256": "E3B0C44298FC1C149AFBF4C8996FB92427AE41E4649B934CA495991B7852B855"
    },
    {
      "Schema": "public",
      "Table": "T_SampleStock",
      "Rows": 0,
      "ColumnsSha256": "5F784D878A26BE4EF4152C4D6AF6706A4A589B8C3A4E8D669ECC76C7752B6134",
      "ContentSha256": "E3B0C44298FC1C149AFBF4C8996FB92427AE41E4649B934CA495991B7852B855"
    },
    {
      "Schema": "public",
      "Table": "T_SheetUnitPrice",
      "Rows": 0,
      "ColumnsSha256": "F15355F207A0501F2572EDEECBB6EDF5E3CDDA10A9578A3629CF8B274742DA2B",
      "ContentSha256": "E3B0C44298FC1C149AFBF4C8996FB92427AE41E4649B934CA495991B7852B855"
    },
    {
      "Schema": "public",
      "Table": "T_SheetUnitPriceEstimate",
      "Rows": 0,
      "ColumnsSha256": "F15355F207A0501F2572EDEECBB6EDF5E3CDDA10A9578A3629CF8B274742DA2B",
      "ContentSha256": "E3B0C44298FC1C149AFBF4C8996FB92427AE41E4649B934CA495991B7852B855"
    },
    {
      "Schema": "public",
      "Table": "T_ShippingPackage",
      "Rows": 0,
      "ColumnsSha256": "717520B52E87C1452BB1A93E93B07DCECE5C524F878C54385D1D1453B6EA279E",
      "ContentSha256": "E3B0C44298FC1C149AFBF4C8996FB92427AE41E4649B934CA495991B7852B855"
    },
    {
      "Schema": "public",
      "Table": "T_SlottingPlan",
      "Rows": 0,
      "ColumnsSha256": "93FB898AA85BF7B74C05A3A94B584E7A2D012A56061CAF6B956782D000BD5E4D",
      "ContentSha256": "E3B0C44298FC1C149AFBF4C8996FB92427AE41E4649B934CA495991B7852B855"
    },
    {
      "Schema": "public",
      "Table": "T_SpaceDispatchApprovalRequest",
      "Rows": 0,
      "ColumnsSha256": "73515C854102AFB9BDBABC3AF8F6B73AAB6BB028B20D83A8390D82FE96B128C3",
      "ContentSha256": "E3B0C44298FC1C149AFBF4C8996FB92427AE41E4649B934CA495991B7852B855"
    },
    {
      "Schema": "public",
      "Table": "T_SpaceDispatchExecutionAction",
      "Rows": 0,
      "ColumnsSha256": "F088DA84F3460587CDC9BAA398991452315EBFE4CB67260133CFEE156640A6B7",
      "ContentSha256": "E3B0C44298FC1C149AFBF4C8996FB92427AE41E4649B934CA495991B7852B855"
    },
    {
      "Schema": "public",
      "Table": "T_SpaceWmsOperation",
      "Rows": 0,
      "ColumnsSha256": "868A03B180EAB7AE2A8FF54E4E30C719077144401A957BCA1865B5B5D8BE8697",
      "ContentSha256": "E3B0C44298FC1C149AFBF4C8996FB92427AE41E4649B934CA495991B7852B855"
    },
    {
      "Schema": "public",
      "Table": "T_Stock",
      "Rows": 0,
      "ColumnsSha256": "F9C8A3A43C6164348ECFD9F3DE53BD96C606FCBF7CF7D1AC0B9D7411874D3281",
      "ContentSha256": "E3B0C44298FC1C149AFBF4C8996FB92427AE41E4649B934CA495991B7852B855"
    },
    {
      "Schema": "public",
      "Table": "T_StockSerial",
      "Rows": 0,
      "ColumnsSha256": "0FD9901ECD7E1C3882F517A81EC11CE2F13BC18E40153EBDB0B601BB09629C2C",
      "ContentSha256": "E3B0C44298FC1C149AFBF4C8996FB92427AE41E4649B934CA495991B7852B855"
    },
    {
      "Schema": "public",
      "Table": "T_StockSerialTransaction",
      "Rows": 0,
      "ColumnsSha256": "A1EF1A4100C11E14AD64BF00FB418BDA3552DD30D2788E813135EE63B15C60FF",
      "ContentSha256": "E3B0C44298FC1C149AFBF4C8996FB92427AE41E4649B934CA495991B7852B855"
    },
    {
      "Schema": "public",
      "Table": "T_StockTake",
      "Rows": 0,
      "ColumnsSha256": "72112D59F776DA209AD85FCFB229F4ED42BC89E5B76DC9415C1469527070AD69",
      "ContentSha256": "E3B0C44298FC1C149AFBF4C8996FB92427AE41E4649B934CA495991B7852B855"
    },
    {
      "Schema": "public",
      "Table": "T_StockTakeDetail",
      "Rows": 0,
      "ColumnsSha256": "0751F7C2068766152DE00EFFDE41A83A20A93CC966AA915B50A877F7204F69E9",
      "ContentSha256": "E3B0C44298FC1C149AFBF4C8996FB92427AE41E4649B934CA495991B7852B855"
    },
    {
      "Schema": "public",
      "Table": "T_StockTransaction",
      "Rows": 0,
      "ColumnsSha256": "494B61FCECC809BF200FC013D8C871BFA187E6EBE1C25BCFCAF77D8A12BA7649",
      "ContentSha256": "E3B0C44298FC1C149AFBF4C8996FB92427AE41E4649B934CA495991B7852B855"
    },
    {
      "Schema": "public",
      "Table": "T_TaskCommandReceipt",
      "Rows": 0,
      "ColumnsSha256": "94F5CB101292106ABD8A05075792DE1E6F94AB66CF7588AFE778B329C6F52E16",
      "ContentSha256": "E3B0C44298FC1C149AFBF4C8996FB92427AE41E4649B934CA495991B7852B855"
    },
    {
      "Schema": "public",
      "Table": "T_VmiBilling",
      "Rows": 0,
      "ColumnsSha256": "DC3FE06F2AA48831FA5E7A973C8BCD50CF363808C8F0CF22A2F377782900058C",
      "ContentSha256": "E3B0C44298FC1C149AFBF4C8996FB92427AE41E4649B934CA495991B7852B855"
    },
    {
      "Schema": "public",
      "Table": "T_Warehouse",
      "Rows": 0,
      "ColumnsSha256": "A117F5DD566DD1338AF493B3921B47986812A7F6DD8D3433CD068403FA72C987",
      "ContentSha256": "E3B0C44298FC1C149AFBF4C8996FB92427AE41E4649B934CA495991B7852B855"
    },
    {
      "Schema": "public",
      "Table": "T_WcsTask",
      "Rows": 0,
      "ColumnsSha256": "0065D1CC0C57D6A44AD20B1E3A36932DF7CDAC44407B7D1391FFE23CE3943ACB",
      "ContentSha256": "E3B0C44298FC1C149AFBF4C8996FB92427AE41E4649B934CA495991B7852B855"
    },
    {
      "Schema": "public",
      "Table": "T_WebBusinessPartner",
      "Rows": 0,
      "ColumnsSha256": "2BAE32672E7DA2B9F47D785A2EBA12587F1F04EA84F531198E9BDD171A90624B",
      "ContentSha256": "E3B0C44298FC1C149AFBF4C8996FB92427AE41E4649B934CA495991B7852B855"
    },
    {
      "Schema": "public",
      "Table": "T_WmsBin",
      "Rows": 0,
      "ColumnsSha256": "9D6B2227BD5485414D2D19E714A145DB0475B88ED91F73FA9485D34EBFFC2DCC",
      "ContentSha256": "E3B0C44298FC1C149AFBF4C8996FB92427AE41E4649B934CA495991B7852B855"
    },
    {
      "Schema": "public",
      "Table": "T_WmsFeatureFlag",
      "Rows": 0,
      "ColumnsSha256": "B28BAB29EFB2938EE5373F71169C268331166570F6CBDF622BAFE50116FB6468",
      "ContentSha256": "E3B0C44298FC1C149AFBF4C8996FB92427AE41E4649B934CA495991B7852B855"
    },
    {
      "Schema": "public",
      "Table": "T_WmsFeatureFlagChange",
      "Rows": 0,
      "ColumnsSha256": "D150955CE59843E9D26FE732624CC4A2F8D38AFB96FB93D95BBEF5A989465F9F",
      "ContentSha256": "E3B0C44298FC1C149AFBF4C8996FB92427AE41E4649B934CA495991B7852B855"
    },
    {
      "Schema": "public",
      "Table": "T_WmsRoleScope",
      "Rows": 0,
      "ColumnsSha256": "F535E7448BD9C814A85FF8FD5EAE6E65F03B434B21999EF3A8E3FF4DA551C610",
      "ContentSha256": "E3B0C44298FC1C149AFBF4C8996FB92427AE41E4649B934CA495991B7852B855"
    },
    {
      "Schema": "public",
      "Table": "T_WmsSequence",
      "Rows": 0,
      "ColumnsSha256": "2B9815AE7314B450FE22CC874F366369B9F85EEE71C8952067A47CFBD5000261",
      "ContentSha256": "E3B0C44298FC1C149AFBF4C8996FB92427AE41E4649B934CA495991B7852B855"
    },
    {
      "Schema": "public",
      "Table": "T_WorkCenter",
      "Rows": 0,
      "ColumnsSha256": "4D5B140630661150AD1AEEB7CB298464CDD573B3DCC066D1CF1DD39001C29D4D",
      "ContentSha256": "E3B0C44298FC1C149AFBF4C8996FB92427AE41E4649B934CA495991B7852B855"
    },
    {
      "Schema": "public",
      "Table": "T_WorkOrder",
      "Rows": 0,
      "ColumnsSha256": "A37AF119D5773EDC4CE4AFD88D8402FEE90822E0C7875B95737025DB6D472B35",
      "ContentSha256": "E3B0C44298FC1C149AFBF4C8996FB92427AE41E4649B934CA495991B7852B855"
    },
    {
      "Schema": "public",
      "Table": "T_WorkOrderMaterial",
      "Rows": 0,
      "ColumnsSha256": "CFD8F0E0F833521CFD18DF79A4B71FBB1C01DA3C0A24810BADF9D9435C17D170",
      "ContentSha256": "E3B0C44298FC1C149AFBF4C8996FB92427AE41E4649B934CA495991B7852B855"
    },
    {
      "Schema": "public",
      "Table": "T_WorkOrderProcess",
      "Rows": 0,
      "ColumnsSha256": "3A1532732333880880D8F5B4A052BF130880B86E749E3917DB49F15688DD4472",
      "ContentSha256": "E3B0C44298FC1C149AFBF4C8996FB92427AE41E4649B934CA495991B7852B855"
    },
    {
      "Schema": "public",
      "Table": "Wf_ApprovalBinding",
      "Rows": 5,
      "ColumnsSha256": "17A8BEC051905AA1FE805D3BC4C77F9C68BDD3965E1FCC70D5ECFE61DDCB21BB",
      "ContentSha256": "67A1C6692531382812994E015C3CAAAA97CD7BF8F1A83B38523E4F6DE7780C50"
    },
    {
      "Schema": "public",
      "Table": "Wf_ApproverMap",
      "Rows": 0,
      "ColumnsSha256": "FABD2342A895077AC59C6644724D2C217E5187C4BA0774FA42BD9AE98AB741D0",
      "ContentSha256": "E3B0C44298FC1C149AFBF4C8996FB92427AE41E4649B934CA495991B7852B855"
    },
    {
      "Schema": "public",
      "Table": "Wf_Connector",
      "Rows": 0,
      "ColumnsSha256": "C99A159C3E83F6856AA48CED15F2E48CA09C13B6DA051AE9301499CFF7BDB417",
      "ContentSha256": "E3B0C44298FC1C149AFBF4C8996FB92427AE41E4649B934CA495991B7852B855"
    },
    {
      "Schema": "public",
      "Table": "Wf_FlowCc",
      "Rows": 0,
      "ColumnsSha256": "1E77F8655183B986B0F6146EC7AE4D462DED049AED7C3E1FA0E6F9A06D5CAC6B",
      "ContentSha256": "E3B0C44298FC1C149AFBF4C8996FB92427AE41E4649B934CA495991B7852B855"
    },
    {
      "Schema": "public",
      "Table": "Wf_FlowData",
      "Rows": 0,
      "ColumnsSha256": "DF6F05E240B436EDE0A12734C58B913CC7A8F16FA145826DE5A785677A132F42",
      "ContentSha256": "E3B0C44298FC1C149AFBF4C8996FB92427AE41E4649B934CA495991B7852B855"
    },
    {
      "Schema": "public",
      "Table": "Wf_FlowDef",
      "Rows": 6,
      "ColumnsSha256": "BD65FF8B58A0E0A420BD97226218AB5259B1431A6187474675678AB939E5959A",
      "ContentSha256": "6A63872F50EAB68CE70CE9DCAF4F95BA5AE0D92284738EF09D1A9E418718C579"
    },
    {
      "Schema": "public",
      "Table": "Wf_FlowDefVersion",
      "Rows": 4,
      "ColumnsSha256": "A38FA9A64C8D83187C945FB64E114D0A90ABE49656009C90F48BD6B78219D130",
      "ContentSha256": "59E565AD2A6648E39E43816FA9B5F2834C548EAE51E78A4EE85744D621EC2E2A"
    },
    {
      "Schema": "public",
      "Table": "Wf_FlowDefVersionDependency",
      "Rows": 0,
      "ColumnsSha256": "FBD116DB8A81FBF7EEC73C9DF1816BB46817C75C048DDD76A94354AD6A18F5A8",
      "ContentSha256": "E3B0C44298FC1C149AFBF4C8996FB92427AE41E4649B934CA495991B7852B855"
    },
    {
      "Schema": "public",
      "Table": "Wf_FlowDelegate",
      "Rows": 0,
      "ColumnsSha256": "EA7EDEE3E3EEF3DC93834AC6752F8592ECC1BC7776703A2976F7EB530D00D1A8",
      "ContentSha256": "E3B0C44298FC1C149AFBF4C8996FB92427AE41E4649B934CA495991B7852B855"
    },
    {
      "Schema": "public",
      "Table": "Wf_FlowFormTo",
      "Rows": 0,
      "ColumnsSha256": "6700F239ED0657E487272A1AF6A9482238EF1D48C8CD026DFE71AD41BC753A90",
      "ContentSha256": "E3B0C44298FC1C149AFBF4C8996FB92427AE41E4649B934CA495991B7852B855"
    },
    {
      "Schema": "public",
      "Table": "Wf_FlowHistory",
      "Rows": 0,
      "ColumnsSha256": "E30013928B5BDD9ED65E8F8000F9302774FC0078FABF55A3AD19B60F287F6D8E",
      "ContentSha256": "E3B0C44298FC1C149AFBF4C8996FB92427AE41E4649B934CA495991B7852B855"
    },
    {
      "Schema": "public",
      "Table": "Wf_FlowInstance",
      "Rows": 0,
      "ColumnsSha256": "B448FDE45B2CA9F07427266DB941B43EA8F06A41A0416F96D1C369868E874D16",
      "ContentSha256": "E3B0C44298FC1C149AFBF4C8996FB92427AE41E4649B934CA495991B7852B855"
    },
    {
      "Schema": "public",
      "Table": "Wf_FlowTask",
      "Rows": 0,
      "ColumnsSha256": "D0BC9C538E3C3B75447F5C573A73A05D9CD60BD232D067212885BB5BD3F11059",
      "ContentSha256": "E3B0C44298FC1C149AFBF4C8996FB92427AE41E4649B934CA495991B7852B855"
    },
    {
      "Schema": "public",
      "Table": "Wf_FlowToken",
      "Rows": 0,
      "ColumnsSha256": "0F173AB236DF266BC1C04A2158EB4A022BAA550E5C62A211E6E8A347D4033439",
      "ContentSha256": "E3B0C44298FC1C149AFBF4C8996FB92427AE41E4649B934CA495991B7852B855"
    },
    {
      "Schema": "public",
      "Table": "Wf_FlowTrigger",
      "Rows": 0,
      "ColumnsSha256": "A990A5FC661AA103186D08DEEFF482128E0539656D14FD227B8B303ACDE152A6",
      "ContentSha256": "E3B0C44298FC1C149AFBF4C8996FB92427AE41E4649B934CA495991B7852B855"
    },
    {
      "Schema": "public",
      "Table": "Wf_FormData",
      "Rows": 0,
      "ColumnsSha256": "DC4B7DB37CA2139538CBA88B25FCAACDE334B5A7CF4F09D137F6E4DA0D7A4D03",
      "ContentSha256": "E3B0C44298FC1C149AFBF4C8996FB92427AE41E4649B934CA495991B7852B855"
    },
    {
      "Schema": "public",
      "Table": "Wf_FormDef",
      "Rows": 1,
      "ColumnsSha256": "03C57DDEA9FD88527987B9CC65302F48AB45B5420E4803032A3E2CF26AD9E674",
      "ContentSha256": "A8FEDE04D1E844507E8733C7AEBD299C43A1D924AB204603DF571D654EBE25B2"
    },
    {
      "Schema": "public",
      "Table": "Wf_FormDefVersion",
      "Rows": 0,
      "ColumnsSha256": "F5FC02633DA07015D91E04CC058B3E009DDD05C1ABF0982FDB8DE88B60E1E2DF",
      "ContentSha256": "E3B0C44298FC1C149AFBF4C8996FB92427AE41E4649B934CA495991B7852B855"
    },
    {
      "Schema": "public",
      "Table": "Wf_FormDraft",
      "Rows": 0,
      "ColumnsSha256": "A05C32F8FC5E578A5C6BE116192D8D22BDC91210ACEB7701EACA1B83BCE82FE9",
      "ContentSha256": "E3B0C44298FC1C149AFBF4C8996FB92427AE41E4649B934CA495991B7852B855"
    },
    {
      "Schema": "public",
      "Table": "Wf_FormFavorite",
      "Rows": 0,
      "ColumnsSha256": "7171C4469795DCDB0545915B3C7CCA5EEBA567189D415097AB500FDAC95ACA6C",
      "ContentSha256": "E3B0C44298FC1C149AFBF4C8996FB92427AE41E4649B934CA495991B7852B855"
    },
    {
      "Schema": "public",
      "Table": "Wf_FormFlowBinding",
      "Rows": 0,
      "ColumnsSha256": "60DA0CA5E865E506678CBB8370AED0E7086A2EF4176103B6827BEF0B9ECD3D9D",
      "ContentSha256": "E3B0C44298FC1C149AFBF4C8996FB92427AE41E4649B934CA495991B7852B855"
    },
    {
      "Schema": "public",
      "Table": "Wf_InboxPref",
      "Rows": 0,
      "ColumnsSha256": "6AD2FCBA1DAF748E31D486C543E249367694267680551B40931CA523FE694D41",
      "ContentSha256": "E3B0C44298FC1C149AFBF4C8996FB92427AE41E4649B934CA495991B7852B855"
    },
    {
      "Schema": "public",
      "Table": "Wf_Notification",
      "Rows": 5,
      "ColumnsSha256": "51E2CD0FF29791B71537924BCA2B0BE49BEFD61E4F2C8A92D4F64C6735BA6864",
      "ContentSha256": "E95EEA4A64CCF1BC171E6999BFB4B2C123E1AE9D34307C9C3AB08704A35909FF"
    },
    {
      "Schema": "public",
      "Table": "Wf_ServiceJob",
      "Rows": 0,
      "ColumnsSha256": "38D377A97DDE33D07A98AF413836439A47BCB01C4664A07B29F1EEAE79D7B0B2",
      "ContentSha256": "E3B0C44298FC1C149AFBF4C8996FB92427AE41E4649B934CA495991B7852B855"
    },
    {
      "Schema": "public",
      "Table": "Wf_TriggerFire",
      "Rows": 0,
      "ColumnsSha256": "CCD22A63994A42D26BB187DB7972187AE3495B456C10236DDF97DD2EC02589F5",
      "ContentSha256": "E3B0C44298FC1C149AFBF4C8996FB92427AE41E4649B934CA495991B7852B855"
    },
    {
      "Schema": "public",
      "Table": "__EFMigrationsHistory",
      "Rows": 1,
      "ColumnsSha256": "B0F76A11A428051C8405F3C781636B6A0F58BDDC8ACAC4ABF2F33F165E277FAF",
      "ContentSha256": "FA8E8BCE9BBDF6A26D5F20F6ABA649419AC38B9D4E9F99D53ADFA6364BFBCB52"
    },
    {
      "Schema": "public",
      "Table": "__EFMigrationsHistory_ErpIntegration",
      "Rows": 1,
      "ColumnsSha256": "B0F76A11A428051C8405F3C781636B6A0F58BDDC8ACAC4ABF2F33F165E277FAF",
      "ContentSha256": "0A8F279ED8E09FE617F7F56BFAC14BFD6F37E80EE4157668882B3AFD6C6F6E7C"
    },
    {
      "Schema": "public",
      "Table": "__EFMigrationsHistory_IdentityPriority",
      "Rows": 1,
      "ColumnsSha256": "B0F76A11A428051C8405F3C781636B6A0F58BDDC8ACAC4ABF2F33F165E277FAF",
      "ContentSha256": "C698C1791ADA9DA47FB391EFC41DB981B268D99FD59E1015D4A0B1F585A2D724"
    },
    {
      "Schema": "public",
      "Table": "__EFMigrationsHistory_Space",
      "Rows": 1,
      "ColumnsSha256": "B0F76A11A428051C8405F3C781636B6A0F58BDDC8ACAC4ABF2F33F165E277FAF",
      "ContentSha256": "11CF52C74301A684925274FF992BF47850B679C03F93E8298E68B9E6BFF7D980"
    }
  ],
  "TableComparisons": [
    {
      "Schema": "crm_identity",
      "Table": "Bootstrap",
      "ColumnsMatch": true,
      "ContentMatch": true,
      "ExpectedRows": 0,
      "ActualRows": 0,
      "ExpectedColumnsSha256": "86DE37844E328CD34D1234DE04EACB48DD9520F818F0E5C09BB315F3BFDD4239",
      "ActualColumnsSha256": "86DE37844E328CD34D1234DE04EACB48DD9520F818F0E5C09BB315F3BFDD4239",
      "ExpectedContentSha256": "E3B0C44298FC1C149AFBF4C8996FB92427AE41E4649B934CA495991B7852B855",
      "ActualContentSha256": "E3B0C44298FC1C149AFBF4C8996FB92427AE41E4649B934CA495991B7852B855"
    },
    {
      "Schema": "crm_identity",
      "Table": "Cp6_DeadLetterRecord",
      "ColumnsMatch": true,
      "ContentMatch": true,
      "ExpectedRows": 0,
      "ActualRows": 0,
      "ExpectedColumnsSha256": "8F500A1410AED6892A79800CADB706A9890ED8961BEB7FD128D5F996DF97F7DC",
      "ActualColumnsSha256": "8F500A1410AED6892A79800CADB706A9890ED8961BEB7FD128D5F996DF97F7DC",
      "ExpectedContentSha256": "E3B0C44298FC1C149AFBF4C8996FB92427AE41E4649B934CA495991B7852B855",
      "ActualContentSha256": "E3B0C44298FC1C149AFBF4C8996FB92427AE41E4649B934CA495991B7852B855"
    },
    {
      "Schema": "crm_identity",
      "Table": "Cp6_InboxAggregateCheckpoint",
      "ColumnsMatch": true,
      "ContentMatch": true,
      "ExpectedRows": 0,
      "ActualRows": 0,
      "ExpectedColumnsSha256": "8D54D1E6032272279F448E53DFBF82148EA24EF71B85F2A3D3C1D70AEBEFA3BE",
      "ActualColumnsSha256": "8D54D1E6032272279F448E53DFBF82148EA24EF71B85F2A3D3C1D70AEBEFA3BE",
      "ExpectedContentSha256": "E3B0C44298FC1C149AFBF4C8996FB92427AE41E4649B934CA495991B7852B855",
      "ActualContentSha256": "E3B0C44298FC1C149AFBF4C8996FB92427AE41E4649B934CA495991B7852B855"
    },
    {
      "Schema": "crm_identity",
      "Table": "Cp6_InboxMessage",
      "ColumnsMatch": true,
      "ContentMatch": true,
      "ExpectedRows": 0,
      "ActualRows": 0,
      "ExpectedColumnsSha256": "DDC8919AD27AD430DBC6378A56C5610DA820DE8A78DF282B5B388FFA293D63B1",
      "ActualColumnsSha256": "DDC8919AD27AD430DBC6378A56C5610DA820DE8A78DF282B5B388FFA293D63B1",
      "ExpectedContentSha256": "E3B0C44298FC1C149AFBF4C8996FB92427AE41E4649B934CA495991B7852B855",
      "ActualContentSha256": "E3B0C44298FC1C149AFBF4C8996FB92427AE41E4649B934CA495991B7852B855"
    },
    {
      "Schema": "crm_identity",
      "Table": "Cp6_OutboxMessage",
      "ColumnsMatch": true,
      "ContentMatch": true,
      "ExpectedRows": 0,
      "ActualRows": 0,
      "ExpectedColumnsSha256": "0C3E4A27E82404D0BFDE050FD4C17E545AB7029C527696DC9F3A651F09C1DFDF",
      "ActualColumnsSha256": "0C3E4A27E82404D0BFDE050FD4C17E545AB7029C527696DC9F3A651F09C1DFDF",
      "ExpectedContentSha256": "E3B0C44298FC1C149AFBF4C8996FB92427AE41E4649B934CA495991B7852B855",
      "ActualContentSha256": "E3B0C44298FC1C149AFBF4C8996FB92427AE41E4649B934CA495991B7852B855"
    },
    {
      "Schema": "crm_identity",
      "Table": "ServiceToken",
      "ColumnsMatch": true,
      "ContentMatch": true,
      "ExpectedRows": 0,
      "ActualRows": 0,
      "ExpectedColumnsSha256": "539C5DF7FB94DD8A4E8CA54175EAEF917D88D6DD9D1D1B714745D12DA59BFE58",
      "ActualColumnsSha256": "539C5DF7FB94DD8A4E8CA54175EAEF917D88D6DD9D1D1B714745D12DA59BFE58",
      "ExpectedContentSha256": "E3B0C44298FC1C149AFBF4C8996FB92427AE41E4649B934CA495991B7852B855",
      "ActualContentSha256": "E3B0C44298FC1C149AFBF4C8996FB92427AE41E4649B934CA495991B7852B855"
    },
    {
      "Schema": "crm_identity",
      "Table": "Snapshot",
      "ColumnsMatch": true,
      "ContentMatch": true,
      "ExpectedRows": 0,
      "ActualRows": 0,
      "ExpectedColumnsSha256": "0874FE6396CFBEF243A767C8CDF57E74570CE43A13D131B8BECD5CDA24D50C00",
      "ActualColumnsSha256": "0874FE6396CFBEF243A767C8CDF57E74570CE43A13D131B8BECD5CDA24D50C00",
      "ExpectedContentSha256": "E3B0C44298FC1C149AFBF4C8996FB92427AE41E4649B934CA495991B7852B855",
      "ActualContentSha256": "E3B0C44298FC1C149AFBF4C8996FB92427AE41E4649B934CA495991B7852B855"
    },
    {
      "Schema": "crm_identity_priority",
      "Table": "Cp6_DeadLetterRecord",
      "ColumnsMatch": true,
      "ContentMatch": true,
      "ExpectedRows": 0,
      "ActualRows": 0,
      "ExpectedColumnsSha256": "8F500A1410AED6892A79800CADB706A9890ED8961BEB7FD128D5F996DF97F7DC",
      "ActualColumnsSha256": "8F500A1410AED6892A79800CADB706A9890ED8961BEB7FD128D5F996DF97F7DC",
      "ExpectedContentSha256": "E3B0C44298FC1C149AFBF4C8996FB92427AE41E4649B934CA495991B7852B855",
      "ActualContentSha256": "E3B0C44298FC1C149AFBF4C8996FB92427AE41E4649B934CA495991B7852B855"
    },
    {
      "Schema": "crm_identity_priority",
      "Table": "Cp6_InboxAggregateCheckpoint",
      "ColumnsMatch": true,
      "ContentMatch": true,
      "ExpectedRows": 0,
      "ActualRows": 0,
      "ExpectedColumnsSha256": "8D54D1E6032272279F448E53DFBF82148EA24EF71B85F2A3D3C1D70AEBEFA3BE",
      "ActualColumnsSha256": "8D54D1E6032272279F448E53DFBF82148EA24EF71B85F2A3D3C1D70AEBEFA3BE",
      "ExpectedContentSha256": "E3B0C44298FC1C149AFBF4C8996FB92427AE41E4649B934CA495991B7852B855",
      "ActualContentSha256": "E3B0C44298FC1C149AFBF4C8996FB92427AE41E4649B934CA495991B7852B855"
    },
    {
      "Schema": "crm_identity_priority",
      "Table": "Cp6_InboxMessage",
      "ColumnsMatch": true,
      "ContentMatch": true,
      "ExpectedRows": 0,
      "ActualRows": 0,
      "ExpectedColumnsSha256": "DDC8919AD27AD430DBC6378A56C5610DA820DE8A78DF282B5B388FFA293D63B1",
      "ActualColumnsSha256": "DDC8919AD27AD430DBC6378A56C5610DA820DE8A78DF282B5B388FFA293D63B1",
      "ExpectedContentSha256": "E3B0C44298FC1C149AFBF4C8996FB92427AE41E4649B934CA495991B7852B855",
      "ActualContentSha256": "E3B0C44298FC1C149AFBF4C8996FB92427AE41E4649B934CA495991B7852B855"
    },
    {
      "Schema": "crm_identity_priority",
      "Table": "Cp6_OutboxMessage",
      "ColumnsMatch": true,
      "ContentMatch": true,
      "ExpectedRows": 0,
      "ActualRows": 0,
      "ExpectedColumnsSha256": "0C3E4A27E82404D0BFDE050FD4C17E545AB7029C527696DC9F3A651F09C1DFDF",
      "ActualColumnsSha256": "0C3E4A27E82404D0BFDE050FD4C17E545AB7029C527696DC9F3A651F09C1DFDF",
      "ExpectedContentSha256": "E3B0C44298FC1C149AFBF4C8996FB92427AE41E4649B934CA495991B7852B855",
      "ActualContentSha256": "E3B0C44298FC1C149AFBF4C8996FB92427AE41E4649B934CA495991B7852B855"
    },
    {
      "Schema": "erp_integration",
      "Table": "Aggregate",
      "ColumnsMatch": true,
      "ContentMatch": true,
      "ExpectedRows": 0,
      "ActualRows": 0,
      "ExpectedColumnsSha256": "4AA206C6CBC7022C030EDC128DEEF33B5D3AB8411F851A82EE39EE6EFBFCD074",
      "ActualColumnsSha256": "4AA206C6CBC7022C030EDC128DEEF33B5D3AB8411F851A82EE39EE6EFBFCD074",
      "ExpectedContentSha256": "E3B0C44298FC1C149AFBF4C8996FB92427AE41E4649B934CA495991B7852B855",
      "ActualContentSha256": "E3B0C44298FC1C149AFBF4C8996FB92427AE41E4649B934CA495991B7852B855"
    },
    {
      "Schema": "erp_integration",
      "Table": "CommandInbox",
      "ColumnsMatch": true,
      "ContentMatch": true,
      "ExpectedRows": 0,
      "ActualRows": 0,
      "ExpectedColumnsSha256": "A85468A6A61F2A211A199F30F84E1874358A3DEFF9DEB4DC809D865984878ECC",
      "ActualColumnsSha256": "A85468A6A61F2A211A199F30F84E1874358A3DEFF9DEB4DC809D865984878ECC",
      "ExpectedContentSha256": "E3B0C44298FC1C149AFBF4C8996FB92427AE41E4649B934CA495991B7852B855",
      "ActualContentSha256": "E3B0C44298FC1C149AFBF4C8996FB92427AE41E4649B934CA495991B7852B855"
    },
    {
      "Schema": "erp_integration",
      "Table": "Cp6_DeadLetterRecord",
      "ColumnsMatch": true,
      "ContentMatch": true,
      "ExpectedRows": 0,
      "ActualRows": 0,
      "ExpectedColumnsSha256": "8F500A1410AED6892A79800CADB706A9890ED8961BEB7FD128D5F996DF97F7DC",
      "ActualColumnsSha256": "8F500A1410AED6892A79800CADB706A9890ED8961BEB7FD128D5F996DF97F7DC",
      "ExpectedContentSha256": "E3B0C44298FC1C149AFBF4C8996FB92427AE41E4649B934CA495991B7852B855",
      "ActualContentSha256": "E3B0C44298FC1C149AFBF4C8996FB92427AE41E4649B934CA495991B7852B855"
    },
    {
      "Schema": "erp_integration",
      "Table": "Cp6_OutboxMessage",
      "ColumnsMatch": true,
      "ContentMatch": true,
      "ExpectedRows": 0,
      "ActualRows": 0,
      "ExpectedColumnsSha256": "0C3E4A27E82404D0BFDE050FD4C17E545AB7029C527696DC9F3A651F09C1DFDF",
      "ActualColumnsSha256": "0C3E4A27E82404D0BFDE050FD4C17E545AB7029C527696DC9F3A651F09C1DFDF",
      "ExpectedContentSha256": "E3B0C44298FC1C149AFBF4C8996FB92427AE41E4649B934CA495991B7852B855",
      "ActualContentSha256": "E3B0C44298FC1C149AFBF4C8996FB92427AE41E4649B934CA495991B7852B855"
    },
    {
      "Schema": "erp_integration",
      "Table": "DeliveryReplayAudit",
      "ColumnsMatch": true,
      "ContentMatch": true,
      "ExpectedRows": 0,
      "ActualRows": 0,
      "ExpectedColumnsSha256": "D832546D5C96C626390D832587A989D94CDC39074C6B517B193E68B50EED6D68",
      "ActualColumnsSha256": "D832546D5C96C626390D832587A989D94CDC39074C6B517B193E68B50EED6D68",
      "ExpectedContentSha256": "E3B0C44298FC1C149AFBF4C8996FB92427AE41E4649B934CA495991B7852B855",
      "ActualContentSha256": "E3B0C44298FC1C149AFBF4C8996FB92427AE41E4649B934CA495991B7852B855"
    },
    {
      "Schema": "erp_integration",
      "Table": "InboxReplayAudit",
      "ColumnsMatch": true,
      "ContentMatch": true,
      "ExpectedRows": 0,
      "ActualRows": 0,
      "ExpectedColumnsSha256": "725CE9551B916FAD63CD63A213077FF35FCD91747FD7F16A93EE5236395F3336",
      "ActualColumnsSha256": "725CE9551B916FAD63CD63A213077FF35FCD91747FD7F16A93EE5236395F3336",
      "ExpectedContentSha256": "E3B0C44298FC1C149AFBF4C8996FB92427AE41E4649B934CA495991B7852B855",
      "ActualContentSha256": "E3B0C44298FC1C149AFBF4C8996FB92427AE41E4649B934CA495991B7852B855"
    },
    {
      "Schema": "erp_integration",
      "Table": "OrderBridgeDispatch",
      "ColumnsMatch": true,
      "ContentMatch": true,
      "ExpectedRows": 0,
      "ActualRows": 0,
      "ExpectedColumnsSha256": "843876BB628D87F41EA9341F83D3B5870A718DD4DCEFFCEA4DF16B930F28A635",
      "ActualColumnsSha256": "843876BB628D87F41EA9341F83D3B5870A718DD4DCEFFCEA4DF16B930F28A635",
      "ExpectedContentSha256": "E3B0C44298FC1C149AFBF4C8996FB92427AE41E4649B934CA495991B7852B855",
      "ActualContentSha256": "E3B0C44298FC1C149AFBF4C8996FB92427AE41E4649B934CA495991B7852B855"
    },
    {
      "Schema": "erp_integration",
      "Table": "Request",
      "ColumnsMatch": true,
      "ContentMatch": true,
      "ExpectedRows": 0,
      "ActualRows": 0,
      "ExpectedColumnsSha256": "FAA5D4A3B77A829C52907E993FF7FE1C95E350A30FBF4B55DD92555E9C0BDF5F",
      "ActualColumnsSha256": "FAA5D4A3B77A829C52907E993FF7FE1C95E350A30FBF4B55DD92555E9C0BDF5F",
      "ExpectedContentSha256": "E3B0C44298FC1C149AFBF4C8996FB92427AE41E4649B934CA495991B7852B855",
      "ActualContentSha256": "E3B0C44298FC1C149AFBF4C8996FB92427AE41E4649B934CA495991B7852B855"
    },
    {
      "Schema": "public",
      "Table": "CrmIdentityTenantGenerations",
      "ColumnsMatch": true,
      "ContentMatch": true,
      "ExpectedRows": 0,
      "ActualRows": 0,
      "ExpectedColumnsSha256": "940BF0BBC9C54A6A2687CD002BA1CE803693D4704E5E2F5CC03D9AA7009218BD",
      "ActualColumnsSha256": "940BF0BBC9C54A6A2687CD002BA1CE803693D4704E5E2F5CC03D9AA7009218BD",
      "ExpectedContentSha256": "E3B0C44298FC1C149AFBF4C8996FB92427AE41E4649B934CA495991B7852B855",
      "ActualContentSha256": "E3B0C44298FC1C149AFBF4C8996FB92427AE41E4649B934CA495991B7852B855"
    },
    {
      "Schema": "public",
      "Table": "CrmOidcGrant",
      "ColumnsMatch": true,
      "ContentMatch": true,
      "ExpectedRows": 0,
      "ActualRows": 0,
      "ExpectedColumnsSha256": "4FF4CD35185ADFAD79F1D107299626BC59AC2953B0A752F2332BDAC226DB72F4",
      "ActualColumnsSha256": "4FF4CD35185ADFAD79F1D107299626BC59AC2953B0A752F2332BDAC226DB72F4",
      "ExpectedContentSha256": "E3B0C44298FC1C149AFBF4C8996FB92427AE41E4649B934CA495991B7852B855",
      "ActualContentSha256": "E3B0C44298FC1C149AFBF4C8996FB92427AE41E4649B934CA495991B7852B855"
    },
    {
      "Schema": "public",
      "Table": "CrmOidcLogout",
      "ColumnsMatch": true,
      "ContentMatch": true,
      "ExpectedRows": 0,
      "ActualRows": 0,
      "ExpectedColumnsSha256": "F65CE67636B7DA34CD72B1B043283819DBDE86EAC7E3AD0A82F4810B91A493DA",
      "ActualColumnsSha256": "F65CE67636B7DA34CD72B1B043283819DBDE86EAC7E3AD0A82F4810B91A493DA",
      "ExpectedContentSha256": "E3B0C44298FC1C149AFBF4C8996FB92427AE41E4649B934CA495991B7852B855",
      "ActualContentSha256": "E3B0C44298FC1C149AFBF4C8996FB92427AE41E4649B934CA495991B7852B855"
    },
    {
      "Schema": "public",
      "Table": "DataProtectionKeys",
      "ColumnsMatch": true,
      "ContentMatch": true,
      "ExpectedRows": 1,
      "ActualRows": 1,
      "ExpectedColumnsSha256": "C1A70E1E0C29EA3F16ED3BB6159F41D5BAF73867FAFD4DD44CCA6AD3AB53E5C3",
      "ActualColumnsSha256": "C1A70E1E0C29EA3F16ED3BB6159F41D5BAF73867FAFD4DD44CCA6AD3AB53E5C3",
      "ExpectedContentSha256": "09D15E78C5ADD667B15498D9132E200CEC53A0A4CDBC30D0B4D6C08F9B8B2364",
      "ActualContentSha256": "09D15E78C5ADD667B15498D9132E200CEC53A0A4CDBC30D0B4D6C08F9B8B2364"
    },
    {
      "Schema": "public",
      "Table": "Fin_ApInvoice",
      "ColumnsMatch": true,
      "ContentMatch": true,
      "ExpectedRows": 0,
      "ActualRows": 0,
      "ExpectedColumnsSha256": "D387A11278BC5AF62FAB451C617131F3294B425EEFDC969B7C5AECF880283762",
      "ActualColumnsSha256": "D387A11278BC5AF62FAB451C617131F3294B425EEFDC969B7C5AECF880283762",
      "ExpectedContentSha256": "E3B0C44298FC1C149AFBF4C8996FB92427AE41E4649B934CA495991B7852B855",
      "ActualContentSha256": "E3B0C44298FC1C149AFBF4C8996FB92427AE41E4649B934CA495991B7852B855"
    },
    {
      "Schema": "public",
      "Table": "Fin_ApInvoiceLine",
      "ColumnsMatch": true,
      "ContentMatch": true,
      "ExpectedRows": 0,
      "ActualRows": 0,
      "ExpectedColumnsSha256": "4219374F286EEDE2AE7008762D11C1A938FF4DB8B800AC034B6EF81751768163",
      "ActualColumnsSha256": "4219374F286EEDE2AE7008762D11C1A938FF4DB8B800AC034B6EF81751768163",
      "ExpectedContentSha256": "E3B0C44298FC1C149AFBF4C8996FB92427AE41E4649B934CA495991B7852B855",
      "ActualContentSha256": "E3B0C44298FC1C149AFBF4C8996FB92427AE41E4649B934CA495991B7852B855"
    },
    {
      "Schema": "public",
      "Table": "Fin_ApSettlement",
      "ColumnsMatch": true,
      "ContentMatch": true,
      "ExpectedRows": 0,
      "ActualRows": 0,
      "ExpectedColumnsSha256": "CC911749E5E8FAE6EA888F41B37E1163BD4B77E0B483ACBBB7161E0DC8A2EA65",
      "ActualColumnsSha256": "CC911749E5E8FAE6EA888F41B37E1163BD4B77E0B483ACBBB7161E0DC8A2EA65",
      "ExpectedContentSha256": "E3B0C44298FC1C149AFBF4C8996FB92427AE41E4649B934CA495991B7852B855",
      "ActualContentSha256": "E3B0C44298FC1C149AFBF4C8996FB92427AE41E4649B934CA495991B7852B855"
    },
    {
      "Schema": "public",
      "Table": "Fin_ArInvoice",
      "ColumnsMatch": true,
      "ContentMatch": true,
      "ExpectedRows": 0,
      "ActualRows": 0,
      "ExpectedColumnsSha256": "87EE8D2E36E2FFC588A48F74FB6F09D7C1085ECDA51B6E2A3F3529F6C8E2C00E",
      "ActualColumnsSha256": "87EE8D2E36E2FFC588A48F74FB6F09D7C1085ECDA51B6E2A3F3529F6C8E2C00E",
      "ExpectedContentSha256": "E3B0C44298FC1C149AFBF4C8996FB92427AE41E4649B934CA495991B7852B855",
      "ActualContentSha256": "E3B0C44298FC1C149AFBF4C8996FB92427AE41E4649B934CA495991B7852B855"
    },
    {
      "Schema": "public",
      "Table": "Fin_ArInvoiceLine",
      "ColumnsMatch": true,
      "ContentMatch": true,
      "ExpectedRows": 0,
      "ActualRows": 0,
      "ExpectedColumnsSha256": "DA2BBC6876D47729BCC27E8494C8A14DE691BCAC6FF7B35C260CAF7EAB41DE03",
      "ActualColumnsSha256": "DA2BBC6876D47729BCC27E8494C8A14DE691BCAC6FF7B35C260CAF7EAB41DE03",
      "ExpectedContentSha256": "E3B0C44298FC1C149AFBF4C8996FB92427AE41E4649B934CA495991B7852B855",
      "ActualContentSha256": "E3B0C44298FC1C149AFBF4C8996FB92427AE41E4649B934CA495991B7852B855"
    },
    {
      "Schema": "public",
      "Table": "Fin_ArSettlement",
      "ColumnsMatch": true,
      "ContentMatch": true,
      "ExpectedRows": 0,
      "ActualRows": 0,
      "ExpectedColumnsSha256": "99144249852B41141A71D31E7DFADDFB14AB6C4301EA12593679F8424CA8528D",
      "ActualColumnsSha256": "99144249852B41141A71D31E7DFADDFB14AB6C4301EA12593679F8424CA8528D",
      "ExpectedContentSha256": "E3B0C44298FC1C149AFBF4C8996FB92427AE41E4649B934CA495991B7852B855",
      "ActualContentSha256": "E3B0C44298FC1C149AFBF4C8996FB92427AE41E4649B934CA495991B7852B855"
    },
    {
      "Schema": "public",
      "Table": "Fin_AssetCard",
      "ColumnsMatch": true,
      "ContentMatch": true,
      "ExpectedRows": 0,
      "ActualRows": 0,
      "ExpectedColumnsSha256": "B67EA41415721DF19531493E20D9F342086ABD49DF9441BC6BB73C2CF2D0470B",
      "ActualColumnsSha256": "B67EA41415721DF19531493E20D9F342086ABD49DF9441BC6BB73C2CF2D0470B",
      "ExpectedContentSha256": "E3B0C44298FC1C149AFBF4C8996FB92427AE41E4649B934CA495991B7852B855",
      "ActualContentSha256": "E3B0C44298FC1C149AFBF4C8996FB92427AE41E4649B934CA495991B7852B855"
    },
    {
      "Schema": "public",
      "Table": "Fin_AssetCategory",
      "ColumnsMatch": true,
      "ContentMatch": true,
      "ExpectedRows": 0,
      "ActualRows": 0,
      "ExpectedColumnsSha256": "9351931CCFBE1C07875322C739675914271E2E18AB25C5F76F8715F23DF80143",
      "ActualColumnsSha256": "9351931CCFBE1C07875322C739675914271E2E18AB25C5F76F8715F23DF80143",
      "ExpectedContentSha256": "E3B0C44298FC1C149AFBF4C8996FB92427AE41E4649B934CA495991B7852B855",
      "ActualContentSha256": "E3B0C44298FC1C149AFBF4C8996FB92427AE41E4649B934CA495991B7852B855"
    },
    {
      "Schema": "public",
      "Table": "Fin_AssetDisposal",
      "ColumnsMatch": true,
      "ContentMatch": true,
      "ExpectedRows": 0,
      "ActualRows": 0,
      "ExpectedColumnsSha256": "0168D71C1E11100A62E91B92A4D17AB4581C9A97A70733B1AC8CE33F47DE7D57",
      "ActualColumnsSha256": "0168D71C1E11100A62E91B92A4D17AB4581C9A97A70733B1AC8CE33F47DE7D57",
      "ExpectedContentSha256": "E3B0C44298FC1C149AFBF4C8996FB92427AE41E4649B934CA495991B7852B855",
      "ActualContentSha256": "E3B0C44298FC1C149AFBF4C8996FB92427AE41E4649B934CA495991B7852B855"
    },
    {
      "Schema": "public",
      "Table": "Fin_BankAccount",
      "ColumnsMatch": true,
      "ContentMatch": true,
      "ExpectedRows": 0,
      "ActualRows": 0,
      "ExpectedColumnsSha256": "025CA839485237821D3D2EBF3E369CC861617523679EEC50248BD7CFF9863DF7",
      "ActualColumnsSha256": "025CA839485237821D3D2EBF3E369CC861617523679EEC50248BD7CFF9863DF7",
      "ExpectedContentSha256": "E3B0C44298FC1C149AFBF4C8996FB92427AE41E4649B934CA495991B7852B855",
      "ActualContentSha256": "E3B0C44298FC1C149AFBF4C8996FB92427AE41E4649B934CA495991B7852B855"
    },
    {
      "Schema": "public",
      "Table": "Fin_BankImportProfile",
      "ColumnsMatch": true,
      "ContentMatch": true,
      "ExpectedRows": 0,
      "ActualRows": 0,
      "ExpectedColumnsSha256": "E1CADAFCDF3A2E12C0F77192CA152D448D92F7D3CE9CF238DB4B812EAE62748B",
      "ActualColumnsSha256": "E1CADAFCDF3A2E12C0F77192CA152D448D92F7D3CE9CF238DB4B812EAE62748B",
      "ExpectedContentSha256": "E3B0C44298FC1C149AFBF4C8996FB92427AE41E4649B934CA495991B7852B855",
      "ActualContentSha256": "E3B0C44298FC1C149AFBF4C8996FB92427AE41E4649B934CA495991B7852B855"
    },
    {
      "Schema": "public",
      "Table": "Fin_BankReconJournalLink",
      "ColumnsMatch": true,
      "ContentMatch": true,
      "ExpectedRows": 0,
      "ActualRows": 0,
      "ExpectedColumnsSha256": "56F58FFF22180B7FE730C5FD589D7BEE7FAF13045F9219D5B704295E3CB07C83",
      "ActualColumnsSha256": "56F58FFF22180B7FE730C5FD589D7BEE7FAF13045F9219D5B704295E3CB07C83",
      "ExpectedContentSha256": "E3B0C44298FC1C149AFBF4C8996FB92427AE41E4649B934CA495991B7852B855",
      "ActualContentSha256": "E3B0C44298FC1C149AFBF4C8996FB92427AE41E4649B934CA495991B7852B855"
    },
    {
      "Schema": "public",
      "Table": "Fin_BankReconMatch",
      "ColumnsMatch": true,
      "ContentMatch": true,
      "ExpectedRows": 0,
      "ActualRows": 0,
      "ExpectedColumnsSha256": "78C5BE9E49D0A5499492CB88B1ABD0824A3655165675785479E3154EC77F1227",
      "ActualColumnsSha256": "78C5BE9E49D0A5499492CB88B1ABD0824A3655165675785479E3154EC77F1227",
      "ExpectedContentSha256": "E3B0C44298FC1C149AFBF4C8996FB92427AE41E4649B934CA495991B7852B855",
      "ActualContentSha256": "E3B0C44298FC1C149AFBF4C8996FB92427AE41E4649B934CA495991B7852B855"
    },
    {
      "Schema": "public",
      "Table": "Fin_BankStatement",
      "ColumnsMatch": true,
      "ContentMatch": true,
      "ExpectedRows": 0,
      "ActualRows": 0,
      "ExpectedColumnsSha256": "8F1F536DD4D0458C2B7B61401421D9F664A64713F108542A47F4EE4335F598CC",
      "ActualColumnsSha256": "8F1F536DD4D0458C2B7B61401421D9F664A64713F108542A47F4EE4335F598CC",
      "ExpectedContentSha256": "E3B0C44298FC1C149AFBF4C8996FB92427AE41E4649B934CA495991B7852B855",
      "ActualContentSha256": "E3B0C44298FC1C149AFBF4C8996FB92427AE41E4649B934CA495991B7852B855"
    },
    {
      "Schema": "public",
      "Table": "Fin_BankStatementLine",
      "ColumnsMatch": true,
      "ContentMatch": true,
      "ExpectedRows": 0,
      "ActualRows": 0,
      "ExpectedColumnsSha256": "7D3D636BFA9289894F806C39166697C280B16BC6963EFE242E11B7EE172992B4",
      "ActualColumnsSha256": "7D3D636BFA9289894F806C39166697C280B16BC6963EFE242E11B7EE172992B4",
      "ExpectedContentSha256": "E3B0C44298FC1C149AFBF4C8996FB92427AE41E4649B934CA495991B7852B855",
      "ActualContentSha256": "E3B0C44298FC1C149AFBF4C8996FB92427AE41E4649B934CA495991B7852B855"
    },
    {
      "Schema": "public",
      "Table": "Fin_Budget",
      "ColumnsMatch": true,
      "ContentMatch": true,
      "ExpectedRows": 0,
      "ActualRows": 0,
      "ExpectedColumnsSha256": "66880CF48A03AD26E5E2FC20F5B7A7525F1DD883F64A1F554435B6FB4D3D4CA6",
      "ActualColumnsSha256": "66880CF48A03AD26E5E2FC20F5B7A7525F1DD883F64A1F554435B6FB4D3D4CA6",
      "ExpectedContentSha256": "E3B0C44298FC1C149AFBF4C8996FB92427AE41E4649B934CA495991B7852B855",
      "ActualContentSha256": "E3B0C44298FC1C149AFBF4C8996FB92427AE41E4649B934CA495991B7852B855"
    },
    {
      "Schema": "public",
      "Table": "Fin_BudgetLine",
      "ColumnsMatch": true,
      "ContentMatch": true,
      "ExpectedRows": 0,
      "ActualRows": 0,
      "ExpectedColumnsSha256": "78ECF3D3E3C5B65C0F83796DDFABABAEBE3AF763F55A4F4647E7D8171F0D8439",
      "ActualColumnsSha256": "78ECF3D3E3C5B65C0F83796DDFABABAEBE3AF763F55A4F4647E7D8171F0D8439",
      "ExpectedContentSha256": "E3B0C44298FC1C149AFBF4C8996FB92427AE41E4649B934CA495991B7852B855",
      "ActualContentSha256": "E3B0C44298FC1C149AFBF4C8996FB92427AE41E4649B934CA495991B7852B855"
    },
    {
      "Schema": "public",
      "Table": "Fin_BudgetLinePeriod",
      "ColumnsMatch": true,
      "ContentMatch": true,
      "ExpectedRows": 0,
      "ActualRows": 0,
      "ExpectedColumnsSha256": "C28B13519C05591ADB4F6127A9608EAFCA3115A9CEEA3CB8788E7566DF92709C",
      "ActualColumnsSha256": "C28B13519C05591ADB4F6127A9608EAFCA3115A9CEEA3CB8788E7566DF92709C",
      "ExpectedContentSha256": "E3B0C44298FC1C149AFBF4C8996FB92427AE41E4649B934CA495991B7852B855",
      "ActualContentSha256": "E3B0C44298FC1C149AFBF4C8996FB92427AE41E4649B934CA495991B7852B855"
    },
    {
      "Schema": "public",
      "Table": "Fin_BudgetVersion",
      "ColumnsMatch": true,
      "ContentMatch": true,
      "ExpectedRows": 0,
      "ActualRows": 0,
      "ExpectedColumnsSha256": "6F435F9455A02D5D11BF55E902E6CE4974524BC5676EFEFB46467A4FE2C579E4",
      "ActualColumnsSha256": "6F435F9455A02D5D11BF55E902E6CE4974524BC5676EFEFB46467A4FE2C579E4",
      "ExpectedContentSha256": "E3B0C44298FC1C149AFBF4C8996FB92427AE41E4649B934CA495991B7852B855",
      "ActualContentSha256": "E3B0C44298FC1C149AFBF4C8996FB92427AE41E4649B934CA495991B7852B855"
    },
    {
      "Schema": "public",
      "Table": "Fin_CostCenter",
      "ColumnsMatch": true,
      "ContentMatch": true,
      "ExpectedRows": 0,
      "ActualRows": 0,
      "ExpectedColumnsSha256": "6221A5B4745D6C29B9F6EC7BE4DAD3C37B38AAD8A04E2C2E5CA3B21723B2EAC0",
      "ActualColumnsSha256": "6221A5B4745D6C29B9F6EC7BE4DAD3C37B38AAD8A04E2C2E5CA3B21723B2EAC0",
      "ExpectedContentSha256": "E3B0C44298FC1C149AFBF4C8996FB92427AE41E4649B934CA495991B7852B855",
      "ActualContentSha256": "E3B0C44298FC1C149AFBF4C8996FB92427AE41E4649B934CA495991B7852B855"
    },
    {
      "Schema": "public",
      "Table": "Fin_CostSheet",
      "ColumnsMatch": true,
      "ContentMatch": true,
      "ExpectedRows": 0,
      "ActualRows": 0,
      "ExpectedColumnsSha256": "641D8FA41BF4ED0A1A5F8262EA5B001BDA4EEB7B7FC9D57EC16D9E9A81D3C0EF",
      "ActualColumnsSha256": "641D8FA41BF4ED0A1A5F8262EA5B001BDA4EEB7B7FC9D57EC16D9E9A81D3C0EF",
      "ExpectedContentSha256": "E3B0C44298FC1C149AFBF4C8996FB92427AE41E4649B934CA495991B7852B855",
      "ActualContentSha256": "E3B0C44298FC1C149AFBF4C8996FB92427AE41E4649B934CA495991B7852B855"
    },
    {
      "Schema": "public",
      "Table": "Fin_CostSheetLine",
      "ColumnsMatch": true,
      "ContentMatch": true,
      "ExpectedRows": 0,
      "ActualRows": 0,
      "ExpectedColumnsSha256": "75E5EB430E29BDB1EB90D76EE160B94B3A90E34AE573DCAA6B3FC6BE0EE3A5D9",
      "ActualColumnsSha256": "75E5EB430E29BDB1EB90D76EE160B94B3A90E34AE573DCAA6B3FC6BE0EE3A5D9",
      "ExpectedContentSha256": "E3B0C44298FC1C149AFBF4C8996FB92427AE41E4649B934CA495991B7852B855",
      "ActualContentSha256": "E3B0C44298FC1C149AFBF4C8996FB92427AE41E4649B934CA495991B7852B855"
    },
    {
      "Schema": "public",
      "Table": "Fin_DepreciationEntry",
      "ColumnsMatch": true,
      "ContentMatch": true,
      "ExpectedRows": 0,
      "ActualRows": 0,
      "ExpectedColumnsSha256": "223E70D134E557C11C96A49CA6E5FA9A2096F38577CCA0AFEFFDB1DD481A3D5B",
      "ActualColumnsSha256": "223E70D134E557C11C96A49CA6E5FA9A2096F38577CCA0AFEFFDB1DD481A3D5B",
      "ExpectedContentSha256": "E3B0C44298FC1C149AFBF4C8996FB92427AE41E4649B934CA495991B7852B855",
      "ActualContentSha256": "E3B0C44298FC1C149AFBF4C8996FB92427AE41E4649B934CA495991B7852B855"
    },
    {
      "Schema": "public",
      "Table": "Fin_DepreciationRun",
      "ColumnsMatch": true,
      "ContentMatch": true,
      "ExpectedRows": 0,
      "ActualRows": 0,
      "ExpectedColumnsSha256": "91425F97155EF41B7B1CE78B5D001F2804C46937602B779123524814C7C3F3E4",
      "ActualColumnsSha256": "91425F97155EF41B7B1CE78B5D001F2804C46937602B779123524814C7C3F3E4",
      "ExpectedContentSha256": "E3B0C44298FC1C149AFBF4C8996FB92427AE41E4649B934CA495991B7852B855",
      "ActualContentSha256": "E3B0C44298FC1C149AFBF4C8996FB92427AE41E4649B934CA495991B7852B855"
    },
    {
      "Schema": "public",
      "Table": "Fin_FiscalPeriod",
      "ColumnsMatch": true,
      "ContentMatch": true,
      "ExpectedRows": 0,
      "ActualRows": 0,
      "ExpectedColumnsSha256": "CD4DD039B6A2A44C6A8F22E7D139D06167B5DEDFB3810B137BC97A51A9BBDE95",
      "ActualColumnsSha256": "CD4DD039B6A2A44C6A8F22E7D139D06167B5DEDFB3810B137BC97A51A9BBDE95",
      "ExpectedContentSha256": "E3B0C44298FC1C149AFBF4C8996FB92427AE41E4649B934CA495991B7852B855",
      "ActualContentSha256": "E3B0C44298FC1C149AFBF4C8996FB92427AE41E4649B934CA495991B7852B855"
    },
    {
      "Schema": "public",
      "Table": "Fin_GlAccount",
      "ColumnsMatch": true,
      "ContentMatch": true,
      "ExpectedRows": 0,
      "ActualRows": 0,
      "ExpectedColumnsSha256": "35C95B5D43722D291DF56F9EC583A82C29477493797D944BC04B9B644DE4C2B9",
      "ActualColumnsSha256": "35C95B5D43722D291DF56F9EC583A82C29477493797D944BC04B9B644DE4C2B9",
      "ExpectedContentSha256": "E3B0C44298FC1C149AFBF4C8996FB92427AE41E4649B934CA495991B7852B855",
      "ActualContentSha256": "E3B0C44298FC1C149AFBF4C8996FB92427AE41E4649B934CA495991B7852B855"
    },
    {
      "Schema": "public",
      "Table": "Fin_JournalEntry",
      "ColumnsMatch": true,
      "ContentMatch": true,
      "ExpectedRows": 0,
      "ActualRows": 0,
      "ExpectedColumnsSha256": "076188721E9CBE7A29FEFDB7C12BAC158F2A22E4B8648D05302498B7845C3523",
      "ActualColumnsSha256": "076188721E9CBE7A29FEFDB7C12BAC158F2A22E4B8648D05302498B7845C3523",
      "ExpectedContentSha256": "E3B0C44298FC1C149AFBF4C8996FB92427AE41E4649B934CA495991B7852B855",
      "ActualContentSha256": "E3B0C44298FC1C149AFBF4C8996FB92427AE41E4649B934CA495991B7852B855"
    },
    {
      "Schema": "public",
      "Table": "Fin_JournalLine",
      "ColumnsMatch": true,
      "ContentMatch": true,
      "ExpectedRows": 0,
      "ActualRows": 0,
      "ExpectedColumnsSha256": "888F6C0D59615CDB04CC887D141E156FDADBBCA453590E094D1882B9FC8CB42A",
      "ActualColumnsSha256": "888F6C0D59615CDB04CC887D141E156FDADBBCA453590E094D1882B9FC8CB42A",
      "ExpectedContentSha256": "E3B0C44298FC1C149AFBF4C8996FB92427AE41E4649B934CA495991B7852B855",
      "ActualContentSha256": "E3B0C44298FC1C149AFBF4C8996FB92427AE41E4649B934CA495991B7852B855"
    },
    {
      "Schema": "public",
      "Table": "Fin_Payment",
      "ColumnsMatch": true,
      "ContentMatch": true,
      "ExpectedRows": 0,
      "ActualRows": 0,
      "ExpectedColumnsSha256": "81FCE94DB282B80320E8E492E3FBC9FD3008A2A62C865EB82F5216CB09BD7217",
      "ActualColumnsSha256": "81FCE94DB282B80320E8E492E3FBC9FD3008A2A62C865EB82F5216CB09BD7217",
      "ExpectedContentSha256": "E3B0C44298FC1C149AFBF4C8996FB92427AE41E4649B934CA495991B7852B855",
      "ActualContentSha256": "E3B0C44298FC1C149AFBF4C8996FB92427AE41E4649B934CA495991B7852B855"
    },
    {
      "Schema": "public",
      "Table": "Fin_PostingRule",
      "ColumnsMatch": true,
      "ContentMatch": true,
      "ExpectedRows": 15,
      "ActualRows": 15,
      "ExpectedColumnsSha256": "CDEDA97A87353598161FF6A23B06885237065DE6717E1D2585F0748DFD660276",
      "ActualColumnsSha256": "CDEDA97A87353598161FF6A23B06885237065DE6717E1D2585F0748DFD660276",
      "ExpectedContentSha256": "38872E5C513161B42C19844DA28E53B16EF4A05DBEB0C1F8A7296A7193A8A6C0",
      "ActualContentSha256": "38872E5C513161B42C19844DA28E53B16EF4A05DBEB0C1F8A7296A7193A8A6C0"
    },
    {
      "Schema": "public",
      "Table": "Fin_PostingRuleLine",
      "ColumnsMatch": true,
      "ContentMatch": true,
      "ExpectedRows": 34,
      "ActualRows": 34,
      "ExpectedColumnsSha256": "9B6B8BEF64241C4EDE0F6453FEAEB08E5BEBFC804F40052B6C8362D2F2EE2725",
      "ActualColumnsSha256": "9B6B8BEF64241C4EDE0F6453FEAEB08E5BEBFC804F40052B6C8362D2F2EE2725",
      "ExpectedContentSha256": "1FF5FE37D62851C0B24DB53B638342D95189F79F147A9A3DE17B1A05BECC016A",
      "ActualContentSha256": "1FF5FE37D62851C0B24DB53B638342D95189F79F147A9A3DE17B1A05BECC016A"
    },
    {
      "Schema": "public",
      "Table": "Fin_Receipt",
      "ColumnsMatch": true,
      "ContentMatch": true,
      "ExpectedRows": 0,
      "ActualRows": 0,
      "ExpectedColumnsSha256": "759D44D0BB6066FC2565CE940E0DB56F3F5ED65A1BD2B50B27752E7926DFD6B7",
      "ActualColumnsSha256": "759D44D0BB6066FC2565CE940E0DB56F3F5ED65A1BD2B50B27752E7926DFD6B7",
      "ExpectedContentSha256": "E3B0C44298FC1C149AFBF4C8996FB92427AE41E4649B934CA495991B7852B855",
      "ActualContentSha256": "E3B0C44298FC1C149AFBF4C8996FB92427AE41E4649B934CA495991B7852B855"
    },
    {
      "Schema": "public",
      "Table": "Fin_Sequence",
      "ColumnsMatch": true,
      "ContentMatch": true,
      "ExpectedRows": 0,
      "ActualRows": 0,
      "ExpectedColumnsSha256": "329E575FCF3FC0B1945FAA4D3FF92B979F54C5E2F5362CE3FAC689A3EA25EEFD",
      "ActualColumnsSha256": "329E575FCF3FC0B1945FAA4D3FF92B979F54C5E2F5362CE3FAC689A3EA25EEFD",
      "ExpectedContentSha256": "E3B0C44298FC1C149AFBF4C8996FB92427AE41E4649B934CA495991B7852B855",
      "ActualContentSha256": "E3B0C44298FC1C149AFBF4C8996FB92427AE41E4649B934CA495991B7852B855"
    },
    {
      "Schema": "public",
      "Table": "Fin_TaxCode",
      "ColumnsMatch": true,
      "ContentMatch": true,
      "ExpectedRows": 0,
      "ActualRows": 0,
      "ExpectedColumnsSha256": "F7A37500C9CEF80DC8108FC077A2B3D0F244CB6BAD95CB1E3E753DE61FD379D3",
      "ActualColumnsSha256": "F7A37500C9CEF80DC8108FC077A2B3D0F244CB6BAD95CB1E3E753DE61FD379D3",
      "ExpectedContentSha256": "E3B0C44298FC1C149AFBF4C8996FB92427AE41E4649B934CA495991B7852B855",
      "ActualContentSha256": "E3B0C44298FC1C149AFBF4C8996FB92427AE41E4649B934CA495991B7852B855"
    },
    {
      "Schema": "public",
      "Table": "M_Base",
      "ColumnsMatch": true,
      "ContentMatch": true,
      "ExpectedRows": 3,
      "ActualRows": 3,
      "ExpectedColumnsSha256": "838F50BCF8D44DF8E7EEFE3FD4B53C57813134098E859B3C65F228DC34E1C4F2",
      "ActualColumnsSha256": "838F50BCF8D44DF8E7EEFE3FD4B53C57813134098E859B3C65F228DC34E1C4F2",
      "ExpectedContentSha256": "9058AB32D5F2748734781D9FA5B6356A9ED31742A6C4B8CE2B4CD527B3DEC241",
      "ActualContentSha256": "9058AB32D5F2748734781D9FA5B6356A9ED31742A6C4B8CE2B4CD527B3DEC241"
    },
    {
      "Schema": "public",
      "Table": "M_DefectCategory",
      "ColumnsMatch": true,
      "ContentMatch": true,
      "ExpectedRows": 25,
      "ActualRows": 25,
      "ExpectedColumnsSha256": "D8F409D3E56BFC790CBB8792A3624E11B064296B0951DD4F921F839389D39145",
      "ActualColumnsSha256": "D8F409D3E56BFC790CBB8792A3624E11B064296B0951DD4F921F839389D39145",
      "ExpectedContentSha256": "A507AF59DA5FBF3B4AFC5600308AA375F075B02BE68C6E8686F29AB5138149B6",
      "ActualContentSha256": "A507AF59DA5FBF3B4AFC5600308AA375F075B02BE68C6E8686F29AB5138149B6"
    },
    {
      "Schema": "public",
      "Table": "M_GenericCode",
      "ColumnsMatch": true,
      "ContentMatch": true,
      "ExpectedRows": 59,
      "ActualRows": 59,
      "ExpectedColumnsSha256": "E257D485245FF2ED4041FDFA585734CA835DD2E4C9761171453C4AEB0F39FA69",
      "ActualColumnsSha256": "E257D485245FF2ED4041FDFA585734CA835DD2E4C9761171453C4AEB0F39FA69",
      "ExpectedContentSha256": "A9E4EAF96A3C605B9E0A61AFACC9F0BD9450A5079C863EF9E6C196925BCE1D56",
      "ActualContentSha256": "A9E4EAF96A3C605B9E0A61AFACC9F0BD9450A5079C863EF9E6C196925BCE1D56"
    },
    {
      "Schema": "public",
      "Table": "M_InspectionTemplate",
      "ColumnsMatch": true,
      "ContentMatch": true,
      "ExpectedRows": 0,
      "ActualRows": 0,
      "ExpectedColumnsSha256": "017229DD0D9BF89EEA6BF3F7C062E24EA8BA9AE36FC80EB9842F3B8C12FC1110",
      "ActualColumnsSha256": "017229DD0D9BF89EEA6BF3F7C062E24EA8BA9AE36FC80EB9842F3B8C12FC1110",
      "ExpectedContentSha256": "E3B0C44298FC1C149AFBF4C8996FB92427AE41E4649B934CA495991B7852B855",
      "ActualContentSha256": "E3B0C44298FC1C149AFBF4C8996FB92427AE41E4649B934CA495991B7852B855"
    },
    {
      "Schema": "public",
      "Table": "M_Machine",
      "ColumnsMatch": true,
      "ContentMatch": true,
      "ExpectedRows": 6,
      "ActualRows": 6,
      "ExpectedColumnsSha256": "DDEBB491C65C46AB5A3366C55F0F8D56A419F4156F53E01D6A527214C95E22E3",
      "ActualColumnsSha256": "DDEBB491C65C46AB5A3366C55F0F8D56A419F4156F53E01D6A527214C95E22E3",
      "ExpectedContentSha256": "B91BB03DE1E66370F1E2A6848345A074147534A7DC25D47D5192DF84E1F10C5F",
      "ActualContentSha256": "B91BB03DE1E66370F1E2A6848345A074147534A7DC25D47D5192DF84E1F10C5F"
    },
    {
      "Schema": "public",
      "Table": "M_Staff",
      "ColumnsMatch": true,
      "ContentMatch": true,
      "ExpectedRows": 4,
      "ActualRows": 4,
      "ExpectedColumnsSha256": "ACDEF6237679115BC8A69EE69812A808223E17344928B6D2B80996E86B459337",
      "ActualColumnsSha256": "ACDEF6237679115BC8A69EE69812A808223E17344928B6D2B80996E86B459337",
      "ExpectedContentSha256": "403FF5BAE2831415727DABC39F4719DD22DAD40A8BC17A7C63F0A3CD2104CC18",
      "ActualContentSha256": "403FF5BAE2831415727DABC39F4719DD22DAD40A8BC17A7C63F0A3CD2104CC18"
    },
    {
      "Schema": "public",
      "Table": "Plan_ItemPlanningPolicy",
      "ColumnsMatch": true,
      "ContentMatch": true,
      "ExpectedRows": 0,
      "ActualRows": 0,
      "ExpectedColumnsSha256": "EE906F3C7BB297E45D8042A35A00293250260D415BF120F1A14122B54122CE2C",
      "ActualColumnsSha256": "EE906F3C7BB297E45D8042A35A00293250260D415BF120F1A14122B54122CE2C",
      "ExpectedContentSha256": "E3B0C44298FC1C149AFBF4C8996FB92427AE41E4649B934CA495991B7852B855",
      "ActualContentSha256": "E3B0C44298FC1C149AFBF4C8996FB92427AE41E4649B934CA495991B7852B855"
    },
    {
      "Schema": "public",
      "Table": "Plan_MrpRun",
      "ColumnsMatch": true,
      "ContentMatch": true,
      "ExpectedRows": 0,
      "ActualRows": 0,
      "ExpectedColumnsSha256": "E9B2C3538C55F332AAE6F99A992B3DF15DA5D570FBEE5E8F319311215B695EB6",
      "ActualColumnsSha256": "E9B2C3538C55F332AAE6F99A992B3DF15DA5D570FBEE5E8F319311215B695EB6",
      "ExpectedContentSha256": "E3B0C44298FC1C149AFBF4C8996FB92427AE41E4649B934CA495991B7852B855",
      "ActualContentSha256": "E3B0C44298FC1C149AFBF4C8996FB92427AE41E4649B934CA495991B7852B855"
    },
    {
      "Schema": "public",
      "Table": "Plan_NetRequirement",
      "ColumnsMatch": true,
      "ContentMatch": true,
      "ExpectedRows": 0,
      "ActualRows": 0,
      "ExpectedColumnsSha256": "75335F9C1FBDD292D285900AB2F2EA41F9425D0B0512F8FBE6656EBF39A0D3A3",
      "ActualColumnsSha256": "75335F9C1FBDD292D285900AB2F2EA41F9425D0B0512F8FBE6656EBF39A0D3A3",
      "ExpectedContentSha256": "E3B0C44298FC1C149AFBF4C8996FB92427AE41E4649B934CA495991B7852B855",
      "ActualContentSha256": "E3B0C44298FC1C149AFBF4C8996FB92427AE41E4649B934CA495991B7852B855"
    },
    {
      "Schema": "public",
      "Table": "Plan_Pegging",
      "ColumnsMatch": true,
      "ContentMatch": true,
      "ExpectedRows": 0,
      "ActualRows": 0,
      "ExpectedColumnsSha256": "CF19A13B5DBE356F2DC1E0789ECDCFF59AA1B7D48D7848A292128613B2082D77",
      "ActualColumnsSha256": "CF19A13B5DBE356F2DC1E0789ECDCFF59AA1B7D48D7848A292128613B2082D77",
      "ExpectedContentSha256": "E3B0C44298FC1C149AFBF4C8996FB92427AE41E4649B934CA495991B7852B855",
      "ActualContentSha256": "E3B0C44298FC1C149AFBF4C8996FB92427AE41E4649B934CA495991B7852B855"
    },
    {
      "Schema": "public",
      "Table": "Plan_PlannedOrder",
      "ColumnsMatch": true,
      "ContentMatch": true,
      "ExpectedRows": 0,
      "ActualRows": 0,
      "ExpectedColumnsSha256": "1DBA0DD5AA016198A7108FC989A69AC179FFD34E1601664AC20703C5ECB00507",
      "ActualColumnsSha256": "1DBA0DD5AA016198A7108FC989A69AC179FFD34E1601664AC20703C5ECB00507",
      "ExpectedContentSha256": "E3B0C44298FC1C149AFBF4C8996FB92427AE41E4649B934CA495991B7852B855",
      "ActualContentSha256": "E3B0C44298FC1C149AFBF4C8996FB92427AE41E4649B934CA495991B7852B855"
    },
    {
      "Schema": "public",
      "Table": "Pub_Attachment",
      "ColumnsMatch": true,
      "ContentMatch": true,
      "ExpectedRows": 0,
      "ActualRows": 0,
      "ExpectedColumnsSha256": "10431DBA26EF3BB234C9D28C38E03F961DFC9BEAA92BA9CFD7B6601677928BBC",
      "ActualColumnsSha256": "10431DBA26EF3BB234C9D28C38E03F961DFC9BEAA92BA9CFD7B6601677928BBC",
      "ExpectedContentSha256": "E3B0C44298FC1C149AFBF4C8996FB92427AE41E4649B934CA495991B7852B855",
      "ActualContentSha256": "E3B0C44298FC1C149AFBF4C8996FB92427AE41E4649B934CA495991B7852B855"
    },
    {
      "Schema": "public",
      "Table": "Pub_DocSequence",
      "ColumnsMatch": true,
      "ContentMatch": true,
      "ExpectedRows": 0,
      "ActualRows": 0,
      "ExpectedColumnsSha256": "A7BA9E538D9C9019DDF6BB9FC8229EA97982B892CD9AD6DA29633240A55016E6",
      "ActualColumnsSha256": "A7BA9E538D9C9019DDF6BB9FC8229EA97982B892CD9AD6DA29633240A55016E6",
      "ExpectedContentSha256": "E3B0C44298FC1C149AFBF4C8996FB92427AE41E4649B934CA495991B7852B855",
      "ActualContentSha256": "E3B0C44298FC1C149AFBF4C8996FB92427AE41E4649B934CA495991B7852B855"
    },
    {
      "Schema": "public",
      "Table": "Pub_GenColumn",
      "ColumnsMatch": true,
      "ContentMatch": true,
      "ExpectedRows": 0,
      "ActualRows": 0,
      "ExpectedColumnsSha256": "595ED2BDFD802A8D1D6291466AD89B31CAE71462297D36BE2DE78F1E3AAD5F42",
      "ActualColumnsSha256": "595ED2BDFD802A8D1D6291466AD89B31CAE71462297D36BE2DE78F1E3AAD5F42",
      "ExpectedContentSha256": "E3B0C44298FC1C149AFBF4C8996FB92427AE41E4649B934CA495991B7852B855",
      "ActualContentSha256": "E3B0C44298FC1C149AFBF4C8996FB92427AE41E4649B934CA495991B7852B855"
    },
    {
      "Schema": "public",
      "Table": "Pub_GenTable",
      "ColumnsMatch": true,
      "ContentMatch": true,
      "ExpectedRows": 0,
      "ActualRows": 0,
      "ExpectedColumnsSha256": "CA685606C011F8427916CE85C91EAEA681D1F77EE8726B54D1E95254EB70867F",
      "ActualColumnsSha256": "CA685606C011F8427916CE85C91EAEA681D1F77EE8726B54D1E95254EB70867F",
      "ExpectedContentSha256": "E3B0C44298FC1C149AFBF4C8996FB92427AE41E4649B934CA495991B7852B855",
      "ActualContentSha256": "E3B0C44298FC1C149AFBF4C8996FB92427AE41E4649B934CA495991B7852B855"
    },
    {
      "Schema": "public",
      "Table": "Pur_GoodsReceipt",
      "ColumnsMatch": true,
      "ContentMatch": true,
      "ExpectedRows": 0,
      "ActualRows": 0,
      "ExpectedColumnsSha256": "B1A320A647ECC69F53666F54D1B4AD7D28738B8C23449289C67090558CB23F12",
      "ActualColumnsSha256": "B1A320A647ECC69F53666F54D1B4AD7D28738B8C23449289C67090558CB23F12",
      "ExpectedContentSha256": "E3B0C44298FC1C149AFBF4C8996FB92427AE41E4649B934CA495991B7852B855",
      "ActualContentSha256": "E3B0C44298FC1C149AFBF4C8996FB92427AE41E4649B934CA495991B7852B855"
    },
    {
      "Schema": "public",
      "Table": "Pur_GoodsReceiptLine",
      "ColumnsMatch": true,
      "ContentMatch": true,
      "ExpectedRows": 0,
      "ActualRows": 0,
      "ExpectedColumnsSha256": "B042127A8DDB6078A16784C5B75183EF7BC9F53DADC454EFBA56EA121798FF30",
      "ActualColumnsSha256": "B042127A8DDB6078A16784C5B75183EF7BC9F53DADC454EFBA56EA121798FF30",
      "ExpectedContentSha256": "E3B0C44298FC1C149AFBF4C8996FB92427AE41E4649B934CA495991B7852B855",
      "ActualContentSha256": "E3B0C44298FC1C149AFBF4C8996FB92427AE41E4649B934CA495991B7852B855"
    },
    {
      "Schema": "public",
      "Table": "Pur_MatchTolerance",
      "ColumnsMatch": true,
      "ContentMatch": true,
      "ExpectedRows": 0,
      "ActualRows": 0,
      "ExpectedColumnsSha256": "3CC1EE79AE779866C7D0561E577F2510729F658491EC850D8244B7ADBBE42C95",
      "ActualColumnsSha256": "3CC1EE79AE779866C7D0561E577F2510729F658491EC850D8244B7ADBBE42C95",
      "ExpectedContentSha256": "E3B0C44298FC1C149AFBF4C8996FB92427AE41E4649B934CA495991B7852B855",
      "ActualContentSha256": "E3B0C44298FC1C149AFBF4C8996FB92427AE41E4649B934CA495991B7852B855"
    },
    {
      "Schema": "public",
      "Table": "Pur_PoConsignMaterial",
      "ColumnsMatch": true,
      "ContentMatch": true,
      "ExpectedRows": 0,
      "ActualRows": 0,
      "ExpectedColumnsSha256": "F5994ABE25C2EA52A8B620DCA6652721802A1F44E6072CC9581680C21B16B6D9",
      "ActualColumnsSha256": "F5994ABE25C2EA52A8B620DCA6652721802A1F44E6072CC9581680C21B16B6D9",
      "ExpectedContentSha256": "E3B0C44298FC1C149AFBF4C8996FB92427AE41E4649B934CA495991B7852B855",
      "ActualContentSha256": "E3B0C44298FC1C149AFBF4C8996FB92427AE41E4649B934CA495991B7852B855"
    },
    {
      "Schema": "public",
      "Table": "Pur_PurchaseOrder",
      "ColumnsMatch": true,
      "ContentMatch": true,
      "ExpectedRows": 0,
      "ActualRows": 0,
      "ExpectedColumnsSha256": "8DCC9D5A35673F67DB3788D703823CB2F662A1EF1D80BA672BE32DCE211334A8",
      "ActualColumnsSha256": "8DCC9D5A35673F67DB3788D703823CB2F662A1EF1D80BA672BE32DCE211334A8",
      "ExpectedContentSha256": "E3B0C44298FC1C149AFBF4C8996FB92427AE41E4649B934CA495991B7852B855",
      "ActualContentSha256": "E3B0C44298FC1C149AFBF4C8996FB92427AE41E4649B934CA495991B7852B855"
    },
    {
      "Schema": "public",
      "Table": "Pur_PurchaseOrderLine",
      "ColumnsMatch": true,
      "ContentMatch": true,
      "ExpectedRows": 0,
      "ActualRows": 0,
      "ExpectedColumnsSha256": "C3387A28CCD42334118860629430025ADB95FDBC12E7686F4874D56AFB3B3A00",
      "ActualColumnsSha256": "C3387A28CCD42334118860629430025ADB95FDBC12E7686F4874D56AFB3B3A00",
      "ExpectedContentSha256": "E3B0C44298FC1C149AFBF4C8996FB92427AE41E4649B934CA495991B7852B855",
      "ActualContentSha256": "E3B0C44298FC1C149AFBF4C8996FB92427AE41E4649B934CA495991B7852B855"
    },
    {
      "Schema": "public",
      "Table": "Pur_PurchaseRequest",
      "ColumnsMatch": true,
      "ContentMatch": true,
      "ExpectedRows": 0,
      "ActualRows": 0,
      "ExpectedColumnsSha256": "362E797C144D9A09041525E6B35EB68C616BE4689B68BE19532E09F0B8427A48",
      "ActualColumnsSha256": "362E797C144D9A09041525E6B35EB68C616BE4689B68BE19532E09F0B8427A48",
      "ExpectedContentSha256": "E3B0C44298FC1C149AFBF4C8996FB92427AE41E4649B934CA495991B7852B855",
      "ActualContentSha256": "E3B0C44298FC1C149AFBF4C8996FB92427AE41E4649B934CA495991B7852B855"
    },
    {
      "Schema": "public",
      "Table": "Pur_PurchaseRequestLine",
      "ColumnsMatch": true,
      "ContentMatch": true,
      "ExpectedRows": 0,
      "ActualRows": 0,
      "ExpectedColumnsSha256": "9047D2D59913E4B73992F1FECB663969975A25A23BE516962BE21DD6C38171B2",
      "ActualColumnsSha256": "9047D2D59913E4B73992F1FECB663969975A25A23BE516962BE21DD6C38171B2",
      "ExpectedContentSha256": "E3B0C44298FC1C149AFBF4C8996FB92427AE41E4649B934CA495991B7852B855",
      "ActualContentSha256": "E3B0C44298FC1C149AFBF4C8996FB92427AE41E4649B934CA495991B7852B855"
    },
    {
      "Schema": "public",
      "Table": "Pur_Rfq",
      "ColumnsMatch": true,
      "ContentMatch": true,
      "ExpectedRows": 0,
      "ActualRows": 0,
      "ExpectedColumnsSha256": "F9573FFF762E413CB10A61A73FF11BDD58CE5807A29BB8F5B2F747139C81842F",
      "ActualColumnsSha256": "F9573FFF762E413CB10A61A73FF11BDD58CE5807A29BB8F5B2F747139C81842F",
      "ExpectedContentSha256": "E3B0C44298FC1C149AFBF4C8996FB92427AE41E4649B934CA495991B7852B855",
      "ActualContentSha256": "E3B0C44298FC1C149AFBF4C8996FB92427AE41E4649B934CA495991B7852B855"
    },
    {
      "Schema": "public",
      "Table": "Pur_RfqLine",
      "ColumnsMatch": true,
      "ContentMatch": true,
      "ExpectedRows": 0,
      "ActualRows": 0,
      "ExpectedColumnsSha256": "31AADE6826E69FB160CB4492A9F473B7645386555BDA0DB0343CD61659916567",
      "ActualColumnsSha256": "31AADE6826E69FB160CB4492A9F473B7645386555BDA0DB0343CD61659916567",
      "ExpectedContentSha256": "E3B0C44298FC1C149AFBF4C8996FB92427AE41E4649B934CA495991B7852B855",
      "ActualContentSha256": "E3B0C44298FC1C149AFBF4C8996FB92427AE41E4649B934CA495991B7852B855"
    },
    {
      "Schema": "public",
      "Table": "Pur_RfqQuote",
      "ColumnsMatch": true,
      "ContentMatch": true,
      "ExpectedRows": 0,
      "ActualRows": 0,
      "ExpectedColumnsSha256": "B84869B2D010B9EA52ABDA4BF4D6763ABDDBBFB8E0104D1CF8DFC818BF4F8511",
      "ActualColumnsSha256": "B84869B2D010B9EA52ABDA4BF4D6763ABDDBBFB8E0104D1CF8DFC818BF4F8511",
      "ExpectedContentSha256": "E3B0C44298FC1C149AFBF4C8996FB92427AE41E4649B934CA495991B7852B855",
      "ActualContentSha256": "E3B0C44298FC1C149AFBF4C8996FB92427AE41E4649B934CA495991B7852B855"
    },
    {
      "Schema": "public",
      "Table": "Pur_RfqSupplier",
      "ColumnsMatch": true,
      "ContentMatch": true,
      "ExpectedRows": 0,
      "ActualRows": 0,
      "ExpectedColumnsSha256": "10C910E64CBAD79751DDF6EDB759B6C608A5BDD4D6C77CA63F268B0160FA6AF7",
      "ActualColumnsSha256": "10C910E64CBAD79751DDF6EDB759B6C608A5BDD4D6C77CA63F268B0160FA6AF7",
      "ExpectedContentSha256": "E3B0C44298FC1C149AFBF4C8996FB92427AE41E4649B934CA495991B7852B855",
      "ActualContentSha256": "E3B0C44298FC1C149AFBF4C8996FB92427AE41E4649B934CA495991B7852B855"
    },
    {
      "Schema": "public",
      "Table": "Pur_SupplierPrice",
      "ColumnsMatch": true,
      "ContentMatch": true,
      "ExpectedRows": 0,
      "ActualRows": 0,
      "ExpectedColumnsSha256": "65272075D4659B12124EF09AEA283ED816699C2ABF87FBA997821CEC9A897146",
      "ActualColumnsSha256": "65272075D4659B12124EF09AEA283ED816699C2ABF87FBA997821CEC9A897146",
      "ExpectedContentSha256": "E3B0C44298FC1C149AFBF4C8996FB92427AE41E4649B934CA495991B7852B855",
      "ActualContentSha256": "E3B0C44298FC1C149AFBF4C8996FB92427AE41E4649B934CA495991B7852B855"
    },
    {
      "Schema": "public",
      "Table": "Pur_ThreeWayMatch",
      "ColumnsMatch": true,
      "ContentMatch": true,
      "ExpectedRows": 0,
      "ActualRows": 0,
      "ExpectedColumnsSha256": "6AFA67D075F799C8E04C59694FACF040B997347E0FCD4A0E3C99423AC901CABD",
      "ActualColumnsSha256": "6AFA67D075F799C8E04C59694FACF040B997347E0FCD4A0E3C99423AC901CABD",
      "ExpectedContentSha256": "E3B0C44298FC1C149AFBF4C8996FB92427AE41E4649B934CA495991B7852B855",
      "ActualContentSha256": "E3B0C44298FC1C149AFBF4C8996FB92427AE41E4649B934CA495991B7852B855"
    },
    {
      "Schema": "public",
      "Table": "Pur_ThreeWayMatchLine",
      "ColumnsMatch": true,
      "ContentMatch": true,
      "ExpectedRows": 0,
      "ActualRows": 0,
      "ExpectedColumnsSha256": "E63B1410FEC07C362A1619462DF01B61E4CBDEDF734CD60F3A2FF185AAAB0FFF",
      "ActualColumnsSha256": "E63B1410FEC07C362A1619462DF01B61E4CBDEDF734CD60F3A2FF185AAAB0FFF",
      "ExpectedContentSha256": "E3B0C44298FC1C149AFBF4C8996FB92427AE41E4649B934CA495991B7852B855",
      "ActualContentSha256": "E3B0C44298FC1C149AFBF4C8996FB92427AE41E4649B934CA495991B7852B855"
    },
    {
      "Schema": "public",
      "Table": "Space_AbcSnapshot",
      "ColumnsMatch": true,
      "ContentMatch": true,
      "ExpectedRows": 0,
      "ActualRows": 0,
      "ExpectedColumnsSha256": "C5D73A0FB9290507ACEB153ECBAD1E92E0F453222EB0E9A29F9B1B1BEA5CC939",
      "ActualColumnsSha256": "C5D73A0FB9290507ACEB153ECBAD1E92E0F453222EB0E9A29F9B1B1BEA5CC939",
      "ExpectedContentSha256": "E3B0C44298FC1C149AFBF4C8996FB92427AE41E4649B934CA495991B7852B855",
      "ActualContentSha256": "E3B0C44298FC1C149AFBF4C8996FB92427AE41E4649B934CA495991B7852B855"
    },
    {
      "Schema": "public",
      "Table": "Space_AiBudgetReservation",
      "ColumnsMatch": true,
      "ContentMatch": true,
      "ExpectedRows": 0,
      "ActualRows": 0,
      "ExpectedColumnsSha256": "67F3839C8E380C9F5A0A9664D9B6112DC972CADED6477C59A6844AFC8D24AC75",
      "ActualColumnsSha256": "67F3839C8E380C9F5A0A9664D9B6112DC972CADED6477C59A6844AFC8D24AC75",
      "ExpectedContentSha256": "E3B0C44298FC1C149AFBF4C8996FB92427AE41E4649B934CA495991B7852B855",
      "ActualContentSha256": "E3B0C44298FC1C149AFBF4C8996FB92427AE41E4649B934CA495991B7852B855"
    },
    {
      "Schema": "public",
      "Table": "Space_AiTenantPolicy",
      "ColumnsMatch": true,
      "ContentMatch": true,
      "ExpectedRows": 0,
      "ActualRows": 0,
      "ExpectedColumnsSha256": "6779B8DEA50DDFA487AFE2893660B70EEA2AC4E4951A39F3BE8638BEF9FEDB80",
      "ActualColumnsSha256": "6779B8DEA50DDFA487AFE2893660B70EEA2AC4E4951A39F3BE8638BEF9FEDB80",
      "ExpectedContentSha256": "E3B0C44298FC1C149AFBF4C8996FB92427AE41E4649B934CA495991B7852B855",
      "ActualContentSha256": "E3B0C44298FC1C149AFBF4C8996FB92427AE41E4649B934CA495991B7852B855"
    },
    {
      "Schema": "public",
      "Table": "Space_AiUsageRecord",
      "ColumnsMatch": true,
      "ContentMatch": true,
      "ExpectedRows": 0,
      "ActualRows": 0,
      "ExpectedColumnsSha256": "855A07BDD7EA8E052881C4EEB8202831BA3B1703C543A1037E016135E53E9F6E",
      "ActualColumnsSha256": "855A07BDD7EA8E052881C4EEB8202831BA3B1703C543A1037E016135E53E9F6E",
      "ExpectedContentSha256": "E3B0C44298FC1C149AFBF4C8996FB92427AE41E4649B934CA495991B7852B855",
      "ActualContentSha256": "E3B0C44298FC1C149AFBF4C8996FB92427AE41E4649B934CA495991B7852B855"
    },
    {
      "Schema": "public",
      "Table": "Space_Aisle",
      "ColumnsMatch": true,
      "ContentMatch": true,
      "ExpectedRows": 0,
      "ActualRows": 0,
      "ExpectedColumnsSha256": "329D5FEE7CF46B39E5B99F223179DD4A1762985E609B6732BCD57F1E4CAFFFD5",
      "ActualColumnsSha256": "329D5FEE7CF46B39E5B99F223179DD4A1762985E609B6732BCD57F1E4CAFFFD5",
      "ExpectedContentSha256": "E3B0C44298FC1C149AFBF4C8996FB92427AE41E4649B934CA495991B7852B855",
      "ActualContentSha256": "E3B0C44298FC1C149AFBF4C8996FB92427AE41E4649B934CA495991B7852B855"
    },
    {
      "Schema": "public",
      "Table": "Space_AisleRevision",
      "ColumnsMatch": true,
      "ContentMatch": true,
      "ExpectedRows": 0,
      "ActualRows": 0,
      "ExpectedColumnsSha256": "CCEF610C8A098CC46EC6F3B9CA771CAD1F155F0D995428F665948B76DAFC8A31",
      "ActualColumnsSha256": "CCEF610C8A098CC46EC6F3B9CA771CAD1F155F0D995428F665948B76DAFC8A31",
      "ExpectedContentSha256": "E3B0C44298FC1C149AFBF4C8996FB92427AE41E4649B934CA495991B7852B855",
      "ActualContentSha256": "E3B0C44298FC1C149AFBF4C8996FB92427AE41E4649B934CA495991B7852B855"
    },
    {
      "Schema": "public",
      "Table": "Space_AnalyticsConfig",
      "ColumnsMatch": true,
      "ContentMatch": true,
      "ExpectedRows": 0,
      "ActualRows": 0,
      "ExpectedColumnsSha256": "86F19DAA5D32E9287BD072E6914AC77E15099870CD9D265EEB2E14B34C5CC18E",
      "ActualColumnsSha256": "86F19DAA5D32E9287BD072E6914AC77E15099870CD9D265EEB2E14B34C5CC18E",
      "ExpectedContentSha256": "E3B0C44298FC1C149AFBF4C8996FB92427AE41E4649B934CA495991B7852B855",
      "ActualContentSha256": "E3B0C44298FC1C149AFBF4C8996FB92427AE41E4649B934CA495991B7852B855"
    },
    {
      "Schema": "public",
      "Table": "Space_Artifact",
      "ColumnsMatch": true,
      "ContentMatch": true,
      "ExpectedRows": 0,
      "ActualRows": 0,
      "ExpectedColumnsSha256": "6155096522F85572736A5BBCC59B39990D9C6EB1A8B9EDE9BA17596D5A79E8E3",
      "ActualColumnsSha256": "6155096522F85572736A5BBCC59B39990D9C6EB1A8B9EDE9BA17596D5A79E8E3",
      "ExpectedContentSha256": "E3B0C44298FC1C149AFBF4C8996FB92427AE41E4649B934CA495991B7852B855",
      "ActualContentSha256": "E3B0C44298FC1C149AFBF4C8996FB92427AE41E4649B934CA495991B7852B855"
    },
    {
      "Schema": "public",
      "Table": "Space_Asset",
      "ColumnsMatch": true,
      "ContentMatch": true,
      "ExpectedRows": 2,
      "ActualRows": 2,
      "ExpectedColumnsSha256": "839E364E04ECD191D9450A220E16A7D07C19028390C97083B33A915ECAE8FA82",
      "ActualColumnsSha256": "839E364E04ECD191D9450A220E16A7D07C19028390C97083B33A915ECAE8FA82",
      "ExpectedContentSha256": "85C8DB872F4727570685099DA4CE25D5971A421A1C442345537D9C98B7542739",
      "ActualContentSha256": "85C8DB872F4727570685099DA4CE25D5971A421A1C442345537D9C98B7542739"
    },
    {
      "Schema": "public",
      "Table": "Space_AssetVersion",
      "ColumnsMatch": true,
      "ContentMatch": true,
      "ExpectedRows": 2,
      "ActualRows": 2,
      "ExpectedColumnsSha256": "86E7F8BC218EEDF7374947C053C6D741B97B95DCF646F00A0BEABB0EB2C473EA",
      "ActualColumnsSha256": "86E7F8BC218EEDF7374947C053C6D741B97B95DCF646F00A0BEABB0EB2C473EA",
      "ExpectedContentSha256": "F76716C8896775524D63F5E4958E53B4C1848FDCB26C1F8BEFEF3AD7A2F1F9C3",
      "ActualContentSha256": "F76716C8896775524D63F5E4958E53B4C1848FDCB26C1F8BEFEF3AD7A2F1F9C3"
    },
    {
      "Schema": "public",
      "Table": "Space_AuditEvent",
      "ColumnsMatch": true,
      "ContentMatch": true,
      "ExpectedRows": 4,
      "ActualRows": 4,
      "ExpectedColumnsSha256": "16A163B01C3E531F34C793D1A4E275B24892D872042CD0A2A073D09942E76DDC",
      "ActualColumnsSha256": "16A163B01C3E531F34C793D1A4E275B24892D872042CD0A2A073D09942E76DDC",
      "ExpectedContentSha256": "00EC9187FA8A15B6DCBB09C049BE0ADEF0468CCA2162711C8F518E1D14E4D174",
      "ActualContentSha256": "00EC9187FA8A15B6DCBB09C049BE0ADEF0468CCA2162711C8F518E1D14E4D174"
    },
    {
      "Schema": "public",
      "Table": "Space_CadParsePreparation",
      "ColumnsMatch": true,
      "ContentMatch": true,
      "ExpectedRows": 0,
      "ActualRows": 0,
      "ExpectedColumnsSha256": "F8B762397DE13D7ED587287F7248D5EA9172AC1B59CDA1DF878E8495D4DFD955",
      "ActualColumnsSha256": "F8B762397DE13D7ED587287F7248D5EA9172AC1B59CDA1DF878E8495D4DFD955",
      "ExpectedContentSha256": "E3B0C44298FC1C149AFBF4C8996FB92427AE41E4649B934CA495991B7852B855",
      "ActualContentSha256": "E3B0C44298FC1C149AFBF4C8996FB92427AE41E4649B934CA495991B7852B855"
    },
    {
      "Schema": "public",
      "Table": "Space_CadSiteProviderCertification",
      "ColumnsMatch": true,
      "ContentMatch": true,
      "ExpectedRows": 0,
      "ActualRows": 0,
      "ExpectedColumnsSha256": "3BF1911FC459A5098E2E340EE25AD1D1BA0C1133B22C41BF53DAEB7BBC344AA5",
      "ActualColumnsSha256": "3BF1911FC459A5098E2E340EE25AD1D1BA0C1133B22C41BF53DAEB7BBC344AA5",
      "ExpectedContentSha256": "E3B0C44298FC1C149AFBF4C8996FB92427AE41E4649B934CA495991B7852B855",
      "ActualContentSha256": "E3B0C44298FC1C149AFBF4C8996FB92427AE41E4649B934CA495991B7852B855"
    },
    {
      "Schema": "public",
      "Table": "Space_CadSiteProviderConfiguration",
      "ColumnsMatch": true,
      "ContentMatch": true,
      "ExpectedRows": 0,
      "ActualRows": 0,
      "ExpectedColumnsSha256": "B0310ECBA2EBD2F0299D1BDE00C6455070E9939868775A30B3219967D1010FCB",
      "ActualColumnsSha256": "B0310ECBA2EBD2F0299D1BDE00C6455070E9939868775A30B3219967D1010FCB",
      "ExpectedContentSha256": "E3B0C44298FC1C149AFBF4C8996FB92427AE41E4649B934CA495991B7852B855",
      "ActualContentSha256": "E3B0C44298FC1C149AFBF4C8996FB92427AE41E4649B934CA495991B7852B855"
    },
    {
      "Schema": "public",
      "Table": "Space_CodeRule",
      "ColumnsMatch": true,
      "ContentMatch": true,
      "ExpectedRows": 0,
      "ActualRows": 0,
      "ExpectedColumnsSha256": "ABFF23A78B6079FD9F64EE02123A54E08D0E10209B39D6336B359A6B0DA97390",
      "ActualColumnsSha256": "ABFF23A78B6079FD9F64EE02123A54E08D0E10209B39D6336B359A6B0DA97390",
      "ExpectedContentSha256": "E3B0C44298FC1C149AFBF4C8996FB92427AE41E4649B934CA495991B7852B855",
      "ActualContentSha256": "E3B0C44298FC1C149AFBF4C8996FB92427AE41E4649B934CA495991B7852B855"
    },
    {
      "Schema": "public",
      "Table": "Space_Connector",
      "ColumnsMatch": true,
      "ContentMatch": true,
      "ExpectedRows": 0,
      "ActualRows": 0,
      "ExpectedColumnsSha256": "E4172A5A4FA8608BE551C9F8DE133F3D7DA7F30E4830FAAF632EE04B4E991978",
      "ActualColumnsSha256": "E4172A5A4FA8608BE551C9F8DE133F3D7DA7F30E4830FAAF632EE04B4E991978",
      "ExpectedContentSha256": "E3B0C44298FC1C149AFBF4C8996FB92427AE41E4649B934CA495991B7852B855",
      "ActualContentSha256": "E3B0C44298FC1C149AFBF4C8996FB92427AE41E4649B934CA495991B7852B855"
    },
    {
      "Schema": "public",
      "Table": "Space_ConnectorStop",
      "ColumnsMatch": true,
      "ContentMatch": true,
      "ExpectedRows": 0,
      "ActualRows": 0,
      "ExpectedColumnsSha256": "96931DFF91ADBF0FC255CFC8921A9309B726B21A317044EF498CF1619B265C59",
      "ActualColumnsSha256": "96931DFF91ADBF0FC255CFC8921A9309B726B21A317044EF498CF1619B265C59",
      "ExpectedContentSha256": "E3B0C44298FC1C149AFBF4C8996FB92427AE41E4649B934CA495991B7852B855",
      "ActualContentSha256": "E3B0C44298FC1C149AFBF4C8996FB92427AE41E4649B934CA495991B7852B855"
    },
    {
      "Schema": "public",
      "Table": "Space_DesignAttribute",
      "ColumnsMatch": true,
      "ContentMatch": true,
      "ExpectedRows": 0,
      "ActualRows": 0,
      "ExpectedColumnsSha256": "ED75E849EB1BC3F6745879D06D15168849A902D9D901009B9095ECCFDF24A626",
      "ActualColumnsSha256": "ED75E849EB1BC3F6745879D06D15168849A902D9D901009B9095ECCFDF24A626",
      "ExpectedContentSha256": "E3B0C44298FC1C149AFBF4C8996FB92427AE41E4649B934CA495991B7852B855",
      "ActualContentSha256": "E3B0C44298FC1C149AFBF4C8996FB92427AE41E4649B934CA495991B7852B855"
    },
    {
      "Schema": "public",
      "Table": "Space_DeviceAlarmState",
      "ColumnsMatch": true,
      "ContentMatch": true,
      "ExpectedRows": 0,
      "ActualRows": 0,
      "ExpectedColumnsSha256": "CC093B83BE15DB7C7A1A9EDBC284C6431914A441F7253168FBFEB7602F1C5DA0",
      "ActualColumnsSha256": "CC093B83BE15DB7C7A1A9EDBC284C6431914A441F7253168FBFEB7602F1C5DA0",
      "ExpectedContentSha256": "E3B0C44298FC1C149AFBF4C8996FB92427AE41E4649B934CA495991B7852B855",
      "ActualContentSha256": "E3B0C44298FC1C149AFBF4C8996FB92427AE41E4649B934CA495991B7852B855"
    },
    {
      "Schema": "public",
      "Table": "Space_DeviceEvent",
      "ColumnsMatch": true,
      "ContentMatch": true,
      "ExpectedRows": 0,
      "ActualRows": 0,
      "ExpectedColumnsSha256": "6008BB446C56D0624FC3F23F0A83EA2AC7311AAB0751FFA79953CCC267B261EF",
      "ActualColumnsSha256": "6008BB446C56D0624FC3F23F0A83EA2AC7311AAB0751FFA79953CCC267B261EF",
      "ExpectedContentSha256": "E3B0C44298FC1C149AFBF4C8996FB92427AE41E4649B934CA495991B7852B855",
      "ActualContentSha256": "E3B0C44298FC1C149AFBF4C8996FB92427AE41E4649B934CA495991B7852B855"
    },
    {
      "Schema": "public",
      "Table": "Space_DeviceMapping",
      "ColumnsMatch": true,
      "ContentMatch": true,
      "ExpectedRows": 0,
      "ActualRows": 0,
      "ExpectedColumnsSha256": "B6B3B557BA3B93F8D882E331932F7BC4818891B5981F2D0EE43A3B5ED1901FF6",
      "ActualColumnsSha256": "B6B3B557BA3B93F8D882E331932F7BC4818891B5981F2D0EE43A3B5ED1901FF6",
      "ExpectedContentSha256": "E3B0C44298FC1C149AFBF4C8996FB92427AE41E4649B934CA495991B7852B855",
      "ActualContentSha256": "E3B0C44298FC1C149AFBF4C8996FB92427AE41E4649B934CA495991B7852B855"
    },
    {
      "Schema": "public",
      "Table": "Space_DeviceState",
      "ColumnsMatch": true,
      "ContentMatch": true,
      "ExpectedRows": 0,
      "ActualRows": 0,
      "ExpectedColumnsSha256": "13B3BC56D0A769D0BBAA0214DAD1AD770880D9176EDF089B600C6A37EDA14A45",
      "ActualColumnsSha256": "13B3BC56D0A769D0BBAA0214DAD1AD770880D9176EDF089B600C6A37EDA14A45",
      "ExpectedContentSha256": "E3B0C44298FC1C149AFBF4C8996FB92427AE41E4649B934CA495991B7852B855",
      "ActualContentSha256": "E3B0C44298FC1C149AFBF4C8996FB92427AE41E4649B934CA495991B7852B855"
    },
    {
      "Schema": "public",
      "Table": "Space_DispatchRecommendation",
      "ColumnsMatch": true,
      "ContentMatch": true,
      "ExpectedRows": 0,
      "ActualRows": 0,
      "ExpectedColumnsSha256": "2400FA048FF5031BD31E094F1E6BCFFA7320698A42E44F20A2652D0382278F1F",
      "ActualColumnsSha256": "2400FA048FF5031BD31E094F1E6BCFFA7320698A42E44F20A2652D0382278F1F",
      "ExpectedContentSha256": "E3B0C44298FC1C149AFBF4C8996FB92427AE41E4649B934CA495991B7852B855",
      "ActualContentSha256": "E3B0C44298FC1C149AFBF4C8996FB92427AE41E4649B934CA495991B7852B855"
    },
    {
      "Schema": "public",
      "Table": "Space_EditLease",
      "ColumnsMatch": true,
      "ContentMatch": true,
      "ExpectedRows": 0,
      "ActualRows": 0,
      "ExpectedColumnsSha256": "044DE4DB18550B5BF4566471CD37B901485D98085456A96FC60D71211EE57F24",
      "ActualColumnsSha256": "044DE4DB18550B5BF4566471CD37B901485D98085456A96FC60D71211EE57F24",
      "ExpectedContentSha256": "E3B0C44298FC1C149AFBF4C8996FB92427AE41E4649B934CA495991B7852B855",
      "ActualContentSha256": "E3B0C44298FC1C149AFBF4C8996FB92427AE41E4649B934CA495991B7852B855"
    },
    {
      "Schema": "public",
      "Table": "Space_EditLeaseTakeoverAudit",
      "ColumnsMatch": true,
      "ContentMatch": true,
      "ExpectedRows": 0,
      "ActualRows": 0,
      "ExpectedColumnsSha256": "AD04FF579463C2EA397F1D83E124C20ED7D2208D60D01B19521F0E95E8F1E1CD",
      "ActualColumnsSha256": "AD04FF579463C2EA397F1D83E124C20ED7D2208D60D01B19521F0E95E8F1E1CD",
      "ExpectedContentSha256": "E3B0C44298FC1C149AFBF4C8996FB92427AE41E4649B934CA495991B7852B855",
      "ActualContentSha256": "E3B0C44298FC1C149AFBF4C8996FB92427AE41E4649B934CA495991B7852B855"
    },
    {
      "Schema": "public",
      "Table": "Space_ElementAttribute",
      "ColumnsMatch": true,
      "ContentMatch": true,
      "ExpectedRows": 0,
      "ActualRows": 0,
      "ExpectedColumnsSha256": "1DEF3F09BC828A2D3E1DA71B1CB0AD9513B39EA780678A6301698E3942E72D02",
      "ActualColumnsSha256": "1DEF3F09BC828A2D3E1DA71B1CB0AD9513B39EA780678A6301698E3942E72D02",
      "ExpectedContentSha256": "E3B0C44298FC1C149AFBF4C8996FB92427AE41E4649B934CA495991B7852B855",
      "ActualContentSha256": "E3B0C44298FC1C149AFBF4C8996FB92427AE41E4649B934CA495991B7852B855"
    },
    {
      "Schema": "public",
      "Table": "Space_ElementCommandBatch",
      "ColumnsMatch": true,
      "ContentMatch": true,
      "ExpectedRows": 0,
      "ActualRows": 0,
      "ExpectedColumnsSha256": "4583297BB89CC4E5AC5CB096E1899522549414F4CB133A60B51317AF209A4305",
      "ActualColumnsSha256": "4583297BB89CC4E5AC5CB096E1899522549414F4CB133A60B51317AF209A4305",
      "ExpectedContentSha256": "E3B0C44298FC1C149AFBF4C8996FB92427AE41E4649B934CA495991B7852B855",
      "ActualContentSha256": "E3B0C44298FC1C149AFBF4C8996FB92427AE41E4649B934CA495991B7852B855"
    },
    {
      "Schema": "public",
      "Table": "Space_ElementCommandRecord",
      "ColumnsMatch": true,
      "ContentMatch": true,
      "ExpectedRows": 0,
      "ActualRows": 0,
      "ExpectedColumnsSha256": "FDE9581B3F8F3369F5C2515557E0F7B7E9AD64A9559CE19202FBDFB1102B863E",
      "ActualColumnsSha256": "FDE9581B3F8F3369F5C2515557E0F7B7E9AD64A9559CE19202FBDFB1102B863E",
      "ExpectedContentSha256": "E3B0C44298FC1C149AFBF4C8996FB92427AE41E4649B934CA495991B7852B855",
      "ActualContentSha256": "E3B0C44298FC1C149AFBF4C8996FB92427AE41E4649B934CA495991B7852B855"
    },
    {
      "Schema": "public",
      "Table": "Space_ElementRevision",
      "ColumnsMatch": true,
      "ContentMatch": true,
      "ExpectedRows": 0,
      "ActualRows": 0,
      "ExpectedColumnsSha256": "991AB64DA7E920EB0F569C397ED92AF7F8121D48675DD70A49328A3EDDAB6864",
      "ActualColumnsSha256": "991AB64DA7E920EB0F569C397ED92AF7F8121D48675DD70A49328A3EDDAB6864",
      "ExpectedContentSha256": "E3B0C44298FC1C149AFBF4C8996FB92427AE41E4649B934CA495991B7852B855",
      "ActualContentSha256": "E3B0C44298FC1C149AFBF4C8996FB92427AE41E4649B934CA495991B7852B855"
    },
    {
      "Schema": "public",
      "Table": "Space_ExcelMappingProfile",
      "ColumnsMatch": true,
      "ContentMatch": true,
      "ExpectedRows": 0,
      "ActualRows": 0,
      "ExpectedColumnsSha256": "95579153C9DF5528E8505C09456D5C732643C8D18F6C0CA9BEF7CAC8EB3E0E67",
      "ActualColumnsSha256": "95579153C9DF5528E8505C09456D5C732643C8D18F6C0CA9BEF7CAC8EB3E0E67",
      "ExpectedContentSha256": "E3B0C44298FC1C149AFBF4C8996FB92427AE41E4649B934CA495991B7852B855",
      "ActualContentSha256": "E3B0C44298FC1C149AFBF4C8996FB92427AE41E4649B934CA495991B7852B855"
    },
    {
      "Schema": "public",
      "Table": "Space_ExcelMappingProfileVersion",
      "ColumnsMatch": true,
      "ContentMatch": true,
      "ExpectedRows": 0,
      "ActualRows": 0,
      "ExpectedColumnsSha256": "84353693FD5CEA694D7F87A3BDD37FBE31C4A49536310F70B7E6DFAF0FA3D3CB",
      "ActualColumnsSha256": "84353693FD5CEA694D7F87A3BDD37FBE31C4A49536310F70B7E6DFAF0FA3D3CB",
      "ExpectedContentSha256": "E3B0C44298FC1C149AFBF4C8996FB92427AE41E4649B934CA495991B7852B855",
      "ActualContentSha256": "E3B0C44298FC1C149AFBF4C8996FB92427AE41E4649B934CA495991B7852B855"
    },
    {
      "Schema": "public",
      "Table": "Space_ExternalGrant",
      "ColumnsMatch": true,
      "ContentMatch": true,
      "ExpectedRows": 0,
      "ActualRows": 0,
      "ExpectedColumnsSha256": "FCDF065BF35A6E7FD409A6A25DEE42E943635C11D79C063A9772F7740EB86E3B",
      "ActualColumnsSha256": "FCDF065BF35A6E7FD409A6A25DEE42E943635C11D79C063A9772F7740EB86E3B",
      "ExpectedContentSha256": "E3B0C44298FC1C149AFBF4C8996FB92427AE41E4649B934CA495991B7852B855",
      "ActualContentSha256": "E3B0C44298FC1C149AFBF4C8996FB92427AE41E4649B934CA495991B7852B855"
    },
    {
      "Schema": "public",
      "Table": "Space_ExternalGrantFloor",
      "ColumnsMatch": true,
      "ContentMatch": true,
      "ExpectedRows": 0,
      "ActualRows": 0,
      "ExpectedColumnsSha256": "DA8F6C7F706BC8A5BF2C65330A66400B684C59EBC17ECF22E1F6C3E60E4CC652",
      "ActualColumnsSha256": "DA8F6C7F706BC8A5BF2C65330A66400B684C59EBC17ECF22E1F6C3E60E4CC652",
      "ExpectedContentSha256": "E3B0C44298FC1C149AFBF4C8996FB92427AE41E4649B934CA495991B7852B855",
      "ActualContentSha256": "E3B0C44298FC1C149AFBF4C8996FB92427AE41E4649B934CA495991B7852B855"
    },
    {
      "Schema": "public",
      "Table": "Space_ExternalGrantObject",
      "ColumnsMatch": true,
      "ContentMatch": true,
      "ExpectedRows": 0,
      "ActualRows": 0,
      "ExpectedColumnsSha256": "1E38F87B0E1EE4A01A774ABE96BC6EE0F45F3CB5FBA106F8043F43C019D51EF8",
      "ActualColumnsSha256": "1E38F87B0E1EE4A01A774ABE96BC6EE0F45F3CB5FBA106F8043F43C019D51EF8",
      "ExpectedContentSha256": "E3B0C44298FC1C149AFBF4C8996FB92427AE41E4649B934CA495991B7852B855",
      "ActualContentSha256": "E3B0C44298FC1C149AFBF4C8996FB92427AE41E4649B934CA495991B7852B855"
    },
    {
      "Schema": "public",
      "Table": "Space_ExternalGrantOwner",
      "ColumnsMatch": true,
      "ContentMatch": true,
      "ExpectedRows": 0,
      "ActualRows": 0,
      "ExpectedColumnsSha256": "D29329B5273B7F151D32BC667CBC3A3183F98D314C6DFE55C06A79B3B09131D3",
      "ActualColumnsSha256": "D29329B5273B7F151D32BC667CBC3A3183F98D314C6DFE55C06A79B3B09131D3",
      "ExpectedContentSha256": "E3B0C44298FC1C149AFBF4C8996FB92427AE41E4649B934CA495991B7852B855",
      "ActualContentSha256": "E3B0C44298FC1C149AFBF4C8996FB92427AE41E4649B934CA495991B7852B855"
    },
    {
      "Schema": "public",
      "Table": "Space_ExternalGrantZone",
      "ColumnsMatch": true,
      "ContentMatch": true,
      "ExpectedRows": 0,
      "ActualRows": 0,
      "ExpectedColumnsSha256": "FCAACE9101CC374F08F058AC2D0AADB1F015A0295DD11730B7F4587E24CD1C53",
      "ActualColumnsSha256": "FCAACE9101CC374F08F058AC2D0AADB1F015A0295DD11730B7F4587E24CD1C53",
      "ExpectedContentSha256": "E3B0C44298FC1C149AFBF4C8996FB92427AE41E4649B934CA495991B7852B855",
      "ActualContentSha256": "E3B0C44298FC1C149AFBF4C8996FB92427AE41E4649B934CA495991B7852B855"
    },
    {
      "Schema": "public",
      "Table": "Space_ExternalMembership",
      "ColumnsMatch": true,
      "ContentMatch": true,
      "ExpectedRows": 0,
      "ActualRows": 0,
      "ExpectedColumnsSha256": "5672F1CDC10E3E753E159069A53608AC2DF030CABD5BA77223D7D9CDA6625CE6",
      "ActualColumnsSha256": "5672F1CDC10E3E753E159069A53608AC2DF030CABD5BA77223D7D9CDA6625CE6",
      "ExpectedContentSha256": "E3B0C44298FC1C149AFBF4C8996FB92427AE41E4649B934CA495991B7852B855",
      "ActualContentSha256": "E3B0C44298FC1C149AFBF4C8996FB92427AE41E4649B934CA495991B7852B855"
    },
    {
      "Schema": "public",
      "Table": "Space_ExternalOrganization",
      "ColumnsMatch": true,
      "ContentMatch": true,
      "ExpectedRows": 0,
      "ActualRows": 0,
      "ExpectedColumnsSha256": "955E741437C6FEC1FAC1269C3374C3BEAB571973218DE7599582065F95A2214A",
      "ActualColumnsSha256": "955E741437C6FEC1FAC1269C3374C3BEAB571973218DE7599582065F95A2214A",
      "ExpectedContentSha256": "E3B0C44298FC1C149AFBF4C8996FB92427AE41E4649B934CA495991B7852B855",
      "ActualContentSha256": "E3B0C44298FC1C149AFBF4C8996FB92427AE41E4649B934CA495991B7852B855"
    },
    {
      "Schema": "public",
      "Table": "Space_FieldPolicy",
      "ColumnsMatch": true,
      "ContentMatch": true,
      "ExpectedRows": 0,
      "ActualRows": 0,
      "ExpectedColumnsSha256": "19C7613C7D14EAC9B3064D3C4B1FC297ACA8C45D189FA33CC05B80CEE7DDB529",
      "ActualColumnsSha256": "19C7613C7D14EAC9B3064D3C4B1FC297ACA8C45D189FA33CC05B80CEE7DDB529",
      "ExpectedContentSha256": "E3B0C44298FC1C149AFBF4C8996FB92427AE41E4649B934CA495991B7852B855",
      "ActualContentSha256": "E3B0C44298FC1C149AFBF4C8996FB92427AE41E4649B934CA495991B7852B855"
    },
    {
      "Schema": "public",
      "Table": "Space_FieldPolicyField",
      "ColumnsMatch": true,
      "ContentMatch": true,
      "ExpectedRows": 0,
      "ActualRows": 0,
      "ExpectedColumnsSha256": "CAF663251E5CBBFD5991091117F08ADE0CC3F4907DA158A3CD46D4A7348C20C5",
      "ActualColumnsSha256": "CAF663251E5CBBFD5991091117F08ADE0CC3F4907DA158A3CD46D4A7348C20C5",
      "ExpectedContentSha256": "E3B0C44298FC1C149AFBF4C8996FB92427AE41E4649B934CA495991B7852B855",
      "ActualContentSha256": "E3B0C44298FC1C149AFBF4C8996FB92427AE41E4649B934CA495991B7852B855"
    },
    {
      "Schema": "public",
      "Table": "Space_File",
      "ColumnsMatch": true,
      "ContentMatch": true,
      "ExpectedRows": 0,
      "ActualRows": 0,
      "ExpectedColumnsSha256": "5EBCD09BCA6CA9120D5B64E378E1EAAE1287B1057B0432726AA58CC110AD7159",
      "ActualColumnsSha256": "5EBCD09BCA6CA9120D5B64E378E1EAAE1287B1057B0432726AA58CC110AD7159",
      "ExpectedContentSha256": "E3B0C44298FC1C149AFBF4C8996FB92427AE41E4649B934CA495991B7852B855",
      "ActualContentSha256": "E3B0C44298FC1C149AFBF4C8996FB92427AE41E4649B934CA495991B7852B855"
    },
    {
      "Schema": "public",
      "Table": "Space_Floor",
      "ColumnsMatch": true,
      "ContentMatch": true,
      "ExpectedRows": 0,
      "ActualRows": 0,
      "ExpectedColumnsSha256": "DFC7C63C97227F392C921D9D60DEBC671D479E437F797B61F29B6A4FCC1DF387",
      "ActualColumnsSha256": "DFC7C63C97227F392C921D9D60DEBC671D479E437F797B61F29B6A4FCC1DF387",
      "ExpectedContentSha256": "E3B0C44298FC1C149AFBF4C8996FB92427AE41E4649B934CA495991B7852B855",
      "ActualContentSha256": "E3B0C44298FC1C149AFBF4C8996FB92427AE41E4649B934CA495991B7852B855"
    },
    {
      "Schema": "public",
      "Table": "Space_FloorRevision",
      "ColumnsMatch": true,
      "ContentMatch": true,
      "ExpectedRows": 0,
      "ActualRows": 0,
      "ExpectedColumnsSha256": "7E1DBEA4867F80D7D29E8E79460CD2E03D48B4602F94722D463CC9AACD1C6362",
      "ActualColumnsSha256": "7E1DBEA4867F80D7D29E8E79460CD2E03D48B4602F94722D463CC9AACD1C6362",
      "ExpectedContentSha256": "E3B0C44298FC1C149AFBF4C8996FB92427AE41E4649B934CA495991B7852B855",
      "ActualContentSha256": "E3B0C44298FC1C149AFBF4C8996FB92427AE41E4649B934CA495991B7852B855"
    },
    {
      "Schema": "public",
      "Table": "Space_GenerationLockedFact",
      "ColumnsMatch": true,
      "ContentMatch": true,
      "ExpectedRows": 0,
      "ActualRows": 0,
      "ExpectedColumnsSha256": "9787C8D56F2217667232B92360BBEB9DF8A554C76F2C1A2C626A18A22A3B19C1",
      "ActualColumnsSha256": "9787C8D56F2217667232B92360BBEB9DF8A554C76F2C1A2C626A18A22A3B19C1",
      "ExpectedContentSha256": "E3B0C44298FC1C149AFBF4C8996FB92427AE41E4649B934CA495991B7852B855",
      "ActualContentSha256": "E3B0C44298FC1C149AFBF4C8996FB92427AE41E4649B934CA495991B7852B855"
    },
    {
      "Schema": "public",
      "Table": "Space_GenerationProposal",
      "ColumnsMatch": true,
      "ContentMatch": true,
      "ExpectedRows": 0,
      "ActualRows": 0,
      "ExpectedColumnsSha256": "1CD8E0C2E1C3DFFD9DE49AD915A50D8F87EC81A2AD3DF10CA6374FFA36860053",
      "ActualColumnsSha256": "1CD8E0C2E1C3DFFD9DE49AD915A50D8F87EC81A2AD3DF10CA6374FFA36860053",
      "ExpectedContentSha256": "E3B0C44298FC1C149AFBF4C8996FB92427AE41E4649B934CA495991B7852B855",
      "ActualContentSha256": "E3B0C44298FC1C149AFBF4C8996FB92427AE41E4649B934CA495991B7852B855"
    },
    {
      "Schema": "public",
      "Table": "Space_GenerationRun",
      "ColumnsMatch": true,
      "ContentMatch": true,
      "ExpectedRows": 0,
      "ActualRows": 0,
      "ExpectedColumnsSha256": "FE632169B0CE10CD786CEEC9EFDBAB68F9D85D1FA526DE097FD1F32DFF180F7B",
      "ActualColumnsSha256": "FE632169B0CE10CD786CEEC9EFDBAB68F9D85D1FA526DE097FD1F32DFF180F7B",
      "ExpectedContentSha256": "E3B0C44298FC1C149AFBF4C8996FB92427AE41E4649B934CA495991B7852B855",
      "ActualContentSha256": "E3B0C44298FC1C149AFBF4C8996FB92427AE41E4649B934CA495991B7852B855"
    },
    {
      "Schema": "public",
      "Table": "Space_GenerationStagingElement",
      "ColumnsMatch": true,
      "ContentMatch": true,
      "ExpectedRows": 0,
      "ActualRows": 0,
      "ExpectedColumnsSha256": "A151A38F51E2F59A38D586A26674324AFDA737EF901EE7CFD7FA955BF7F9DB9B",
      "ActualColumnsSha256": "A151A38F51E2F59A38D586A26674324AFDA737EF901EE7CFD7FA955BF7F9DB9B",
      "ExpectedContentSha256": "E3B0C44298FC1C149AFBF4C8996FB92427AE41E4649B934CA495991B7852B855",
      "ActualContentSha256": "E3B0C44298FC1C149AFBF4C8996FB92427AE41E4649B934CA495991B7852B855"
    },
    {
      "Schema": "public",
      "Table": "Space_HistoricalRepublish",
      "ColumnsMatch": true,
      "ContentMatch": true,
      "ExpectedRows": 0,
      "ActualRows": 0,
      "ExpectedColumnsSha256": "355658E3AFA2056B0C12B9BE32BFDCE79847AFE7A63F86A11FBDC3DF34C3F57E",
      "ActualColumnsSha256": "355658E3AFA2056B0C12B9BE32BFDCE79847AFE7A63F86A11FBDC3DF34C3F57E",
      "ExpectedContentSha256": "E3B0C44298FC1C149AFBF4C8996FB92427AE41E4649B934CA495991B7852B855",
      "ActualContentSha256": "E3B0C44298FC1C149AFBF4C8996FB92427AE41E4649B934CA495991B7852B855"
    },
    {
      "Schema": "public",
      "Table": "Space_IdempotencyRecord",
      "ColumnsMatch": true,
      "ContentMatch": true,
      "ExpectedRows": 2,
      "ActualRows": 2,
      "ExpectedColumnsSha256": "6A097D583DF120210560E2C6A9070AB4C8F19CEE0448796DF3E497A711008E6A",
      "ActualColumnsSha256": "6A097D583DF120210560E2C6A9070AB4C8F19CEE0448796DF3E497A711008E6A",
      "ExpectedContentSha256": "401E3E6B621E8885B0D427C9A8C3EAC951FCEF61CD6952F1A854E6D66DCBCDD6",
      "ActualContentSha256": "401E3E6B621E8885B0D427C9A8C3EAC951FCEF61CD6952F1A854E6D66DCBCDD6"
    },
    {
      "Schema": "public",
      "Table": "Space_Job",
      "ColumnsMatch": true,
      "ContentMatch": true,
      "ExpectedRows": 0,
      "ActualRows": 0,
      "ExpectedColumnsSha256": "3B9F50A293C76B25FC06869BE37897900054B4202284DE2589EBE6B2D68B6A4C",
      "ActualColumnsSha256": "3B9F50A293C76B25FC06869BE37897900054B4202284DE2589EBE6B2D68B6A4C",
      "ExpectedContentSha256": "E3B0C44298FC1C149AFBF4C8996FB92427AE41E4649B934CA495991B7852B855",
      "ActualContentSha256": "E3B0C44298FC1C149AFBF4C8996FB92427AE41E4649B934CA495991B7852B855"
    },
    {
      "Schema": "public",
      "Table": "Space_JobAttempt",
      "ColumnsMatch": true,
      "ContentMatch": true,
      "ExpectedRows": 0,
      "ActualRows": 0,
      "ExpectedColumnsSha256": "61366C82AF9705E5B000744E4CCF2E7044064FFC71AC8A4586583D73A814345E",
      "ActualColumnsSha256": "61366C82AF9705E5B000744E4CCF2E7044064FFC71AC8A4586583D73A814345E",
      "ExpectedContentSha256": "E3B0C44298FC1C149AFBF4C8996FB92427AE41E4649B934CA495991B7852B855",
      "ActualContentSha256": "E3B0C44298FC1C149AFBF4C8996FB92427AE41E4649B934CA495991B7852B855"
    },
    {
      "Schema": "public",
      "Table": "Space_JobStep",
      "ColumnsMatch": true,
      "ContentMatch": true,
      "ExpectedRows": 0,
      "ActualRows": 0,
      "ExpectedColumnsSha256": "50A3E17560A9555A1B92AC8B1A06643004399D7F0CFAAE56BE04BE24BA11A529",
      "ActualColumnsSha256": "50A3E17560A9555A1B92AC8B1A06643004399D7F0CFAAE56BE04BE24BA11A529",
      "ExpectedContentSha256": "E3B0C44298FC1C149AFBF4C8996FB92427AE41E4649B934CA495991B7852B855",
      "ActualContentSha256": "E3B0C44298FC1C149AFBF4C8996FB92427AE41E4649B934CA495991B7852B855"
    },
    {
      "Schema": "public",
      "Table": "Space_LayerMappingProfile",
      "ColumnsMatch": true,
      "ContentMatch": true,
      "ExpectedRows": 0,
      "ActualRows": 0,
      "ExpectedColumnsSha256": "95579153C9DF5528E8505C09456D5C732643C8D18F6C0CA9BEF7CAC8EB3E0E67",
      "ActualColumnsSha256": "95579153C9DF5528E8505C09456D5C732643C8D18F6C0CA9BEF7CAC8EB3E0E67",
      "ExpectedContentSha256": "E3B0C44298FC1C149AFBF4C8996FB92427AE41E4649B934CA495991B7852B855",
      "ActualContentSha256": "E3B0C44298FC1C149AFBF4C8996FB92427AE41E4649B934CA495991B7852B855"
    },
    {
      "Schema": "public",
      "Table": "Space_LayerMappingProfileVersion",
      "ColumnsMatch": true,
      "ContentMatch": true,
      "ExpectedRows": 0,
      "ActualRows": 0,
      "ExpectedColumnsSha256": "84353693FD5CEA694D7F87A3BDD37FBE31C4A49536310F70B7E6DFAF0FA3D3CB",
      "ActualColumnsSha256": "84353693FD5CEA694D7F87A3BDD37FBE31C4A49536310F70B7E6DFAF0FA3D3CB",
      "ExpectedContentSha256": "E3B0C44298FC1C149AFBF4C8996FB92427AE41E4649B934CA495991B7852B855",
      "ActualContentSha256": "E3B0C44298FC1C149AFBF4C8996FB92427AE41E4649B934CA495991B7852B855"
    },
    {
      "Schema": "public",
      "Table": "Space_Location",
      "ColumnsMatch": true,
      "ContentMatch": true,
      "ExpectedRows": 0,
      "ActualRows": 0,
      "ExpectedColumnsSha256": "1F03D1FF6C5E9822B04B166AAB4D8D6284193B6FAFFAB9E7D9FA87E48DBDC69C",
      "ActualColumnsSha256": "1F03D1FF6C5E9822B04B166AAB4D8D6284193B6FAFFAB9E7D9FA87E48DBDC69C",
      "ExpectedContentSha256": "E3B0C44298FC1C149AFBF4C8996FB92427AE41E4649B934CA495991B7852B855",
      "ActualContentSha256": "E3B0C44298FC1C149AFBF4C8996FB92427AE41E4649B934CA495991B7852B855"
    },
    {
      "Schema": "public",
      "Table": "Space_LocationExternalBinding",
      "ColumnsMatch": true,
      "ContentMatch": true,
      "ExpectedRows": 0,
      "ActualRows": 0,
      "ExpectedColumnsSha256": "D6A41FB801FA58BE8508ED0FB8852D8337A9F6CA63606C1EA1E85D0EF78D7C4E",
      "ActualColumnsSha256": "D6A41FB801FA58BE8508ED0FB8852D8337A9F6CA63606C1EA1E85D0EF78D7C4E",
      "ExpectedContentSha256": "E3B0C44298FC1C149AFBF4C8996FB92427AE41E4649B934CA495991B7852B855",
      "ActualContentSha256": "E3B0C44298FC1C149AFBF4C8996FB92427AE41E4649B934CA495991B7852B855"
    },
    {
      "Schema": "public",
      "Table": "Space_LocationRevision",
      "ColumnsMatch": true,
      "ContentMatch": true,
      "ExpectedRows": 0,
      "ActualRows": 0,
      "ExpectedColumnsSha256": "8C9E07FB27424CB3065E9940EF35EEE349D6E105E0BB9DE07297FF5D0E520211",
      "ActualColumnsSha256": "8C9E07FB27424CB3065E9940EF35EEE349D6E105E0BB9DE07297FF5D0E520211",
      "ExpectedContentSha256": "E3B0C44298FC1C149AFBF4C8996FB92427AE41E4649B934CA495991B7852B855",
      "ActualContentSha256": "E3B0C44298FC1C149AFBF4C8996FB92427AE41E4649B934CA495991B7852B855"
    },
    {
      "Schema": "public",
      "Table": "Space_Marker",
      "ColumnsMatch": true,
      "ContentMatch": true,
      "ExpectedRows": 0,
      "ActualRows": 0,
      "ExpectedColumnsSha256": "ED7CADF997C8AFEDFAA0540762286B2AFC39E10A1150895AFEC49A791224AD23",
      "ActualColumnsSha256": "ED7CADF997C8AFEDFAA0540762286B2AFC39E10A1150895AFEC49A791224AD23",
      "ExpectedContentSha256": "E3B0C44298FC1C149AFBF4C8996FB92427AE41E4649B934CA495991B7852B855",
      "ActualContentSha256": "E3B0C44298FC1C149AFBF4C8996FB92427AE41E4649B934CA495991B7852B855"
    },
    {
      "Schema": "public",
      "Table": "Space_Model",
      "ColumnsMatch": true,
      "ContentMatch": true,
      "ExpectedRows": 0,
      "ActualRows": 0,
      "ExpectedColumnsSha256": "BB84AFFDD38C3C1122E3584008CC2E2746400A01A2B57C10CFBDD031BB82F7FE",
      "ActualColumnsSha256": "BB84AFFDD38C3C1122E3584008CC2E2746400A01A2B57C10CFBDD031BB82F7FE",
      "ExpectedContentSha256": "E3B0C44298FC1C149AFBF4C8996FB92427AE41E4649B934CA495991B7852B855",
      "ActualContentSha256": "E3B0C44298FC1C149AFBF4C8996FB92427AE41E4649B934CA495991B7852B855"
    },
    {
      "Schema": "public",
      "Table": "Space_ModelIssue",
      "ColumnsMatch": true,
      "ContentMatch": true,
      "ExpectedRows": 0,
      "ActualRows": 0,
      "ExpectedColumnsSha256": "F386FED0D3660468C7E9C8F562336B0F448D5C9048670A217B3D1C05C6AF1FB7",
      "ActualColumnsSha256": "F386FED0D3660468C7E9C8F562336B0F448D5C9048670A217B3D1C05C6AF1FB7",
      "ExpectedContentSha256": "E3B0C44298FC1C149AFBF4C8996FB92427AE41E4649B934CA495991B7852B855",
      "ActualContentSha256": "E3B0C44298FC1C149AFBF4C8996FB92427AE41E4649B934CA495991B7852B855"
    },
    {
      "Schema": "public",
      "Table": "Space_ModelSource",
      "ColumnsMatch": true,
      "ContentMatch": true,
      "ExpectedRows": 0,
      "ActualRows": 0,
      "ExpectedColumnsSha256": "A7EC7628E631E8FA78839FA9EAF9BDBE1299959B325CA97A536FB26C38BE48BB",
      "ActualColumnsSha256": "A7EC7628E631E8FA78839FA9EAF9BDBE1299959B325CA97A536FB26C38BE48BB",
      "ExpectedContentSha256": "E3B0C44298FC1C149AFBF4C8996FB92427AE41E4649B934CA495991B7852B855",
      "ActualContentSha256": "E3B0C44298FC1C149AFBF4C8996FB92427AE41E4649B934CA495991B7852B855"
    },
    {
      "Schema": "public",
      "Table": "Space_ModelVersion",
      "ColumnsMatch": true,
      "ContentMatch": true,
      "ExpectedRows": 0,
      "ActualRows": 0,
      "ExpectedColumnsSha256": "88918792F2EF691A71F73D7F52AC72ABA7FE82D7F5EF403F606608C99FD4ABBB",
      "ActualColumnsSha256": "88918792F2EF691A71F73D7F52AC72ABA7FE82D7F5EF403F606608C99FD4ABBB",
      "ExpectedContentSha256": "E3B0C44298FC1C149AFBF4C8996FB92427AE41E4649B934CA495991B7852B855",
      "ActualContentSha256": "E3B0C44298FC1C149AFBF4C8996FB92427AE41E4649B934CA495991B7852B855"
    },
    {
      "Schema": "public",
      "Table": "Space_PersonnelEvent",
      "ColumnsMatch": true,
      "ContentMatch": true,
      "ExpectedRows": 0,
      "ActualRows": 0,
      "ExpectedColumnsSha256": "606E20CC68CB7B0B825967254EA327BDA6C34C9F03E62B006D503C235096B7BA",
      "ActualColumnsSha256": "606E20CC68CB7B0B825967254EA327BDA6C34C9F03E62B006D503C235096B7BA",
      "ExpectedContentSha256": "E3B0C44298FC1C149AFBF4C8996FB92427AE41E4649B934CA495991B7852B855",
      "ActualContentSha256": "E3B0C44298FC1C149AFBF4C8996FB92427AE41E4649B934CA495991B7852B855"
    },
    {
      "Schema": "public",
      "Table": "Space_PersonnelState",
      "ColumnsMatch": true,
      "ContentMatch": true,
      "ExpectedRows": 0,
      "ActualRows": 0,
      "ExpectedColumnsSha256": "8C5D5A9DA8E5FFB3A472A708A06DD4B8FA758C11076126F1F93EB812554B84B6",
      "ActualColumnsSha256": "8C5D5A9DA8E5FFB3A472A708A06DD4B8FA758C11076126F1F93EB812554B84B6",
      "ExpectedContentSha256": "E3B0C44298FC1C149AFBF4C8996FB92427AE41E4649B934CA495991B7852B855",
      "ActualContentSha256": "E3B0C44298FC1C149AFBF4C8996FB92427AE41E4649B934CA495991B7852B855"
    },
    {
      "Schema": "public",
      "Table": "Space_PlanningComparison",
      "ColumnsMatch": true,
      "ContentMatch": true,
      "ExpectedRows": 0,
      "ActualRows": 0,
      "ExpectedColumnsSha256": "161A200CE7D8F5D6AE204A64AC9A92FD8338912D279B9BC9E904C07F87B05B47",
      "ActualColumnsSha256": "161A200CE7D8F5D6AE204A64AC9A92FD8338912D279B9BC9E904C07F87B05B47",
      "ExpectedContentSha256": "E3B0C44298FC1C149AFBF4C8996FB92427AE41E4649B934CA495991B7852B855",
      "ActualContentSha256": "E3B0C44298FC1C149AFBF4C8996FB92427AE41E4649B934CA495991B7852B855"
    },
    {
      "Schema": "public",
      "Table": "Space_PlanningComparisonEntry",
      "ColumnsMatch": true,
      "ContentMatch": true,
      "ExpectedRows": 0,
      "ActualRows": 0,
      "ExpectedColumnsSha256": "B660E59B7A3476C45C7D44FA8247CB8D527C0E039FFC0C28ECBA7BDD4EA5B58A",
      "ActualColumnsSha256": "B660E59B7A3476C45C7D44FA8247CB8D527C0E039FFC0C28ECBA7BDD4EA5B58A",
      "ExpectedContentSha256": "E3B0C44298FC1C149AFBF4C8996FB92427AE41E4649B934CA495991B7852B855",
      "ActualContentSha256": "E3B0C44298FC1C149AFBF4C8996FB92427AE41E4649B934CA495991B7852B855"
    },
    {
      "Schema": "public",
      "Table": "Space_PlanningComparisonRisk",
      "ColumnsMatch": true,
      "ContentMatch": true,
      "ExpectedRows": 0,
      "ActualRows": 0,
      "ExpectedColumnsSha256": "EDA0191E3D2AE50174C59D73801024B746664255F89A5694F020FBA997BD4F7D",
      "ActualColumnsSha256": "EDA0191E3D2AE50174C59D73801024B746664255F89A5694F020FBA997BD4F7D",
      "ExpectedContentSha256": "E3B0C44298FC1C149AFBF4C8996FB92427AE41E4649B934CA495991B7852B855",
      "ActualContentSha256": "E3B0C44298FC1C149AFBF4C8996FB92427AE41E4649B934CA495991B7852B855"
    },
    {
      "Schema": "public",
      "Table": "Space_PlanningDecisionRecord",
      "ColumnsMatch": true,
      "ContentMatch": true,
      "ExpectedRows": 0,
      "ActualRows": 0,
      "ExpectedColumnsSha256": "7D4ACBD8546D300F0A062F8C35D0E2E95BFF851E36B3FBB7BBCEFE4EFB38B6CD",
      "ActualColumnsSha256": "7D4ACBD8546D300F0A062F8C35D0E2E95BFF851E36B3FBB7BBCEFE4EFB38B6CD",
      "ExpectedContentSha256": "E3B0C44298FC1C149AFBF4C8996FB92427AE41E4649B934CA495991B7852B855",
      "ActualContentSha256": "E3B0C44298FC1C149AFBF4C8996FB92427AE41E4649B934CA495991B7852B855"
    },
    {
      "Schema": "public",
      "Table": "Space_PlanningHistoricalDataset",
      "ColumnsMatch": true,
      "ContentMatch": true,
      "ExpectedRows": 0,
      "ActualRows": 0,
      "ExpectedColumnsSha256": "70223025E8CE8C403E6CF3D02D992C5262727C9863CA70DA1AD6544192F6BF15",
      "ActualColumnsSha256": "70223025E8CE8C403E6CF3D02D992C5262727C9863CA70DA1AD6544192F6BF15",
      "ExpectedContentSha256": "E3B0C44298FC1C149AFBF4C8996FB92427AE41E4649B934CA495991B7852B855",
      "ActualContentSha256": "E3B0C44298FC1C149AFBF4C8996FB92427AE41E4649B934CA495991B7852B855"
    },
    {
      "Schema": "public",
      "Table": "Space_PlanningHistoricalTask",
      "ColumnsMatch": true,
      "ContentMatch": true,
      "ExpectedRows": 0,
      "ActualRows": 0,
      "ExpectedColumnsSha256": "44C23D0748099FF1BAF2D750DAC2358C9455A04FBDB26383BB80C43552F26114",
      "ActualColumnsSha256": "44C23D0748099FF1BAF2D750DAC2358C9455A04FBDB26383BB80C43552F26114",
      "ExpectedContentSha256": "E3B0C44298FC1C149AFBF4C8996FB92427AE41E4649B934CA495991B7852B855",
      "ActualContentSha256": "E3B0C44298FC1C149AFBF4C8996FB92427AE41E4649B934CA495991B7852B855"
    },
    {
      "Schema": "public",
      "Table": "Space_PlanningScenarioBranch",
      "ColumnsMatch": true,
      "ContentMatch": true,
      "ExpectedRows": 0,
      "ActualRows": 0,
      "ExpectedColumnsSha256": "E715ADA165F32A8A66AAD36CFA79A8E2696AA70EF0F184423219492AF5295CCD",
      "ActualColumnsSha256": "E715ADA165F32A8A66AAD36CFA79A8E2696AA70EF0F184423219492AF5295CCD",
      "ExpectedContentSha256": "E3B0C44298FC1C149AFBF4C8996FB92427AE41E4649B934CA495991B7852B855",
      "ActualContentSha256": "E3B0C44298FC1C149AFBF4C8996FB92427AE41E4649B934CA495991B7852B855"
    },
    {
      "Schema": "public",
      "Table": "Space_PlanningSimulationLocationResult",
      "ColumnsMatch": true,
      "ContentMatch": true,
      "ExpectedRows": 0,
      "ActualRows": 0,
      "ExpectedColumnsSha256": "5100EDD47C3A8CD0E9FD9EC936D2B322EA0CBCF14A82E4C21EF97A410024C1D3",
      "ActualColumnsSha256": "5100EDD47C3A8CD0E9FD9EC936D2B322EA0CBCF14A82E4C21EF97A410024C1D3",
      "ExpectedContentSha256": "E3B0C44298FC1C149AFBF4C8996FB92427AE41E4649B934CA495991B7852B855",
      "ActualContentSha256": "E3B0C44298FC1C149AFBF4C8996FB92427AE41E4649B934CA495991B7852B855"
    },
    {
      "Schema": "public",
      "Table": "Space_PlanningSimulationRun",
      "ColumnsMatch": true,
      "ContentMatch": true,
      "ExpectedRows": 0,
      "ActualRows": 0,
      "ExpectedColumnsSha256": "2EFB6B6088C3B37D6B58541224AA29907FAA482EC4EF7A006EFFA24CB438FD1E",
      "ActualColumnsSha256": "2EFB6B6088C3B37D6B58541224AA29907FAA482EC4EF7A006EFFA24CB438FD1E",
      "ExpectedContentSha256": "E3B0C44298FC1C149AFBF4C8996FB92427AE41E4649B934CA495991B7852B855",
      "ActualContentSha256": "E3B0C44298FC1C149AFBF4C8996FB92427AE41E4649B934CA495991B7852B855"
    },
    {
      "Schema": "public",
      "Table": "Space_ProposalDecision",
      "ColumnsMatch": true,
      "ContentMatch": true,
      "ExpectedRows": 0,
      "ActualRows": 0,
      "ExpectedColumnsSha256": "C0CEB2E2C426326C7742DF44AB1ED5063F32E13C2987780B9CCA64447DAD86C1",
      "ActualColumnsSha256": "C0CEB2E2C426326C7742DF44AB1ED5063F32E13C2987780B9CCA64447DAD86C1",
      "ExpectedContentSha256": "E3B0C44298FC1C149AFBF4C8996FB92427AE41E4649B934CA495991B7852B855",
      "ActualContentSha256": "E3B0C44298FC1C149AFBF4C8996FB92427AE41E4649B934CA495991B7852B855"
    },
    {
      "Schema": "public",
      "Table": "Space_PublishAttempt",
      "ColumnsMatch": true,
      "ContentMatch": true,
      "ExpectedRows": 0,
      "ActualRows": 0,
      "ExpectedColumnsSha256": "BB0087BA3D4FDF5ACFE21F272D03C7EA7D0711440E12F6B19AED5477C11828DB",
      "ActualColumnsSha256": "BB0087BA3D4FDF5ACFE21F272D03C7EA7D0711440E12F6B19AED5477C11828DB",
      "ExpectedContentSha256": "E3B0C44298FC1C149AFBF4C8996FB92427AE41E4649B934CA495991B7852B855",
      "ActualContentSha256": "E3B0C44298FC1C149AFBF4C8996FB92427AE41E4649B934CA495991B7852B855"
    },
    {
      "Schema": "public",
      "Table": "Space_PublishAuditEvent",
      "ColumnsMatch": true,
      "ContentMatch": true,
      "ExpectedRows": 0,
      "ActualRows": 0,
      "ExpectedColumnsSha256": "479461CAB5E1603E08B369D148AF902F0A5384D8BC7F967090027AC96FAE356A",
      "ActualColumnsSha256": "479461CAB5E1603E08B369D148AF902F0A5384D8BC7F967090027AC96FAE356A",
      "ExpectedContentSha256": "E3B0C44298FC1C149AFBF4C8996FB92427AE41E4649B934CA495991B7852B855",
      "ActualContentSha256": "E3B0C44298FC1C149AFBF4C8996FB92427AE41E4649B934CA495991B7852B855"
    },
    {
      "Schema": "public",
      "Table": "Space_PublishBatch",
      "ColumnsMatch": true,
      "ContentMatch": true,
      "ExpectedRows": 0,
      "ActualRows": 0,
      "ExpectedColumnsSha256": "8ACD05CC6F146CC811659751AB0DF82267E03572ADBE102851C188F1DFFC86EE",
      "ActualColumnsSha256": "8ACD05CC6F146CC811659751AB0DF82267E03572ADBE102851C188F1DFFC86EE",
      "ExpectedContentSha256": "E3B0C44298FC1C149AFBF4C8996FB92427AE41E4649B934CA495991B7852B855",
      "ActualContentSha256": "E3B0C44298FC1C149AFBF4C8996FB92427AE41E4649B934CA495991B7852B855"
    },
    {
      "Schema": "public",
      "Table": "Space_PublishPlan",
      "ColumnsMatch": true,
      "ContentMatch": true,
      "ExpectedRows": 0,
      "ActualRows": 0,
      "ExpectedColumnsSha256": "B5D2D6AA2C234A959EFAB8BC7496ECDA5A8C60DCCC2CC05C3BBD3EF0BBD93AE0",
      "ActualColumnsSha256": "B5D2D6AA2C234A959EFAB8BC7496ECDA5A8C60DCCC2CC05C3BBD3EF0BBD93AE0",
      "ExpectedContentSha256": "E3B0C44298FC1C149AFBF4C8996FB92427AE41E4649B934CA495991B7852B855",
      "ActualContentSha256": "E3B0C44298FC1C149AFBF4C8996FB92427AE41E4649B934CA495991B7852B855"
    },
    {
      "Schema": "public",
      "Table": "Space_PutawayRecommendation",
      "ColumnsMatch": true,
      "ContentMatch": true,
      "ExpectedRows": 0,
      "ActualRows": 0,
      "ExpectedColumnsSha256": "95471EAE210085E7F15CCC786B7040BC3C5C1F19658A37AD130FA287BA067096",
      "ActualColumnsSha256": "95471EAE210085E7F15CCC786B7040BC3C5C1F19658A37AD130FA287BA067096",
      "ExpectedContentSha256": "E3B0C44298FC1C149AFBF4C8996FB92427AE41E4649B934CA495991B7852B855",
      "ActualContentSha256": "E3B0C44298FC1C149AFBF4C8996FB92427AE41E4649B934CA495991B7852B855"
    },
    {
      "Schema": "public",
      "Table": "Space_Rack",
      "ColumnsMatch": true,
      "ContentMatch": true,
      "ExpectedRows": 0,
      "ActualRows": 0,
      "ExpectedColumnsSha256": "DCBB1D87304C8CDEFC6EFC6641BDBE2A01CB4204FEAF0AA95B945D5510266451",
      "ActualColumnsSha256": "DCBB1D87304C8CDEFC6EFC6641BDBE2A01CB4204FEAF0AA95B945D5510266451",
      "ExpectedContentSha256": "E3B0C44298FC1C149AFBF4C8996FB92427AE41E4649B934CA495991B7852B855",
      "ActualContentSha256": "E3B0C44298FC1C149AFBF4C8996FB92427AE41E4649B934CA495991B7852B855"
    },
    {
      "Schema": "public",
      "Table": "Space_RackGenerationProfile",
      "ColumnsMatch": true,
      "ContentMatch": true,
      "ExpectedRows": 0,
      "ActualRows": 0,
      "ExpectedColumnsSha256": "EE8EC165954D8740020454A6157F2C8F8814B77C3145B18821B1EF331883366D",
      "ActualColumnsSha256": "EE8EC165954D8740020454A6157F2C8F8814B77C3145B18821B1EF331883366D",
      "ExpectedContentSha256": "E3B0C44298FC1C149AFBF4C8996FB92427AE41E4649B934CA495991B7852B855",
      "ActualContentSha256": "E3B0C44298FC1C149AFBF4C8996FB92427AE41E4649B934CA495991B7852B855"
    },
    {
      "Schema": "public",
      "Table": "Space_RackGenerationProfileVersion",
      "ColumnsMatch": true,
      "ContentMatch": true,
      "ExpectedRows": 0,
      "ActualRows": 0,
      "ExpectedColumnsSha256": "B4616D31CF080E694DEB4516D96D0B29E4E746A7CCE72804F599CFA20B5CB631",
      "ActualColumnsSha256": "B4616D31CF080E694DEB4516D96D0B29E4E746A7CCE72804F599CFA20B5CB631",
      "ExpectedContentSha256": "E3B0C44298FC1C149AFBF4C8996FB92427AE41E4649B934CA495991B7852B855",
      "ActualContentSha256": "E3B0C44298FC1C149AFBF4C8996FB92427AE41E4649B934CA495991B7852B855"
    },
    {
      "Schema": "public",
      "Table": "Space_RackLevelRevision",
      "ColumnsMatch": true,
      "ContentMatch": true,
      "ExpectedRows": 0,
      "ActualRows": 0,
      "ExpectedColumnsSha256": "1ED7270F252054D6BFE31FEEBD6EC8CB5CBECE18C1BA53C3343CF1B51D5B1A15",
      "ActualColumnsSha256": "1ED7270F252054D6BFE31FEEBD6EC8CB5CBECE18C1BA53C3343CF1B51D5B1A15",
      "ExpectedContentSha256": "E3B0C44298FC1C149AFBF4C8996FB92427AE41E4649B934CA495991B7852B855",
      "ActualContentSha256": "E3B0C44298FC1C149AFBF4C8996FB92427AE41E4649B934CA495991B7852B855"
    },
    {
      "Schema": "public",
      "Table": "Space_RackRevision",
      "ColumnsMatch": true,
      "ContentMatch": true,
      "ExpectedRows": 0,
      "ActualRows": 0,
      "ExpectedColumnsSha256": "EC6958261614D2B3D2290AB341A7736571F72AB1C44DE210F490CBD574D23BCF",
      "ActualColumnsSha256": "EC6958261614D2B3D2290AB341A7736571F72AB1C44DE210F490CBD574D23BCF",
      "ExpectedContentSha256": "E3B0C44298FC1C149AFBF4C8996FB92427AE41E4649B934CA495991B7852B855",
      "ActualContentSha256": "E3B0C44298FC1C149AFBF4C8996FB92427AE41E4649B934CA495991B7852B855"
    },
    {
      "Schema": "public",
      "Table": "Space_ReconciliationIssue",
      "ColumnsMatch": true,
      "ContentMatch": true,
      "ExpectedRows": 0,
      "ActualRows": 0,
      "ExpectedColumnsSha256": "0649CC799E6F0A768659D3B7400C6E1DAE643A6494FB4CE27B42F67482839212",
      "ActualColumnsSha256": "0649CC799E6F0A768659D3B7400C6E1DAE643A6494FB4CE27B42F67482839212",
      "ExpectedContentSha256": "E3B0C44298FC1C149AFBF4C8996FB92427AE41E4649B934CA495991B7852B855",
      "ActualContentSha256": "E3B0C44298FC1C149AFBF4C8996FB92427AE41E4649B934CA495991B7852B855"
    },
    {
      "Schema": "public",
      "Table": "Space_RuntimeElement",
      "ColumnsMatch": true,
      "ContentMatch": true,
      "ExpectedRows": 0,
      "ActualRows": 0,
      "ExpectedColumnsSha256": "D1ABC711FE917C938C09BC77A3F35E522D7C3C1FE2B2A5F6E1E9C11EB32E99C5",
      "ActualColumnsSha256": "D1ABC711FE917C938C09BC77A3F35E522D7C3C1FE2B2A5F6E1E9C11EB32E99C5",
      "ExpectedContentSha256": "E3B0C44298FC1C149AFBF4C8996FB92427AE41E4649B934CA495991B7852B855",
      "ActualContentSha256": "E3B0C44298FC1C149AFBF4C8996FB92427AE41E4649B934CA495991B7852B855"
    },
    {
      "Schema": "public",
      "Table": "Space_Site",
      "ColumnsMatch": true,
      "ContentMatch": true,
      "ExpectedRows": 0,
      "ActualRows": 0,
      "ExpectedColumnsSha256": "5EFEF17F9901BCC475B3A9B5A9D5F0F6C2041B4B992A5A2ACEEEEF4AE89F30FC",
      "ActualColumnsSha256": "5EFEF17F9901BCC475B3A9B5A9D5F0F6C2041B4B992A5A2ACEEEEF4AE89F30FC",
      "ExpectedContentSha256": "E3B0C44298FC1C149AFBF4C8996FB92427AE41E4649B934CA495991B7852B855",
      "ActualContentSha256": "E3B0C44298FC1C149AFBF4C8996FB92427AE41E4649B934CA495991B7852B855"
    },
    {
      "Schema": "public",
      "Table": "Space_Template",
      "ColumnsMatch": true,
      "ContentMatch": true,
      "ExpectedRows": 0,
      "ActualRows": 0,
      "ExpectedColumnsSha256": "5BCB15DDE46DB5A68CE7B03CF1623437EE56286C9D2DD47D42A621CD02E44EB0",
      "ActualColumnsSha256": "5BCB15DDE46DB5A68CE7B03CF1623437EE56286C9D2DD47D42A621CD02E44EB0",
      "ExpectedContentSha256": "E3B0C44298FC1C149AFBF4C8996FB92427AE41E4649B934CA495991B7852B855",
      "ActualContentSha256": "E3B0C44298FC1C149AFBF4C8996FB92427AE41E4649B934CA495991B7852B855"
    },
    {
      "Schema": "public",
      "Table": "Space_TenantAiWorkSlot",
      "ColumnsMatch": true,
      "ContentMatch": true,
      "ExpectedRows": 0,
      "ActualRows": 0,
      "ExpectedColumnsSha256": "7FA1498E9239D11B6B19AB76DFE4420F0B6F9817C1DF9D95A65AF6EA6E277FA9",
      "ActualColumnsSha256": "7FA1498E9239D11B6B19AB76DFE4420F0B6F9817C1DF9D95A65AF6EA6E277FA9",
      "ExpectedContentSha256": "E3B0C44298FC1C149AFBF4C8996FB92427AE41E4649B934CA495991B7852B855",
      "ActualContentSha256": "E3B0C44298FC1C149AFBF4C8996FB92427AE41E4649B934CA495991B7852B855"
    },
    {
      "Schema": "public",
      "Table": "Space_UnderlayCalibration",
      "ColumnsMatch": true,
      "ContentMatch": true,
      "ExpectedRows": 0,
      "ActualRows": 0,
      "ExpectedColumnsSha256": "AAC5224C1965CC2F981C4AB2732BD7D405154D361DBAF9F456E45C3AE504C709",
      "ActualColumnsSha256": "AAC5224C1965CC2F981C4AB2732BD7D405154D361DBAF9F456E45C3AE504C709",
      "ExpectedContentSha256": "E3B0C44298FC1C149AFBF4C8996FB92427AE41E4649B934CA495991B7852B855",
      "ActualContentSha256": "E3B0C44298FC1C149AFBF4C8996FB92427AE41E4649B934CA495991B7852B855"
    },
    {
      "Schema": "public",
      "Table": "Space_ValidationRun",
      "ColumnsMatch": true,
      "ContentMatch": true,
      "ExpectedRows": 0,
      "ActualRows": 0,
      "ExpectedColumnsSha256": "22AF36EB023267F107DCEF1B0ECA211996579963EC2B2256509226D2F6456BD1",
      "ActualColumnsSha256": "22AF36EB023267F107DCEF1B0ECA211996579963EC2B2256509226D2F6456BD1",
      "ExpectedContentSha256": "E3B0C44298FC1C149AFBF4C8996FB92427AE41E4649B934CA495991B7852B855",
      "ActualContentSha256": "E3B0C44298FC1C149AFBF4C8996FB92427AE41E4649B934CA495991B7852B855"
    },
    {
      "Schema": "public",
      "Table": "Space_WarehouseTemplate",
      "ColumnsMatch": true,
      "ContentMatch": true,
      "ExpectedRows": 0,
      "ActualRows": 0,
      "ExpectedColumnsSha256": "8CEEEC6FBFC74ED1F7B0EA044E035DDDF3A8B053C2B37E1B23669D437E766BDE",
      "ActualColumnsSha256": "8CEEEC6FBFC74ED1F7B0EA044E035DDDF3A8B053C2B37E1B23669D437E766BDE",
      "ExpectedContentSha256": "E3B0C44298FC1C149AFBF4C8996FB92427AE41E4649B934CA495991B7852B855",
      "ActualContentSha256": "E3B0C44298FC1C149AFBF4C8996FB92427AE41E4649B934CA495991B7852B855"
    },
    {
      "Schema": "public",
      "Table": "Space_WarehouseTemplateVersion",
      "ColumnsMatch": true,
      "ContentMatch": true,
      "ExpectedRows": 0,
      "ActualRows": 0,
      "ExpectedColumnsSha256": "25A76EA1F4685E424CBF2919F8E12EE2B814862F41E793220C1E2CE675DA0761",
      "ActualColumnsSha256": "25A76EA1F4685E424CBF2919F8E12EE2B814862F41E793220C1E2CE675DA0761",
      "ExpectedContentSha256": "E3B0C44298FC1C149AFBF4C8996FB92427AE41E4649B934CA495991B7852B855",
      "ActualContentSha256": "E3B0C44298FC1C149AFBF4C8996FB92427AE41E4649B934CA495991B7852B855"
    },
    {
      "Schema": "public",
      "Table": "Space_WmsAdoption",
      "ColumnsMatch": true,
      "ContentMatch": true,
      "ExpectedRows": 0,
      "ActualRows": 0,
      "ExpectedColumnsSha256": "9ECE09A0AC8FE93A1DE7AABC002321D947498954A499605020EF3B9B766A9B2B",
      "ActualColumnsSha256": "9ECE09A0AC8FE93A1DE7AABC002321D947498954A499605020EF3B9B766A9B2B",
      "ExpectedContentSha256": "E3B0C44298FC1C149AFBF4C8996FB92427AE41E4649B934CA495991B7852B855",
      "ActualContentSha256": "E3B0C44298FC1C149AFBF4C8996FB92427AE41E4649B934CA495991B7852B855"
    },
    {
      "Schema": "public",
      "Table": "Space_WmsReceipt",
      "ColumnsMatch": true,
      "ContentMatch": true,
      "ExpectedRows": 0,
      "ActualRows": 0,
      "ExpectedColumnsSha256": "C92D9F0ACCC154A9413567C31E7F60F4111E4ED452B1A75583706BA4EC1D4239",
      "ActualColumnsSha256": "C92D9F0ACCC154A9413567C31E7F60F4111E4ED452B1A75583706BA4EC1D4239",
      "ExpectedContentSha256": "E3B0C44298FC1C149AFBF4C8996FB92427AE41E4649B934CA495991B7852B855",
      "ActualContentSha256": "E3B0C44298FC1C149AFBF4C8996FB92427AE41E4649B934CA495991B7852B855"
    },
    {
      "Schema": "public",
      "Table": "Space_Zone",
      "ColumnsMatch": true,
      "ContentMatch": true,
      "ExpectedRows": 0,
      "ActualRows": 0,
      "ExpectedColumnsSha256": "104D009ACFEBFEB792B70199BC5EE9C2EB89771A5EAE90C55B1447A5245F249F",
      "ActualColumnsSha256": "104D009ACFEBFEB792B70199BC5EE9C2EB89771A5EAE90C55B1447A5245F249F",
      "ExpectedContentSha256": "E3B0C44298FC1C149AFBF4C8996FB92427AE41E4649B934CA495991B7852B855",
      "ActualContentSha256": "E3B0C44298FC1C149AFBF4C8996FB92427AE41E4649B934CA495991B7852B855"
    },
    {
      "Schema": "public",
      "Table": "Space_ZoneRevision",
      "ColumnsMatch": true,
      "ContentMatch": true,
      "ExpectedRows": 0,
      "ActualRows": 0,
      "ExpectedColumnsSha256": "62FE85894D2910339B760E24322A1BA38931C0096FDC8E7EDA2C935EFAC43C41",
      "ActualColumnsSha256": "62FE85894D2910339B760E24322A1BA38931C0096FDC8E7EDA2C935EFAC43C41",
      "ExpectedContentSha256": "E3B0C44298FC1C149AFBF4C8996FB92427AE41E4649B934CA495991B7852B855",
      "ActualContentSha256": "E3B0C44298FC1C149AFBF4C8996FB92427AE41E4649B934CA495991B7852B855"
    },
    {
      "Schema": "public",
      "Table": "Sys_BrowserSessions",
      "ColumnsMatch": true,
      "ContentMatch": true,
      "ExpectedRows": 0,
      "ActualRows": 0,
      "ExpectedColumnsSha256": "E431E6FB66352B5AA1FE7FD0EC63A3B1240DBBE3DD1AF473AD2AAE4F8D022D15",
      "ActualColumnsSha256": "E431E6FB66352B5AA1FE7FD0EC63A3B1240DBBE3DD1AF473AD2AAE4F8D022D15",
      "ExpectedContentSha256": "E3B0C44298FC1C149AFBF4C8996FB92427AE41E4649B934CA495991B7852B855",
      "ActualContentSha256": "E3B0C44298FC1C149AFBF4C8996FB92427AE41E4649B934CA495991B7852B855"
    },
    {
      "Schema": "public",
      "Table": "Sys_Dept",
      "ColumnsMatch": true,
      "ContentMatch": true,
      "ExpectedRows": 0,
      "ActualRows": 0,
      "ExpectedColumnsSha256": "E334312E8CA26061678D7057B6A8F01E2B60D556BB68BE23A2CC7D334CD82969",
      "ActualColumnsSha256": "E334312E8CA26061678D7057B6A8F01E2B60D556BB68BE23A2CC7D334CD82969",
      "ExpectedContentSha256": "E3B0C44298FC1C149AFBF4C8996FB92427AE41E4649B934CA495991B7852B855",
      "ActualContentSha256": "E3B0C44298FC1C149AFBF4C8996FB92427AE41E4649B934CA495991B7852B855"
    },
    {
      "Schema": "public",
      "Table": "Sys_DictDatas",
      "ColumnsMatch": true,
      "ContentMatch": true,
      "ExpectedRows": 5,
      "ActualRows": 5,
      "ExpectedColumnsSha256": "F6F984EDEEDAD5B40F80C95A7B77A536768407EF555F9A1EB38239DB380AFE10",
      "ActualColumnsSha256": "F6F984EDEEDAD5B40F80C95A7B77A536768407EF555F9A1EB38239DB380AFE10",
      "ExpectedContentSha256": "11E8B28EAB58818DA6D1CCE0E38F10EA8BA1EB9A5F26C3150B6B932EE964A813",
      "ActualContentSha256": "11E8B28EAB58818DA6D1CCE0E38F10EA8BA1EB9A5F26C3150B6B932EE964A813"
    },
    {
      "Schema": "public",
      "Table": "Sys_DictTypes",
      "ColumnsMatch": true,
      "ContentMatch": true,
      "ExpectedRows": 2,
      "ActualRows": 2,
      "ExpectedColumnsSha256": "ED5CB5484C4869AF31757FEF87D55E951AF21FCACDC6520110200D88AAF3B486",
      "ActualColumnsSha256": "ED5CB5484C4869AF31757FEF87D55E951AF21FCACDC6520110200D88AAF3B486",
      "ExpectedContentSha256": "703A2D704066D3E41F47BE63BC13523401058FE568E51E663B07067FCD45296F",
      "ActualContentSha256": "703A2D704066D3E41F47BE63BC13523401058FE568E51E663B07067FCD45296F"
    },
    {
      "Schema": "public",
      "Table": "Sys_FieldAuditLogs",
      "ColumnsMatch": true,
      "ContentMatch": true,
      "ExpectedRows": 760,
      "ActualRows": 760,
      "ExpectedColumnsSha256": "E64E62307ADAB678154A3AA5698A84B5D564FE112C26DCA9AC90AB7B9A6D04D9",
      "ActualColumnsSha256": "E64E62307ADAB678154A3AA5698A84B5D564FE112C26DCA9AC90AB7B9A6D04D9",
      "ExpectedContentSha256": "9BF842190C9CDD0C7BF84C6EEBCAFB1777960DA40C7D78D2F2C68BC52CC2A181",
      "ActualContentSha256": "9BF842190C9CDD0C7BF84C6EEBCAFB1777960DA40C7D78D2F2C68BC52CC2A181"
    },
    {
      "Schema": "public",
      "Table": "Sys_Langs",
      "ColumnsMatch": true,
      "ContentMatch": true,
      "ExpectedRows": 4122,
      "ActualRows": 4122,
      "ExpectedColumnsSha256": "8928D020D393E7644F79CB8093062AEAD9F1D4A37BCA28AA4026E7E3652C189C",
      "ActualColumnsSha256": "8928D020D393E7644F79CB8093062AEAD9F1D4A37BCA28AA4026E7E3652C189C",
      "ExpectedContentSha256": "3606F1CC2F8CE6142FA690B208FF62D1452E22164C49BB7F8481BDF7BE48E258",
      "ActualContentSha256": "3606F1CC2F8CE6142FA690B208FF62D1452E22164C49BB7F8481BDF7BE48E258"
    },
    {
      "Schema": "public",
      "Table": "Sys_MenuAction",
      "ColumnsMatch": true,
      "ContentMatch": true,
      "ExpectedRows": 410,
      "ActualRows": 410,
      "ExpectedColumnsSha256": "31F2D8752C1BC6FA6D2AE6151AB657F473A00C5E5D42A8864AB113852F271A2D",
      "ActualColumnsSha256": "31F2D8752C1BC6FA6D2AE6151AB657F473A00C5E5D42A8864AB113852F271A2D",
      "ExpectedContentSha256": "8042FB72E215857492460A35566C33A652BF5B00C1C42C50DA9591BD7FC61236",
      "ActualContentSha256": "8042FB72E215857492460A35566C33A652BF5B00C1C42C50DA9591BD7FC61236"
    },
    {
      "Schema": "public",
      "Table": "Sys_Menus",
      "ColumnsMatch": true,
      "ContentMatch": true,
      "ExpectedRows": 164,
      "ActualRows": 164,
      "ExpectedColumnsSha256": "C54FDB2B67A7E67B5D209FD39CC274194FBEFBED7FBA8FB641F36D4F91EC6A63",
      "ActualColumnsSha256": "C54FDB2B67A7E67B5D209FD39CC274194FBEFBED7FBA8FB641F36D4F91EC6A63",
      "ExpectedContentSha256": "273735831D2A36C8951770AA118B53F736F0908A5D5FCB2C155732E12686C357",
      "ActualContentSha256": "273735831D2A36C8951770AA118B53F736F0908A5D5FCB2C155732E12686C357"
    },
    {
      "Schema": "public",
      "Table": "Sys_OperLogs",
      "ColumnsMatch": true,
      "ContentMatch": true,
      "ExpectedRows": 8,
      "ActualRows": 8,
      "ExpectedColumnsSha256": "EB52C5880D0B61A3089313C46A7D5D4EC9E057BD16043F9590F1A194BE27F062",
      "ActualColumnsSha256": "EB52C5880D0B61A3089313C46A7D5D4EC9E057BD16043F9590F1A194BE27F062",
      "ExpectedContentSha256": "EF2A5347A042236018E3BEFF09AE7BB811495D6BB6BF2575679165175E1709B2",
      "ActualContentSha256": "EF2A5347A042236018E3BEFF09AE7BB811495D6BB6BF2575679165175E1709B2"
    },
    {
      "Schema": "public",
      "Table": "Sys_PasswordHistories",
      "ColumnsMatch": true,
      "ContentMatch": true,
      "ExpectedRows": 1,
      "ActualRows": 1,
      "ExpectedColumnsSha256": "F9EA96584EE2EF83748E73FD68048CD3D66F0ADF70F9857D696FE275CFF80210",
      "ActualColumnsSha256": "F9EA96584EE2EF83748E73FD68048CD3D66F0ADF70F9857D696FE275CFF80210",
      "ExpectedContentSha256": "E30F9D864E133F9BA6B9F5031F784F0B3DD253F96A8E3EBB1B69006BC1387D91",
      "ActualContentSha256": "E30F9D864E133F9BA6B9F5031F784F0B3DD253F96A8E3EBB1B69006BC1387D91"
    },
    {
      "Schema": "public",
      "Table": "Sys_RefreshTokens",
      "ColumnsMatch": true,
      "ContentMatch": true,
      "ExpectedRows": 6,
      "ActualRows": 6,
      "ExpectedColumnsSha256": "17DEEEBF7099F68E2FA0D07523A700186584C405CDE8D8092BAC74C138ECBE41",
      "ActualColumnsSha256": "17DEEEBF7099F68E2FA0D07523A700186584C405CDE8D8092BAC74C138ECBE41",
      "ExpectedContentSha256": "6CA9DD84CBAD5ACE27CE55CDD5BB58367659BC10028BFB7E441E0C3D84CFFCE0",
      "ActualContentSha256": "6CA9DD84CBAD5ACE27CE55CDD5BB58367659BC10028BFB7E441E0C3D84CFFCE0"
    },
    {
      "Schema": "public",
      "Table": "Sys_RoleAction",
      "ColumnsMatch": true,
      "ContentMatch": true,
      "ExpectedRows": 460,
      "ActualRows": 460,
      "ExpectedColumnsSha256": "69CD99626CAD14641B25FBAA69F08F29017ECBAF6C55C3E7C685CBE4F284352E",
      "ActualColumnsSha256": "69CD99626CAD14641B25FBAA69F08F29017ECBAF6C55C3E7C685CBE4F284352E",
      "ExpectedContentSha256": "0F93754ED5ADD1440462047F46F78EA1765252128CB6C77598471CC0437893C1",
      "ActualContentSha256": "0F93754ED5ADD1440462047F46F78EA1765252128CB6C77598471CC0437893C1"
    },
    {
      "Schema": "public",
      "Table": "Sys_RoleDataScope",
      "ColumnsMatch": true,
      "ContentMatch": true,
      "ExpectedRows": 0,
      "ActualRows": 0,
      "ExpectedColumnsSha256": "71ADD2101F0239B84D841C63968CA558C0BD70CE76B9F28934CF3453E050166D",
      "ActualColumnsSha256": "71ADD2101F0239B84D841C63968CA558C0BD70CE76B9F28934CF3453E050166D",
      "ExpectedContentSha256": "E3B0C44298FC1C149AFBF4C8996FB92427AE41E4649B934CA495991B7852B855",
      "ActualContentSha256": "E3B0C44298FC1C149AFBF4C8996FB92427AE41E4649B934CA495991B7852B855"
    },
    {
      "Schema": "public",
      "Table": "Sys_RoleFieldPerm",
      "ColumnsMatch": true,
      "ContentMatch": true,
      "ExpectedRows": 0,
      "ActualRows": 0,
      "ExpectedColumnsSha256": "55BFA196BC478A9CA780E3DA201370D0306A7583E9204FADC6B277F52BA7E44D",
      "ActualColumnsSha256": "55BFA196BC478A9CA780E3DA201370D0306A7583E9204FADC6B277F52BA7E44D",
      "ExpectedContentSha256": "E3B0C44298FC1C149AFBF4C8996FB92427AE41E4649B934CA495991B7852B855",
      "ActualContentSha256": "E3B0C44298FC1C149AFBF4C8996FB92427AE41E4649B934CA495991B7852B855"
    },
    {
      "Schema": "public",
      "Table": "Sys_RoleMenus",
      "ColumnsMatch": true,
      "ContentMatch": true,
      "ExpectedRows": 172,
      "ActualRows": 172,
      "ExpectedColumnsSha256": "EB85F77F42074FC3A504BD483FF912A51D643BA0F530C5D9246776FE25E47F40",
      "ActualColumnsSha256": "EB85F77F42074FC3A504BD483FF912A51D643BA0F530C5D9246776FE25E47F40",
      "ExpectedContentSha256": "C46377973C60AC8AB90261E4E4BB675A9ED691D7434FFCB2E9537C211B69C660",
      "ActualContentSha256": "C46377973C60AC8AB90261E4E4BB675A9ED691D7434FFCB2E9537C211B69C660"
    },
    {
      "Schema": "public",
      "Table": "Sys_Roles",
      "ColumnsMatch": true,
      "ContentMatch": true,
      "ExpectedRows": 6,
      "ActualRows": 6,
      "ExpectedColumnsSha256": "1A2771B8DF4C70FBCAC64CC97790C45CF8DFB611A28A558FA39CDCDFDD55F3F6",
      "ActualColumnsSha256": "1A2771B8DF4C70FBCAC64CC97790C45CF8DFB611A28A558FA39CDCDFDD55F3F6",
      "ExpectedContentSha256": "755E87DD9B33253FB79FCC65B6F6B1AFD90DEED8D19571E95547113B1AFDA9A0",
      "ActualContentSha256": "755E87DD9B33253FB79FCC65B6F6B1AFD90DEED8D19571E95547113B1AFDA9A0"
    },
    {
      "Schema": "public",
      "Table": "Sys_SecurityLogs",
      "ColumnsMatch": true,
      "ContentMatch": true,
      "ExpectedRows": 7,
      "ActualRows": 7,
      "ExpectedColumnsSha256": "C4B11E63963F48781D97F7939E0490B02575BD37DF003CBB660949D7412999FF",
      "ActualColumnsSha256": "C4B11E63963F48781D97F7939E0490B02575BD37DF003CBB660949D7412999FF",
      "ExpectedContentSha256": "0648193BABDCF6F1FC3AEFB00D25575128E357DEEE3B976466B8B68925377CE6",
      "ActualContentSha256": "0648193BABDCF6F1FC3AEFB00D25575128E357DEEE3B976466B8B68925377CE6"
    },
    {
      "Schema": "public",
      "Table": "Sys_TenantSsoConfigs",
      "ColumnsMatch": true,
      "ContentMatch": true,
      "ExpectedRows": 0,
      "ActualRows": 0,
      "ExpectedColumnsSha256": "26CB60EBBAEBD9B72C06DCFFB1A27E6860806219642D8A1C9B5EAE1407F2BC85",
      "ActualColumnsSha256": "26CB60EBBAEBD9B72C06DCFFB1A27E6860806219642D8A1C9B5EAE1407F2BC85",
      "ExpectedContentSha256": "E3B0C44298FC1C149AFBF4C8996FB92427AE41E4649B934CA495991B7852B855",
      "ActualContentSha256": "E3B0C44298FC1C149AFBF4C8996FB92427AE41E4649B934CA495991B7852B855"
    },
    {
      "Schema": "public",
      "Table": "Sys_Tenants",
      "ColumnsMatch": true,
      "ContentMatch": true,
      "ExpectedRows": 1,
      "ActualRows": 1,
      "ExpectedColumnsSha256": "3E7594572B0FB91AFA04A7B81609B127FFAC28CB3A38CDC585CD92C9A4DB5323",
      "ActualColumnsSha256": "3E7594572B0FB91AFA04A7B81609B127FFAC28CB3A38CDC585CD92C9A4DB5323",
      "ExpectedContentSha256": "24F2057AEF15376D257C491E3514FACFF1745F2DD6E22BCFF2695C3C2182495D",
      "ActualContentSha256": "24F2057AEF15376D257C491E3514FACFF1745F2DD6E22BCFF2695C3C2182495D"
    },
    {
      "Schema": "public",
      "Table": "Sys_UserRole",
      "ColumnsMatch": true,
      "ContentMatch": true,
      "ExpectedRows": 0,
      "ActualRows": 0,
      "ExpectedColumnsSha256": "84E9201CD2F9A55A20C52C3113BEDAD83193BE7BB1B5342BDD381297DFC948A3",
      "ActualColumnsSha256": "84E9201CD2F9A55A20C52C3113BEDAD83193BE7BB1B5342BDD381297DFC948A3",
      "ExpectedContentSha256": "E3B0C44298FC1C149AFBF4C8996FB92427AE41E4649B934CA495991B7852B855",
      "ActualContentSha256": "E3B0C44298FC1C149AFBF4C8996FB92427AE41E4649B934CA495991B7852B855"
    },
    {
      "Schema": "public",
      "Table": "Sys_Users",
      "ColumnsMatch": true,
      "ContentMatch": true,
      "ExpectedRows": 2,
      "ActualRows": 2,
      "ExpectedColumnsSha256": "2627FB1F21F6168E287AAAB28F099D5277C8C07C57090368E94E9D5D7D7C18E4",
      "ActualColumnsSha256": "2627FB1F21F6168E287AAAB28F099D5277C8C07C57090368E94E9D5D7D7C18E4",
      "ExpectedContentSha256": "08C5F61FB83F57029D5FAAA37B62E7D7E3D3C9B42AA97CCEFE8584DDB0755D9B",
      "ActualContentSha256": "08C5F61FB83F57029D5FAAA37B62E7D7E3D3C9B42AA97CCEFE8584DDB0755D9B"
    },
    {
      "Schema": "public",
      "Table": "Sys_WorkCalendar",
      "ColumnsMatch": true,
      "ContentMatch": true,
      "ExpectedRows": 35,
      "ActualRows": 35,
      "ExpectedColumnsSha256": "A60C1DF958E5DF1558BE2BA817636092529D06342FD15F418B68AD1E803D253A",
      "ActualColumnsSha256": "A60C1DF958E5DF1558BE2BA817636092529D06342FD15F418B68AD1E803D253A",
      "ExpectedContentSha256": "1D08C50F9F24E216EDEE9B3D5808335BE57FAB93A1E6EE3778A3DF910ACAE4AE",
      "ActualContentSha256": "1D08C50F9F24E216EDEE9B3D5808335BE57FAB93A1E6EE3778A3DF910ACAE4AE"
    },
    {
      "Schema": "public",
      "Table": "T_BarcodeAlias",
      "ColumnsMatch": true,
      "ContentMatch": true,
      "ExpectedRows": 0,
      "ActualRows": 0,
      "ExpectedColumnsSha256": "A0CD4A1021E3AB6C097910EB43F918B30E06594B3D5E2BE4DD3FAE38004E0E0F",
      "ActualColumnsSha256": "A0CD4A1021E3AB6C097910EB43F918B30E06594B3D5E2BE4DD3FAE38004E0E0F",
      "ExpectedContentSha256": "E3B0C44298FC1C149AFBF4C8996FB92427AE41E4649B934CA495991B7852B855",
      "ActualContentSha256": "E3B0C44298FC1C149AFBF4C8996FB92427AE41E4649B934CA495991B7852B855"
    },
    {
      "Schema": "public",
      "Table": "T_BarcodeProfile",
      "ColumnsMatch": true,
      "ContentMatch": true,
      "ExpectedRows": 0,
      "ActualRows": 0,
      "ExpectedColumnsSha256": "4D2152A3A9B0D1272A4F9E32A4E1A89E2B23A75786BF86B05E5BC82BC944DCE2",
      "ActualColumnsSha256": "4D2152A3A9B0D1272A4F9E32A4E1A89E2B23A75786BF86B05E5BC82BC944DCE2",
      "ExpectedContentSha256": "E3B0C44298FC1C149AFBF4C8996FB92427AE41E4649B934CA495991B7852B855",
      "ActualContentSha256": "E3B0C44298FC1C149AFBF4C8996FB92427AE41E4649B934CA495991B7852B855"
    },
    {
      "Schema": "public",
      "Table": "T_CarrierShipment",
      "ColumnsMatch": true,
      "ContentMatch": true,
      "ExpectedRows": 0,
      "ActualRows": 0,
      "ExpectedColumnsSha256": "B1B7C0F3B82D3D1B9E21DA31CAF7E01A712497A18266267B080A642AE769F9B5",
      "ActualColumnsSha256": "B1B7C0F3B82D3D1B9E21DA31CAF7E01A712497A18266267B080A642AE769F9B5",
      "ExpectedContentSha256": "E3B0C44298FC1C149AFBF4C8996FB92427AE41E4649B934CA495991B7852B855",
      "ActualContentSha256": "E3B0C44298FC1C149AFBF4C8996FB92427AE41E4649B934CA495991B7852B855"
    },
    {
      "Schema": "public",
      "Table": "T_ClientDevice",
      "ColumnsMatch": true,
      "ContentMatch": true,
      "ExpectedRows": 0,
      "ActualRows": 0,
      "ExpectedColumnsSha256": "94F1A6D266F7F40F04399CC8FADCE2B85F2378FADB0D1BF55024B48F0B873033",
      "ActualColumnsSha256": "94F1A6D266F7F40F04399CC8FADCE2B85F2378FADB0D1BF55024B48F0B873033",
      "ExpectedContentSha256": "E3B0C44298FC1C149AFBF4C8996FB92427AE41E4649B934CA495991B7852B855",
      "ActualContentSha256": "E3B0C44298FC1C149AFBF4C8996FB92427AE41E4649B934CA495991B7852B855"
    },
    {
      "Schema": "public",
      "Table": "T_CreditNote",
      "ColumnsMatch": true,
      "ContentMatch": true,
      "ExpectedRows": 0,
      "ActualRows": 0,
      "ExpectedColumnsSha256": "3B3791E220868DE421D4938BFDAB0D3ED7FE5B100B96F452995A6C3E96645833",
      "ActualColumnsSha256": "3B3791E220868DE421D4938BFDAB0D3ED7FE5B100B96F452995A6C3E96645833",
      "ExpectedContentSha256": "E3B0C44298FC1C149AFBF4C8996FB92427AE41E4649B934CA495991B7852B855",
      "ActualContentSha256": "E3B0C44298FC1C149AFBF4C8996FB92427AE41E4649B934CA495991B7852B855"
    },
    {
      "Schema": "public",
      "Table": "T_CrossDockOrder",
      "ColumnsMatch": true,
      "ContentMatch": true,
      "ExpectedRows": 0,
      "ActualRows": 0,
      "ExpectedColumnsSha256": "7255FD7A7E6585E07958CB0D5CF75880907ADCFCA18889EF47CABC2802725DD6",
      "ActualColumnsSha256": "7255FD7A7E6585E07958CB0D5CF75880907ADCFCA18889EF47CABC2802725DD6",
      "ExpectedContentSha256": "E3B0C44298FC1C149AFBF4C8996FB92427AE41E4649B934CA495991B7852B855",
      "ActualContentSha256": "E3B0C44298FC1C149AFBF4C8996FB92427AE41E4649B934CA495991B7852B855"
    },
    {
      "Schema": "public",
      "Table": "T_DefectRecord",
      "ColumnsMatch": true,
      "ContentMatch": true,
      "ExpectedRows": 0,
      "ActualRows": 0,
      "ExpectedColumnsSha256": "0992A850C2917A2E0064AA392858437D478C2C69ABB8C1A772E9ABF7197FB0F5",
      "ActualColumnsSha256": "0992A850C2917A2E0064AA392858437D478C2C69ABB8C1A772E9ABF7197FB0F5",
      "ExpectedContentSha256": "E3B0C44298FC1C149AFBF4C8996FB92427AE41E4649B934CA495991B7852B855",
      "ActualContentSha256": "E3B0C44298FC1C149AFBF4C8996FB92427AE41E4649B934CA495991B7852B855"
    },
    {
      "Schema": "public",
      "Table": "T_DeviceActivation",
      "ColumnsMatch": true,
      "ContentMatch": true,
      "ExpectedRows": 0,
      "ActualRows": 0,
      "ExpectedColumnsSha256": "C42037BBB679606846CEC09CE32D97ACBF60F4E0E53347DCAD1B8270811A1393",
      "ActualColumnsSha256": "C42037BBB679606846CEC09CE32D97ACBF60F4E0E53347DCAD1B8270811A1393",
      "ExpectedContentSha256": "E3B0C44298FC1C149AFBF4C8996FB92427AE41E4649B934CA495991B7852B855",
      "ActualContentSha256": "E3B0C44298FC1C149AFBF4C8996FB92427AE41E4649B934CA495991B7852B855"
    },
    {
      "Schema": "public",
      "Table": "T_DocSequence",
      "ColumnsMatch": true,
      "ContentMatch": true,
      "ExpectedRows": 0,
      "ActualRows": 0,
      "ExpectedColumnsSha256": "B056F4069D56BAAFEB08E2A67AA38E3C077B8DA0040DBA4E425C0DF461C82A19",
      "ActualColumnsSha256": "B056F4069D56BAAFEB08E2A67AA38E3C077B8DA0040DBA4E425C0DF461C82A19",
      "ExpectedContentSha256": "E3B0C44298FC1C149AFBF4C8996FB92427AE41E4649B934CA495991B7852B855",
      "ActualContentSha256": "E3B0C44298FC1C149AFBF4C8996FB92427AE41E4649B934CA495991B7852B855"
    },
    {
      "Schema": "public",
      "Table": "T_EstimateCalc",
      "ColumnsMatch": true,
      "ContentMatch": true,
      "ExpectedRows": 0,
      "ActualRows": 0,
      "ExpectedColumnsSha256": "6E068470594CF28EEAEC15B27DEBC492D4724B14019B9C469BB8550AFBD8490E",
      "ActualColumnsSha256": "6E068470594CF28EEAEC15B27DEBC492D4724B14019B9C469BB8550AFBD8490E",
      "ExpectedContentSha256": "E3B0C44298FC1C149AFBF4C8996FB92427AE41E4649B934CA495991B7852B855",
      "ActualContentSha256": "E3B0C44298FC1C149AFBF4C8996FB92427AE41E4649B934CA495991B7852B855"
    },
    {
      "Schema": "public",
      "Table": "T_EstimateCalcProcess",
      "ColumnsMatch": true,
      "ContentMatch": true,
      "ExpectedRows": 0,
      "ActualRows": 0,
      "ExpectedColumnsSha256": "15716D1E16E5A174C352045988CDEE57B767D83616116AB2858F9B0F59FD72B6",
      "ActualColumnsSha256": "15716D1E16E5A174C352045988CDEE57B767D83616116AB2858F9B0F59FD72B6",
      "ExpectedContentSha256": "E3B0C44298FC1C149AFBF4C8996FB92427AE41E4649B934CA495991B7852B855",
      "ActualContentSha256": "E3B0C44298FC1C149AFBF4C8996FB92427AE41E4649B934CA495991B7852B855"
    },
    {
      "Schema": "public",
      "Table": "T_FscChecklist",
      "ColumnsMatch": true,
      "ContentMatch": true,
      "ExpectedRows": 0,
      "ActualRows": 0,
      "ExpectedColumnsSha256": "C6AB2393B9E656059EBD6D177BDDDCED9D6BCF5089D731ECFE1D545FC1307ABA",
      "ActualColumnsSha256": "C6AB2393B9E656059EBD6D177BDDDCED9D6BCF5089D731ECFE1D545FC1307ABA",
      "ExpectedContentSha256": "E3B0C44298FC1C149AFBF4C8996FB92427AE41E4649B934CA495991B7852B855",
      "ActualContentSha256": "E3B0C44298FC1C149AFBF4C8996FB92427AE41E4649B934CA495991B7852B855"
    },
    {
      "Schema": "public",
      "Table": "T_FxRate",
      "ColumnsMatch": true,
      "ContentMatch": true,
      "ExpectedRows": 0,
      "ActualRows": 0,
      "ExpectedColumnsSha256": "8B38E1315A2B76D464F30ADC10C9F4E6841C3141048460E41430222657887F05",
      "ActualColumnsSha256": "8B38E1315A2B76D464F30ADC10C9F4E6841C3141048460E41430222657887F05",
      "ExpectedContentSha256": "E3B0C44298FC1C149AFBF4C8996FB92427AE41E4649B934CA495991B7852B855",
      "ActualContentSha256": "E3B0C44298FC1C149AFBF4C8996FB92427AE41E4649B934CA495991B7852B855"
    },
    {
      "Schema": "public",
      "Table": "T_InboundOrder",
      "ColumnsMatch": true,
      "ContentMatch": true,
      "ExpectedRows": 0,
      "ActualRows": 0,
      "ExpectedColumnsSha256": "1F31CEEB3A0C0FAEA516C2BBBFD5BB851D0C4695F7D94886E19842404F0210AD",
      "ActualColumnsSha256": "1F31CEEB3A0C0FAEA516C2BBBFD5BB851D0C4695F7D94886E19842404F0210AD",
      "ExpectedContentSha256": "E3B0C44298FC1C149AFBF4C8996FB92427AE41E4649B934CA495991B7852B855",
      "ActualContentSha256": "E3B0C44298FC1C149AFBF4C8996FB92427AE41E4649B934CA495991B7852B855"
    },
    {
      "Schema": "public",
      "Table": "T_InboundOrderDetail",
      "ColumnsMatch": true,
      "ContentMatch": true,
      "ExpectedRows": 0,
      "ActualRows": 0,
      "ExpectedColumnsSha256": "7921D83E3DA5BF49ACE4ADCDE7DD492F822AF5D55292FC2DFBFE688EABDB9218",
      "ActualColumnsSha256": "7921D83E3DA5BF49ACE4ADCDE7DD492F822AF5D55292FC2DFBFE688EABDB9218",
      "ExpectedContentSha256": "E3B0C44298FC1C149AFBF4C8996FB92427AE41E4649B934CA495991B7852B855",
      "ActualContentSha256": "E3B0C44298FC1C149AFBF4C8996FB92427AE41E4649B934CA495991B7852B855"
    },
    {
      "Schema": "public",
      "Table": "T_InboundReceipt",
      "ColumnsMatch": true,
      "ContentMatch": true,
      "ExpectedRows": 0,
      "ActualRows": 0,
      "ExpectedColumnsSha256": "DAD5F5B3B8BA430E1F5B120349938BE0F67E3F46482E02281ADB04FF07018C08",
      "ActualColumnsSha256": "DAD5F5B3B8BA430E1F5B120349938BE0F67E3F46482E02281ADB04FF07018C08",
      "ExpectedContentSha256": "E3B0C44298FC1C149AFBF4C8996FB92427AE41E4649B934CA495991B7852B855",
      "ActualContentSha256": "E3B0C44298FC1C149AFBF4C8996FB92427AE41E4649B934CA495991B7852B855"
    },
    {
      "Schema": "public",
      "Table": "T_InboundReceiptDetail",
      "ColumnsMatch": true,
      "ContentMatch": true,
      "ExpectedRows": 0,
      "ActualRows": 0,
      "ExpectedColumnsSha256": "4B0B7DD70203923BE9E534C36BAA64F80F6F9B84FC743C98C4D34602791267C4",
      "ActualColumnsSha256": "4B0B7DD70203923BE9E534C36BAA64F80F6F9B84FC743C98C4D34602791267C4",
      "ExpectedContentSha256": "E3B0C44298FC1C149AFBF4C8996FB92427AE41E4649B934CA495991B7852B855",
      "ActualContentSha256": "E3B0C44298FC1C149AFBF4C8996FB92427AE41E4649B934CA495991B7852B855"
    },
    {
      "Schema": "public",
      "Table": "T_InkColorMatchHistory",
      "ColumnsMatch": true,
      "ContentMatch": true,
      "ExpectedRows": 0,
      "ActualRows": 0,
      "ExpectedColumnsSha256": "356DD9650EABD3CE12783EBAC7FD374251375F20E876D0E2DF1912859A027F35",
      "ActualColumnsSha256": "356DD9650EABD3CE12783EBAC7FD374251375F20E876D0E2DF1912859A027F35",
      "ExpectedContentSha256": "E3B0C44298FC1C149AFBF4C8996FB92427AE41E4649B934CA495991B7852B855",
      "ActualContentSha256": "E3B0C44298FC1C149AFBF4C8996FB92427AE41E4649B934CA495991B7852B855"
    },
    {
      "Schema": "public",
      "Table": "T_InkLot",
      "ColumnsMatch": true,
      "ContentMatch": true,
      "ExpectedRows": 0,
      "ActualRows": 0,
      "ExpectedColumnsSha256": "E657EA531F14AADF5A1860D5B08E4A01F97BCD48697694B3C6D72FF16325FED4",
      "ActualColumnsSha256": "E657EA531F14AADF5A1860D5B08E4A01F97BCD48697694B3C6D72FF16325FED4",
      "ExpectedContentSha256": "E3B0C44298FC1C149AFBF4C8996FB92427AE41E4649B934CA495991B7852B855",
      "ActualContentSha256": "E3B0C44298FC1C149AFBF4C8996FB92427AE41E4649B934CA495991B7852B855"
    },
    {
      "Schema": "public",
      "Table": "T_IntegrationEvent",
      "ColumnsMatch": true,
      "ContentMatch": true,
      "ExpectedRows": 0,
      "ActualRows": 0,
      "ExpectedColumnsSha256": "E23CE55C2227AD4554D94AC5F63BC18768546BFC7720364BC96A26C78B760455",
      "ActualColumnsSha256": "E23CE55C2227AD4554D94AC5F63BC18768546BFC7720364BC96A26C78B760455",
      "ExpectedContentSha256": "E3B0C44298FC1C149AFBF4C8996FB92427AE41E4649B934CA495991B7852B855",
      "ActualContentSha256": "E3B0C44298FC1C149AFBF4C8996FB92427AE41E4649B934CA495991B7852B855"
    },
    {
      "Schema": "public",
      "Table": "T_IotSensor",
      "ColumnsMatch": true,
      "ContentMatch": true,
      "ExpectedRows": 0,
      "ActualRows": 0,
      "ExpectedColumnsSha256": "67D70249DEA1FCACA05F844103D35C91B64B793F85DF487699B2B1ACDEA6BF4A",
      "ActualColumnsSha256": "67D70249DEA1FCACA05F844103D35C91B64B793F85DF487699B2B1ACDEA6BF4A",
      "ExpectedContentSha256": "E3B0C44298FC1C149AFBF4C8996FB92427AE41E4649B934CA495991B7852B855",
      "ActualContentSha256": "E3B0C44298FC1C149AFBF4C8996FB92427AE41E4649B934CA495991B7852B855"
    },
    {
      "Schema": "public",
      "Table": "T_IotSensorReading",
      "ColumnsMatch": true,
      "ContentMatch": true,
      "ExpectedRows": 0,
      "ActualRows": 0,
      "ExpectedColumnsSha256": "211699B0727FB3031FE4FC236B2593C0DC3B20A80352B426C7DEE893E0B63C91",
      "ActualColumnsSha256": "211699B0727FB3031FE4FC236B2593C0DC3B20A80352B426C7DEE893E0B63C91",
      "ExpectedContentSha256": "E3B0C44298FC1C149AFBF4C8996FB92427AE41E4649B934CA495991B7852B855",
      "ActualContentSha256": "E3B0C44298FC1C149AFBF4C8996FB92427AE41E4649B934CA495991B7852B855"
    },
    {
      "Schema": "public",
      "Table": "T_KitMaster",
      "ColumnsMatch": true,
      "ContentMatch": true,
      "ExpectedRows": 0,
      "ActualRows": 0,
      "ExpectedColumnsSha256": "BF385AFFFA492ECE3331DEC9D460BDFB6562256630A9EE840D7530C58E0161B7",
      "ActualColumnsSha256": "BF385AFFFA492ECE3331DEC9D460BDFB6562256630A9EE840D7530C58E0161B7",
      "ExpectedContentSha256": "E3B0C44298FC1C149AFBF4C8996FB92427AE41E4649B934CA495991B7852B855",
      "ActualContentSha256": "E3B0C44298FC1C149AFBF4C8996FB92427AE41E4649B934CA495991B7852B855"
    },
    {
      "Schema": "public",
      "Table": "T_KitMasterComponent",
      "ColumnsMatch": true,
      "ContentMatch": true,
      "ExpectedRows": 0,
      "ActualRows": 0,
      "ExpectedColumnsSha256": "76276491884C6DD582C7B0E407A4D4FB733F5ECB0EAB182BE5E0099350253F04",
      "ActualColumnsSha256": "76276491884C6DD582C7B0E407A4D4FB733F5ECB0EAB182BE5E0099350253F04",
      "ExpectedContentSha256": "E3B0C44298FC1C149AFBF4C8996FB92427AE41E4649B934CA495991B7852B855",
      "ActualContentSha256": "E3B0C44298FC1C149AFBF4C8996FB92427AE41E4649B934CA495991B7852B855"
    },
    {
      "Schema": "public",
      "Table": "T_KitOrder",
      "ColumnsMatch": true,
      "ContentMatch": true,
      "ExpectedRows": 0,
      "ActualRows": 0,
      "ExpectedColumnsSha256": "86ACEBD8102C852A4AE790B4C9C6E0428B67629AC6A1848CA191D2CD54715327",
      "ActualColumnsSha256": "86ACEBD8102C852A4AE790B4C9C6E0428B67629AC6A1848CA191D2CD54715327",
      "ExpectedContentSha256": "E3B0C44298FC1C149AFBF4C8996FB92427AE41E4649B934CA495991B7852B855",
      "ActualContentSha256": "E3B0C44298FC1C149AFBF4C8996FB92427AE41E4649B934CA495991B7852B855"
    },
    {
      "Schema": "public",
      "Table": "T_LabelJob",
      "ColumnsMatch": true,
      "ContentMatch": true,
      "ExpectedRows": 0,
      "ActualRows": 0,
      "ExpectedColumnsSha256": "4A382A574DC2C1DB76EAD3DBD1827D85F2A07942998E31B249F1380B95D75810",
      "ActualColumnsSha256": "4A382A574DC2C1DB76EAD3DBD1827D85F2A07942998E31B249F1380B95D75810",
      "ExpectedContentSha256": "E3B0C44298FC1C149AFBF4C8996FB92427AE41E4649B934CA495991B7852B855",
      "ActualContentSha256": "E3B0C44298FC1C149AFBF4C8996FB92427AE41E4649B934CA495991B7852B855"
    },
    {
      "Schema": "public",
      "Table": "T_LabelTemplate",
      "ColumnsMatch": true,
      "ContentMatch": true,
      "ExpectedRows": 0,
      "ActualRows": 0,
      "ExpectedColumnsSha256": "1DC975EC36779BCF9CA65A8792BA5DCD8FFCDC1DE62F303FEA6C7177FB7B38BB",
      "ActualColumnsSha256": "1DC975EC36779BCF9CA65A8792BA5DCD8FFCDC1DE62F303FEA6C7177FB7B38BB",
      "ExpectedContentSha256": "E3B0C44298FC1C149AFBF4C8996FB92427AE41E4649B934CA495991B7852B855",
      "ActualContentSha256": "E3B0C44298FC1C149AFBF4C8996FB92427AE41E4649B934CA495991B7852B855"
    },
    {
      "Schema": "public",
      "Table": "T_Location",
      "ColumnsMatch": true,
      "ContentMatch": true,
      "ExpectedRows": 0,
      "ActualRows": 0,
      "ExpectedColumnsSha256": "D4E8F1FC5D50D39703504DBD8F499D8B82D4C82E5EF7160C83992AE9DF159A4C",
      "ActualColumnsSha256": "D4E8F1FC5D50D39703504DBD8F499D8B82D4C82E5EF7160C83992AE9DF159A4C",
      "ExpectedContentSha256": "E3B0C44298FC1C149AFBF4C8996FB92427AE41E4649B934CA495991B7852B855",
      "ActualContentSha256": "E3B0C44298FC1C149AFBF4C8996FB92427AE41E4649B934CA495991B7852B855"
    },
    {
      "Schema": "public",
      "Table": "T_LogisticsUnit",
      "ColumnsMatch": true,
      "ContentMatch": true,
      "ExpectedRows": 0,
      "ActualRows": 0,
      "ExpectedColumnsSha256": "FC7B209F4F3C50C72BEEAC8569C8C8085EF9FB56799576D3A1BCD8023CDEAC55",
      "ActualColumnsSha256": "FC7B209F4F3C50C72BEEAC8569C8C8085EF9FB56799576D3A1BCD8023CDEAC55",
      "ExpectedContentSha256": "E3B0C44298FC1C149AFBF4C8996FB92427AE41E4649B934CA495991B7852B855",
      "ActualContentSha256": "E3B0C44298FC1C149AFBF4C8996FB92427AE41E4649B934CA495991B7852B855"
    },
    {
      "Schema": "public",
      "Table": "T_LpnClosure",
      "ColumnsMatch": true,
      "ContentMatch": true,
      "ExpectedRows": 0,
      "ActualRows": 0,
      "ExpectedColumnsSha256": "FEC6AA7DFD8DBA7DBDBA3F36796CA4BDDC34383B8A09C3F72D89F38B2E5BBCAC",
      "ActualColumnsSha256": "FEC6AA7DFD8DBA7DBDBA3F36796CA4BDDC34383B8A09C3F72D89F38B2E5BBCAC",
      "ExpectedContentSha256": "E3B0C44298FC1C149AFBF4C8996FB92427AE41E4649B934CA495991B7852B855",
      "ActualContentSha256": "E3B0C44298FC1C149AFBF4C8996FB92427AE41E4649B934CA495991B7852B855"
    },
    {
      "Schema": "public",
      "Table": "T_LpnContent",
      "ColumnsMatch": true,
      "ContentMatch": true,
      "ExpectedRows": 0,
      "ActualRows": 0,
      "ExpectedColumnsSha256": "165C5C5F4AA2554A8634A1682E0009CBFD13731AF53366BC6E983905FCB23F2B",
      "ActualColumnsSha256": "165C5C5F4AA2554A8634A1682E0009CBFD13731AF53366BC6E983905FCB23F2B",
      "ExpectedContentSha256": "E3B0C44298FC1C149AFBF4C8996FB92427AE41E4649B934CA495991B7852B855",
      "ActualContentSha256": "E3B0C44298FC1C149AFBF4C8996FB92427AE41E4649B934CA495991B7852B855"
    },
    {
      "Schema": "public",
      "Table": "T_LpnEvent",
      "ColumnsMatch": true,
      "ContentMatch": true,
      "ExpectedRows": 0,
      "ActualRows": 0,
      "ExpectedColumnsSha256": "F5AD9A7C9E54A6B44ECED30004804D31EAEC00BF111D912C1A1FDFE17ACA29CE",
      "ActualColumnsSha256": "F5AD9A7C9E54A6B44ECED30004804D31EAEC00BF111D912C1A1FDFE17ACA29CE",
      "ExpectedContentSha256": "E3B0C44298FC1C149AFBF4C8996FB92427AE41E4649B934CA495991B7852B855",
      "ActualContentSha256": "E3B0C44298FC1C149AFBF4C8996FB92427AE41E4649B934CA495991B7852B855"
    },
    {
      "Schema": "public",
      "Table": "T_LpnPolicy",
      "ColumnsMatch": true,
      "ContentMatch": true,
      "ExpectedRows": 0,
      "ActualRows": 0,
      "ExpectedColumnsSha256": "D7C0FE4225AD46A87A67A7CAC28E55345337C56F2084FC78E86077A541A76EF5",
      "ActualColumnsSha256": "D7C0FE4225AD46A87A67A7CAC28E55345337C56F2084FC78E86077A541A76EF5",
      "ExpectedContentSha256": "E3B0C44298FC1C149AFBF4C8996FB92427AE41E4649B934CA495991B7852B855",
      "ActualContentSha256": "E3B0C44298FC1C149AFBF4C8996FB92427AE41E4649B934CA495991B7852B855"
    },
    {
      "Schema": "public",
      "Table": "T_MachineDowntime",
      "ColumnsMatch": true,
      "ContentMatch": true,
      "ExpectedRows": 0,
      "ActualRows": 0,
      "ExpectedColumnsSha256": "1621A311644BA9037F6FA1DC8FC6110BB7FB1A0BBC073F2624E009B38F45F0CD",
      "ActualColumnsSha256": "1621A311644BA9037F6FA1DC8FC6110BB7FB1A0BBC073F2624E009B38F45F0CD",
      "ExpectedContentSha256": "E3B0C44298FC1C149AFBF4C8996FB92427AE41E4649B934CA495991B7852B855",
      "ActualContentSha256": "E3B0C44298FC1C149AFBF4C8996FB92427AE41E4649B934CA495991B7852B855"
    },
    {
      "Schema": "public",
      "Table": "T_MaterialShortage",
      "ColumnsMatch": true,
      "ContentMatch": true,
      "ExpectedRows": 0,
      "ActualRows": 0,
      "ExpectedColumnsSha256": "3CBBC404AD758DB15692BE2F65C26DE16268D811F96AB58E6DE3A85FCDF05C07",
      "ActualColumnsSha256": "3CBBC404AD758DB15692BE2F65C26DE16268D811F96AB58E6DE3A85FCDF05C07",
      "ExpectedContentSha256": "E3B0C44298FC1C149AFBF4C8996FB92427AE41E4649B934CA495991B7852B855",
      "ActualContentSha256": "E3B0C44298FC1C149AFBF4C8996FB92427AE41E4649B934CA495991B7852B855"
    },
    {
      "Schema": "public",
      "Table": "T_MesSequence",
      "ColumnsMatch": true,
      "ContentMatch": true,
      "ExpectedRows": 0,
      "ActualRows": 0,
      "ExpectedColumnsSha256": "12922FD60F07AC949D7028412709E2A3B73106FED500B55B364A9D96C9FAEA03",
      "ActualColumnsSha256": "12922FD60F07AC949D7028412709E2A3B73106FED500B55B364A9D96C9FAEA03",
      "ExpectedContentSha256": "E3B0C44298FC1C149AFBF4C8996FB92427AE41E4649B934CA495991B7852B855",
      "ActualContentSha256": "E3B0C44298FC1C149AFBF4C8996FB92427AE41E4649B934CA495991B7852B855"
    },
    {
      "Schema": "public",
      "Table": "T_MobileTask",
      "ColumnsMatch": true,
      "ContentMatch": true,
      "ExpectedRows": 0,
      "ActualRows": 0,
      "ExpectedColumnsSha256": "5970B266C5E7292D33649DFB39DBCC1E1DE662B49EE37140D689FCD843B4C602",
      "ActualColumnsSha256": "5970B266C5E7292D33649DFB39DBCC1E1DE662B49EE37140D689FCD843B4C602",
      "ExpectedContentSha256": "E3B0C44298FC1C149AFBF4C8996FB92427AE41E4649B934CA495991B7852B855",
      "ActualContentSha256": "E3B0C44298FC1C149AFBF4C8996FB92427AE41E4649B934CA495991B7852B855"
    },
    {
      "Schema": "public",
      "Table": "T_MobileTaskEvent",
      "ColumnsMatch": true,
      "ContentMatch": true,
      "ExpectedRows": 0,
      "ActualRows": 0,
      "ExpectedColumnsSha256": "B17AF4A7C84DDE78266D7EDDBEB5B319BC930B92BF8A53F4545167896BC058AC",
      "ActualColumnsSha256": "B17AF4A7C84DDE78266D7EDDBEB5B319BC930B92BF8A53F4545167896BC058AC",
      "ExpectedContentSha256": "E3B0C44298FC1C149AFBF4C8996FB92427AE41E4649B934CA495991B7852B855",
      "ActualContentSha256": "E3B0C44298FC1C149AFBF4C8996FB92427AE41E4649B934CA495991B7852B855"
    },
    {
      "Schema": "public",
      "Table": "T_MobileTaskReservation",
      "ColumnsMatch": true,
      "ContentMatch": true,
      "ExpectedRows": 0,
      "ActualRows": 0,
      "ExpectedColumnsSha256": "3747999FEDB392CECED0016EF74AD87DA3762226599E4F2F94096BA2822C370D",
      "ActualColumnsSha256": "3747999FEDB392CECED0016EF74AD87DA3762226599E4F2F94096BA2822C370D",
      "ExpectedContentSha256": "E3B0C44298FC1C149AFBF4C8996FB92427AE41E4649B934CA495991B7852B855",
      "ActualContentSha256": "E3B0C44298FC1C149AFBF4C8996FB92427AE41E4649B934CA495991B7852B855"
    },
    {
      "Schema": "public",
      "Table": "T_MobileTaskScanLog",
      "ColumnsMatch": true,
      "ContentMatch": true,
      "ExpectedRows": 0,
      "ActualRows": 0,
      "ExpectedColumnsSha256": "7665248B5D388766503CD992A3C26FF0FCCC404CB341417F26CD7D9A983EB048",
      "ActualColumnsSha256": "7665248B5D388766503CD992A3C26FF0FCCC404CB341417F26CD7D9A983EB048",
      "ExpectedContentSha256": "E3B0C44298FC1C149AFBF4C8996FB92427AE41E4649B934CA495991B7852B855",
      "ActualContentSha256": "E3B0C44298FC1C149AFBF4C8996FB92427AE41E4649B934CA495991B7852B855"
    },
    {
      "Schema": "public",
      "Table": "T_OeeDaily",
      "ColumnsMatch": true,
      "ContentMatch": true,
      "ExpectedRows": 6,
      "ActualRows": 6,
      "ExpectedColumnsSha256": "8462B31165918B11D6ED8446D4A9F702CAAE43633A2B829FF4384BB88A78EE32",
      "ActualColumnsSha256": "8462B31165918B11D6ED8446D4A9F702CAAE43633A2B829FF4384BB88A78EE32",
      "ExpectedContentSha256": "F09281826BF702D087AC9FA62F6378275D90455CB8307CBCC00260EA61CC7AF5",
      "ActualContentSha256": "F09281826BF702D087AC9FA62F6378275D90455CB8307CBCC00260EA61CC7AF5"
    },
    {
      "Schema": "public",
      "Table": "T_Order",
      "ColumnsMatch": true,
      "ContentMatch": true,
      "ExpectedRows": 0,
      "ActualRows": 0,
      "ExpectedColumnsSha256": "0D72B3FAA5C40654F9E012B5F100CE4924CB45A83C327485CB086FCAD6FCE9D6",
      "ActualColumnsSha256": "0D72B3FAA5C40654F9E012B5F100CE4924CB45A83C327485CB086FCAD6FCE9D6",
      "ExpectedContentSha256": "E3B0C44298FC1C149AFBF4C8996FB92427AE41E4649B934CA495991B7852B855",
      "ActualContentSha256": "E3B0C44298FC1C149AFBF4C8996FB92427AE41E4649B934CA495991B7852B855"
    },
    {
      "Schema": "public",
      "Table": "T_OrderDetail",
      "ColumnsMatch": true,
      "ContentMatch": true,
      "ExpectedRows": 0,
      "ActualRows": 0,
      "ExpectedColumnsSha256": "032EDEA6B3E5A3D1873AF6ACDEEC41FE5568BD69372C703AE5A103D236D01F3C",
      "ActualColumnsSha256": "032EDEA6B3E5A3D1873AF6ACDEEC41FE5568BD69372C703AE5A103D236D01F3C",
      "ExpectedContentSha256": "E3B0C44298FC1C149AFBF4C8996FB92427AE41E4649B934CA495991B7852B855",
      "ActualContentSha256": "E3B0C44298FC1C149AFBF4C8996FB92427AE41E4649B934CA495991B7852B855"
    },
    {
      "Schema": "public",
      "Table": "T_OrderMaterial",
      "ColumnsMatch": true,
      "ContentMatch": true,
      "ExpectedRows": 0,
      "ActualRows": 0,
      "ExpectedColumnsSha256": "D5760C8D6DCEF175F8EEF2ADB7DEC99E4EF846195C4E46F03B14992D194E2F2D",
      "ActualColumnsSha256": "D5760C8D6DCEF175F8EEF2ADB7DEC99E4EF846195C4E46F03B14992D194E2F2D",
      "ExpectedContentSha256": "E3B0C44298FC1C149AFBF4C8996FB92427AE41E4649B934CA495991B7852B855",
      "ActualContentSha256": "E3B0C44298FC1C149AFBF4C8996FB92427AE41E4649B934CA495991B7852B855"
    },
    {
      "Schema": "public",
      "Table": "T_OrderProcess",
      "ColumnsMatch": true,
      "ContentMatch": true,
      "ExpectedRows": 0,
      "ActualRows": 0,
      "ExpectedColumnsSha256": "86D06D415C3DBB8A6F2B50CF1FA9C5760C6BAABA97ABD46E65901D7D3C1B8383",
      "ActualColumnsSha256": "86D06D415C3DBB8A6F2B50CF1FA9C5760C6BAABA97ABD46E65901D7D3C1B8383",
      "ExpectedContentSha256": "E3B0C44298FC1C149AFBF4C8996FB92427AE41E4649B934CA495991B7852B855",
      "ActualContentSha256": "E3B0C44298FC1C149AFBF4C8996FB92427AE41E4649B934CA495991B7852B855"
    },
    {
      "Schema": "public",
      "Table": "T_OrderProcessNote",
      "ColumnsMatch": true,
      "ContentMatch": true,
      "ExpectedRows": 0,
      "ActualRows": 0,
      "ExpectedColumnsSha256": "8582AE56169F7C8555A91F310B5891D3D252B72F7EC1F70BD05863ECDF509B14",
      "ActualColumnsSha256": "8582AE56169F7C8555A91F310B5891D3D252B72F7EC1F70BD05863ECDF509B14",
      "ExpectedContentSha256": "E3B0C44298FC1C149AFBF4C8996FB92427AE41E4649B934CA495991B7852B855",
      "ActualContentSha256": "E3B0C44298FC1C149AFBF4C8996FB92427AE41E4649B934CA495991B7852B855"
    },
    {
      "Schema": "public",
      "Table": "T_OutboundOrder",
      "ColumnsMatch": true,
      "ContentMatch": true,
      "ExpectedRows": 0,
      "ActualRows": 0,
      "ExpectedColumnsSha256": "644CDB50CDC2C033BEF396897AB5B559AFEC184AF4EB2CBB271576CB7724F29A",
      "ActualColumnsSha256": "644CDB50CDC2C033BEF396897AB5B559AFEC184AF4EB2CBB271576CB7724F29A",
      "ExpectedContentSha256": "E3B0C44298FC1C149AFBF4C8996FB92427AE41E4649B934CA495991B7852B855",
      "ActualContentSha256": "E3B0C44298FC1C149AFBF4C8996FB92427AE41E4649B934CA495991B7852B855"
    },
    {
      "Schema": "public",
      "Table": "T_OutboundOrderDetail",
      "ColumnsMatch": true,
      "ContentMatch": true,
      "ExpectedRows": 0,
      "ActualRows": 0,
      "ExpectedColumnsSha256": "7862B41EB3EA9B38C2557E5B2F75C258420CCC636A34EE258D5AF6CD34D2E9B1",
      "ActualColumnsSha256": "7862B41EB3EA9B38C2557E5B2F75C258420CCC636A34EE258D5AF6CD34D2E9B1",
      "ExpectedContentSha256": "E3B0C44298FC1C149AFBF4C8996FB92427AE41E4649B934CA495991B7852B855",
      "ActualContentSha256": "E3B0C44298FC1C149AFBF4C8996FB92427AE41E4649B934CA495991B7852B855"
    },
    {
      "Schema": "public",
      "Table": "T_OutboundRoutingRule",
      "ColumnsMatch": true,
      "ContentMatch": true,
      "ExpectedRows": 0,
      "ActualRows": 0,
      "ExpectedColumnsSha256": "D5D3D08F33D18962440DBB877D624E541102206797525BD862D06397CD2074F7",
      "ActualColumnsSha256": "D5D3D08F33D18962440DBB877D624E541102206797525BD862D06397CD2074F7",
      "ExpectedContentSha256": "E3B0C44298FC1C149AFBF4C8996FB92427AE41E4649B934CA495991B7852B855",
      "ActualContentSha256": "E3B0C44298FC1C149AFBF4C8996FB92427AE41E4649B934CA495991B7852B855"
    },
    {
      "Schema": "public",
      "Table": "T_Pallet",
      "ColumnsMatch": true,
      "ContentMatch": true,
      "ExpectedRows": 0,
      "ActualRows": 0,
      "ExpectedColumnsSha256": "C4D7F075B29361BE89F0DE0F6D63649F93F422560005E0751F12AE4378AA2476",
      "ActualColumnsSha256": "C4D7F075B29361BE89F0DE0F6D63649F93F422560005E0751F12AE4378AA2476",
      "ExpectedContentSha256": "E3B0C44298FC1C149AFBF4C8996FB92427AE41E4649B934CA495991B7852B855",
      "ActualContentSha256": "E3B0C44298FC1C149AFBF4C8996FB92427AE41E4649B934CA495991B7852B855"
    },
    {
      "Schema": "public",
      "Table": "T_PaperRoll",
      "ColumnsMatch": true,
      "ContentMatch": true,
      "ExpectedRows": 0,
      "ActualRows": 0,
      "ExpectedColumnsSha256": "7C6623A1628A81939B4FD360F95B31FE6143ABB8B5BDC883831F2102C1084876",
      "ActualColumnsSha256": "7C6623A1628A81939B4FD360F95B31FE6143ABB8B5BDC883831F2102C1084876",
      "ExpectedContentSha256": "E3B0C44298FC1C149AFBF4C8996FB92427AE41E4649B934CA495991B7852B855",
      "ActualContentSha256": "E3B0C44298FC1C149AFBF4C8996FB92427AE41E4649B934CA495991B7852B855"
    },
    {
      "Schema": "public",
      "Table": "T_PlateMold",
      "ColumnsMatch": true,
      "ContentMatch": true,
      "ExpectedRows": 0,
      "ActualRows": 0,
      "ExpectedColumnsSha256": "C9686B0B44B5BCEBA02A83317849C364F6C06DAAB6D70C47704A967584A0A4CC",
      "ActualColumnsSha256": "C9686B0B44B5BCEBA02A83317849C364F6C06DAAB6D70C47704A967584A0A4CC",
      "ExpectedContentSha256": "E3B0C44298FC1C149AFBF4C8996FB92427AE41E4649B934CA495991B7852B855",
      "ActualContentSha256": "E3B0C44298FC1C149AFBF4C8996FB92427AE41E4649B934CA495991B7852B855"
    },
    {
      "Schema": "public",
      "Table": "T_PlateMoldStock",
      "ColumnsMatch": true,
      "ContentMatch": true,
      "ExpectedRows": 0,
      "ActualRows": 0,
      "ExpectedColumnsSha256": "8FDFD3A23610C4BF74EB1392426FCEBE220E47A4FB3CB09FFAC57B54F968780B",
      "ActualColumnsSha256": "8FDFD3A23610C4BF74EB1392426FCEBE220E47A4FB3CB09FFAC57B54F968780B",
      "ExpectedContentSha256": "E3B0C44298FC1C149AFBF4C8996FB92427AE41E4649B934CA495991B7852B855",
      "ActualContentSha256": "E3B0C44298FC1C149AFBF4C8996FB92427AE41E4649B934CA495991B7852B855"
    },
    {
      "Schema": "public",
      "Table": "T_ProcessCostRate",
      "ColumnsMatch": true,
      "ContentMatch": true,
      "ExpectedRows": 0,
      "ActualRows": 0,
      "ExpectedColumnsSha256": "DB8231AE7B28FB14E083D03461E20ADE71BF5BF76F155196D17E0B1A80D07477",
      "ActualColumnsSha256": "DB8231AE7B28FB14E083D03461E20ADE71BF5BF76F155196D17E0B1A80D07477",
      "ExpectedContentSha256": "E3B0C44298FC1C149AFBF4C8996FB92427AE41E4649B934CA495991B7852B855",
      "ActualContentSha256": "E3B0C44298FC1C149AFBF4C8996FB92427AE41E4649B934CA495991B7852B855"
    },
    {
      "Schema": "public",
      "Table": "T_ProductCoProduct",
      "ColumnsMatch": true,
      "ContentMatch": true,
      "ExpectedRows": 0,
      "ActualRows": 0,
      "ExpectedColumnsSha256": "498E433D54B982272F006FF09E097A83F41A56665C9C13CA18F27B78BF4DA4A0",
      "ActualColumnsSha256": "498E433D54B982272F006FF09E097A83F41A56665C9C13CA18F27B78BF4DA4A0",
      "ExpectedContentSha256": "E3B0C44298FC1C149AFBF4C8996FB92427AE41E4649B934CA495991B7852B855",
      "ActualContentSha256": "E3B0C44298FC1C149AFBF4C8996FB92427AE41E4649B934CA495991B7852B855"
    },
    {
      "Schema": "public",
      "Table": "T_ProductLotPrice",
      "ColumnsMatch": true,
      "ContentMatch": true,
      "ExpectedRows": 0,
      "ActualRows": 0,
      "ExpectedColumnsSha256": "60C707200E1F20BF27DFD73ED21CD2D695459A6FEFF2A9A29777B88F26BB11E7",
      "ActualColumnsSha256": "60C707200E1F20BF27DFD73ED21CD2D695459A6FEFF2A9A29777B88F26BB11E7",
      "ExpectedContentSha256": "E3B0C44298FC1C149AFBF4C8996FB92427AE41E4649B934CA495991B7852B855",
      "ActualContentSha256": "E3B0C44298FC1C149AFBF4C8996FB92427AE41E4649B934CA495991B7852B855"
    },
    {
      "Schema": "public",
      "Table": "T_ProductMaster",
      "ColumnsMatch": true,
      "ContentMatch": true,
      "ExpectedRows": 0,
      "ActualRows": 0,
      "ExpectedColumnsSha256": "B3F92E06C0582D207ACBA4ACEF3014A601AA705F8B0838E6F630B28C5E00CD6E",
      "ActualColumnsSha256": "B3F92E06C0582D207ACBA4ACEF3014A601AA705F8B0838E6F630B28C5E00CD6E",
      "ExpectedContentSha256": "E3B0C44298FC1C149AFBF4C8996FB92427AE41E4649B934CA495991B7852B855",
      "ActualContentSha256": "E3B0C44298FC1C149AFBF4C8996FB92427AE41E4649B934CA495991B7852B855"
    },
    {
      "Schema": "public",
      "Table": "T_ProductMaterial",
      "ColumnsMatch": true,
      "ContentMatch": true,
      "ExpectedRows": 0,
      "ActualRows": 0,
      "ExpectedColumnsSha256": "C54094B93D469DEA68342AED9D9BA2CAFC90159B969E8035E3ED4D43883B6CBB",
      "ActualColumnsSha256": "C54094B93D469DEA68342AED9D9BA2CAFC90159B969E8035E3ED4D43883B6CBB",
      "ExpectedContentSha256": "E3B0C44298FC1C149AFBF4C8996FB92427AE41E4649B934CA495991B7852B855",
      "ActualContentSha256": "E3B0C44298FC1C149AFBF4C8996FB92427AE41E4649B934CA495991B7852B855"
    },
    {
      "Schema": "public",
      "Table": "T_ProductProcess",
      "ColumnsMatch": true,
      "ContentMatch": true,
      "ExpectedRows": 0,
      "ActualRows": 0,
      "ExpectedColumnsSha256": "E07085ED48B1AA49F09B735C041FD594797138C45A6554840D5A6F4CFB963C08",
      "ActualColumnsSha256": "E07085ED48B1AA49F09B735C041FD594797138C45A6554840D5A6F4CFB963C08",
      "ExpectedContentSha256": "E3B0C44298FC1C149AFBF4C8996FB92427AE41E4649B934CA495991B7852B855",
      "ActualContentSha256": "E3B0C44298FC1C149AFBF4C8996FB92427AE41E4649B934CA495991B7852B855"
    },
    {
      "Schema": "public",
      "Table": "T_ProductionResult",
      "ColumnsMatch": true,
      "ContentMatch": true,
      "ExpectedRows": 0,
      "ActualRows": 0,
      "ExpectedColumnsSha256": "C9152D1BBB22A301BFCC34FBF2B90674EEECE8A06622F5E0824FD1564B6283A1",
      "ActualColumnsSha256": "C9152D1BBB22A301BFCC34FBF2B90674EEECE8A06622F5E0824FD1564B6283A1",
      "ExpectedContentSha256": "E3B0C44298FC1C149AFBF4C8996FB92427AE41E4649B934CA495991B7852B855",
      "ActualContentSha256": "E3B0C44298FC1C149AFBF4C8996FB92427AE41E4649B934CA495991B7852B855"
    },
    {
      "Schema": "public",
      "Table": "T_QcInspection",
      "ColumnsMatch": true,
      "ContentMatch": true,
      "ExpectedRows": 0,
      "ActualRows": 0,
      "ExpectedColumnsSha256": "8F38E1FFBA584DB4E9EA63DE9FE492F9487B6E343F23844F867C84E91F3BB1FD",
      "ActualColumnsSha256": "8F38E1FFBA584DB4E9EA63DE9FE492F9487B6E343F23844F867C84E91F3BB1FD",
      "ExpectedContentSha256": "E3B0C44298FC1C149AFBF4C8996FB92427AE41E4649B934CA495991B7852B855",
      "ActualContentSha256": "E3B0C44298FC1C149AFBF4C8996FB92427AE41E4649B934CA495991B7852B855"
    },
    {
      "Schema": "public",
      "Table": "T_QcInspectionItem",
      "ColumnsMatch": true,
      "ContentMatch": true,
      "ExpectedRows": 0,
      "ActualRows": 0,
      "ExpectedColumnsSha256": "F69955FD43586648281B9959A67AC532AF896EA81E2B0B463D9EF4B8FECD8E06",
      "ActualColumnsSha256": "F69955FD43586648281B9959A67AC532AF896EA81E2B0B463D9EF4B8FECD8E06",
      "ExpectedContentSha256": "E3B0C44298FC1C149AFBF4C8996FB92427AE41E4649B934CA495991B7852B855",
      "ActualContentSha256": "E3B0C44298FC1C149AFBF4C8996FB92427AE41E4649B934CA495991B7852B855"
    },
    {
      "Schema": "public",
      "Table": "T_QualityInspection",
      "ColumnsMatch": true,
      "ContentMatch": true,
      "ExpectedRows": 0,
      "ActualRows": 0,
      "ExpectedColumnsSha256": "CC0C0F36E961958DB99600DD03BE62BFD58D65476C50F86A5522332FCC2D2B9A",
      "ActualColumnsSha256": "CC0C0F36E961958DB99600DD03BE62BFD58D65476C50F86A5522332FCC2D2B9A",
      "ExpectedContentSha256": "E3B0C44298FC1C149AFBF4C8996FB92427AE41E4649B934CA495991B7852B855",
      "ActualContentSha256": "E3B0C44298FC1C149AFBF4C8996FB92427AE41E4649B934CA495991B7852B855"
    },
    {
      "Schema": "public",
      "Table": "T_QualityInspectionItem",
      "ColumnsMatch": true,
      "ContentMatch": true,
      "ExpectedRows": 0,
      "ActualRows": 0,
      "ExpectedColumnsSha256": "6EB7B3F7D9F100161D2572539D84E6487B381E908C316984EA8F7A44462046D5",
      "ActualColumnsSha256": "6EB7B3F7D9F100161D2572539D84E6487B381E908C316984EA8F7A44462046D5",
      "ExpectedContentSha256": "E3B0C44298FC1C149AFBF4C8996FB92427AE41E4649B934CA495991B7852B855",
      "ActualContentSha256": "E3B0C44298FC1C149AFBF4C8996FB92427AE41E4649B934CA495991B7852B855"
    },
    {
      "Schema": "public",
      "Table": "T_Quotation",
      "ColumnsMatch": true,
      "ContentMatch": true,
      "ExpectedRows": 0,
      "ActualRows": 0,
      "ExpectedColumnsSha256": "5A6555C151FB2E4E65E85BE4F3C5782CC7580F88F33E17759466028990D38B3A",
      "ActualColumnsSha256": "5A6555C151FB2E4E65E85BE4F3C5782CC7580F88F33E17759466028990D38B3A",
      "ExpectedContentSha256": "E3B0C44298FC1C149AFBF4C8996FB92427AE41E4649B934CA495991B7852B855",
      "ActualContentSha256": "E3B0C44298FC1C149AFBF4C8996FB92427AE41E4649B934CA495991B7852B855"
    },
    {
      "Schema": "public",
      "Table": "T_QuotationCalc",
      "ColumnsMatch": true,
      "ContentMatch": true,
      "ExpectedRows": 0,
      "ActualRows": 0,
      "ExpectedColumnsSha256": "1ADB8C40BB073D98064503938F7DE44C0D595E6BC6800E907806710EC013DFA7",
      "ActualColumnsSha256": "1ADB8C40BB073D98064503938F7DE44C0D595E6BC6800E907806710EC013DFA7",
      "ExpectedContentSha256": "E3B0C44298FC1C149AFBF4C8996FB92427AE41E4649B934CA495991B7852B855",
      "ActualContentSha256": "E3B0C44298FC1C149AFBF4C8996FB92427AE41E4649B934CA495991B7852B855"
    },
    {
      "Schema": "public",
      "Table": "T_QuotationDetail",
      "ColumnsMatch": true,
      "ContentMatch": true,
      "ExpectedRows": 0,
      "ActualRows": 0,
      "ExpectedColumnsSha256": "B1C875A7EE1E4CC8D0D3C60D472FD0FB4475E2C2B318AE11149095904FA598D5",
      "ActualColumnsSha256": "B1C875A7EE1E4CC8D0D3C60D472FD0FB4475E2C2B318AE11149095904FA598D5",
      "ExpectedContentSha256": "E3B0C44298FC1C149AFBF4C8996FB92427AE41E4649B934CA495991B7852B855",
      "ActualContentSha256": "E3B0C44298FC1C149AFBF4C8996FB92427AE41E4649B934CA495991B7852B855"
    },
    {
      "Schema": "public",
      "Table": "T_RemnantMaterial",
      "ColumnsMatch": true,
      "ContentMatch": true,
      "ExpectedRows": 0,
      "ActualRows": 0,
      "ExpectedColumnsSha256": "4D61453345DFD014AC0B46DF9F6CC29200AC3144344A30021BA8F1DC5A789AFA",
      "ActualColumnsSha256": "4D61453345DFD014AC0B46DF9F6CC29200AC3144344A30021BA8F1DC5A789AFA",
      "ExpectedContentSha256": "E3B0C44298FC1C149AFBF4C8996FB92427AE41E4649B934CA495991B7852B855",
      "ActualContentSha256": "E3B0C44298FC1C149AFBF4C8996FB92427AE41E4649B934CA495991B7852B855"
    },
    {
      "Schema": "public",
      "Table": "T_ReplenishOrder",
      "ColumnsMatch": true,
      "ContentMatch": true,
      "ExpectedRows": 0,
      "ActualRows": 0,
      "ExpectedColumnsSha256": "12CD305C76ED980DEF474C7A571A87FBE6EE8C75249DD0F6F2887097EA379088",
      "ActualColumnsSha256": "12CD305C76ED980DEF474C7A571A87FBE6EE8C75249DD0F6F2887097EA379088",
      "ExpectedContentSha256": "E3B0C44298FC1C149AFBF4C8996FB92427AE41E4649B934CA495991B7852B855",
      "ActualContentSha256": "E3B0C44298FC1C149AFBF4C8996FB92427AE41E4649B934CA495991B7852B855"
    },
    {
      "Schema": "public",
      "Table": "T_RmaDetail",
      "ColumnsMatch": true,
      "ContentMatch": true,
      "ExpectedRows": 0,
      "ActualRows": 0,
      "ExpectedColumnsSha256": "65B7D94A57AD9B376000E7D6E8FF4846E61012C747BEDD69308CF62179000592",
      "ActualColumnsSha256": "65B7D94A57AD9B376000E7D6E8FF4846E61012C747BEDD69308CF62179000592",
      "ExpectedContentSha256": "E3B0C44298FC1C149AFBF4C8996FB92427AE41E4649B934CA495991B7852B855",
      "ActualContentSha256": "E3B0C44298FC1C149AFBF4C8996FB92427AE41E4649B934CA495991B7852B855"
    },
    {
      "Schema": "public",
      "Table": "T_RmaHeader",
      "ColumnsMatch": true,
      "ContentMatch": true,
      "ExpectedRows": 0,
      "ActualRows": 0,
      "ExpectedColumnsSha256": "7493EBC74A8BC070942DA9464BBA58929EABEB7AAB0F4F7E8E0B7A9275D09535",
      "ActualColumnsSha256": "7493EBC74A8BC070942DA9464BBA58929EABEB7AAB0F4F7E8E0B7A9275D09535",
      "ExpectedContentSha256": "E3B0C44298FC1C149AFBF4C8996FB92427AE41E4649B934CA495991B7852B855",
      "ActualContentSha256": "E3B0C44298FC1C149AFBF4C8996FB92427AE41E4649B934CA495991B7852B855"
    },
    {
      "Schema": "public",
      "Table": "T_SampleStock",
      "ColumnsMatch": true,
      "ContentMatch": true,
      "ExpectedRows": 0,
      "ActualRows": 0,
      "ExpectedColumnsSha256": "5F784D878A26BE4EF4152C4D6AF6706A4A589B8C3A4E8D669ECC76C7752B6134",
      "ActualColumnsSha256": "5F784D878A26BE4EF4152C4D6AF6706A4A589B8C3A4E8D669ECC76C7752B6134",
      "ExpectedContentSha256": "E3B0C44298FC1C149AFBF4C8996FB92427AE41E4649B934CA495991B7852B855",
      "ActualContentSha256": "E3B0C44298FC1C149AFBF4C8996FB92427AE41E4649B934CA495991B7852B855"
    },
    {
      "Schema": "public",
      "Table": "T_SheetUnitPrice",
      "ColumnsMatch": true,
      "ContentMatch": true,
      "ExpectedRows": 0,
      "ActualRows": 0,
      "ExpectedColumnsSha256": "F15355F207A0501F2572EDEECBB6EDF5E3CDDA10A9578A3629CF8B274742DA2B",
      "ActualColumnsSha256": "F15355F207A0501F2572EDEECBB6EDF5E3CDDA10A9578A3629CF8B274742DA2B",
      "ExpectedContentSha256": "E3B0C44298FC1C149AFBF4C8996FB92427AE41E4649B934CA495991B7852B855",
      "ActualContentSha256": "E3B0C44298FC1C149AFBF4C8996FB92427AE41E4649B934CA495991B7852B855"
    },
    {
      "Schema": "public",
      "Table": "T_SheetUnitPriceEstimate",
      "ColumnsMatch": true,
      "ContentMatch": true,
      "ExpectedRows": 0,
      "ActualRows": 0,
      "ExpectedColumnsSha256": "F15355F207A0501F2572EDEECBB6EDF5E3CDDA10A9578A3629CF8B274742DA2B",
      "ActualColumnsSha256": "F15355F207A0501F2572EDEECBB6EDF5E3CDDA10A9578A3629CF8B274742DA2B",
      "ExpectedContentSha256": "E3B0C44298FC1C149AFBF4C8996FB92427AE41E4649B934CA495991B7852B855",
      "ActualContentSha256": "E3B0C44298FC1C149AFBF4C8996FB92427AE41E4649B934CA495991B7852B855"
    },
    {
      "Schema": "public",
      "Table": "T_ShippingPackage",
      "ColumnsMatch": true,
      "ContentMatch": true,
      "ExpectedRows": 0,
      "ActualRows": 0,
      "ExpectedColumnsSha256": "717520B52E87C1452BB1A93E93B07DCECE5C524F878C54385D1D1453B6EA279E",
      "ActualColumnsSha256": "717520B52E87C1452BB1A93E93B07DCECE5C524F878C54385D1D1453B6EA279E",
      "ExpectedContentSha256": "E3B0C44298FC1C149AFBF4C8996FB92427AE41E4649B934CA495991B7852B855",
      "ActualContentSha256": "E3B0C44298FC1C149AFBF4C8996FB92427AE41E4649B934CA495991B7852B855"
    },
    {
      "Schema": "public",
      "Table": "T_SlottingPlan",
      "ColumnsMatch": true,
      "ContentMatch": true,
      "ExpectedRows": 0,
      "ActualRows": 0,
      "ExpectedColumnsSha256": "93FB898AA85BF7B74C05A3A94B584E7A2D012A56061CAF6B956782D000BD5E4D",
      "ActualColumnsSha256": "93FB898AA85BF7B74C05A3A94B584E7A2D012A56061CAF6B956782D000BD5E4D",
      "ExpectedContentSha256": "E3B0C44298FC1C149AFBF4C8996FB92427AE41E4649B934CA495991B7852B855",
      "ActualContentSha256": "E3B0C44298FC1C149AFBF4C8996FB92427AE41E4649B934CA495991B7852B855"
    },
    {
      "Schema": "public",
      "Table": "T_SpaceDispatchApprovalRequest",
      "ColumnsMatch": true,
      "ContentMatch": true,
      "ExpectedRows": 0,
      "ActualRows": 0,
      "ExpectedColumnsSha256": "73515C854102AFB9BDBABC3AF8F6B73AAB6BB028B20D83A8390D82FE96B128C3",
      "ActualColumnsSha256": "73515C854102AFB9BDBABC3AF8F6B73AAB6BB028B20D83A8390D82FE96B128C3",
      "ExpectedContentSha256": "E3B0C44298FC1C149AFBF4C8996FB92427AE41E4649B934CA495991B7852B855",
      "ActualContentSha256": "E3B0C44298FC1C149AFBF4C8996FB92427AE41E4649B934CA495991B7852B855"
    },
    {
      "Schema": "public",
      "Table": "T_SpaceDispatchExecutionAction",
      "ColumnsMatch": true,
      "ContentMatch": true,
      "ExpectedRows": 0,
      "ActualRows": 0,
      "ExpectedColumnsSha256": "F088DA84F3460587CDC9BAA398991452315EBFE4CB67260133CFEE156640A6B7",
      "ActualColumnsSha256": "F088DA84F3460587CDC9BAA398991452315EBFE4CB67260133CFEE156640A6B7",
      "ExpectedContentSha256": "E3B0C44298FC1C149AFBF4C8996FB92427AE41E4649B934CA495991B7852B855",
      "ActualContentSha256": "E3B0C44298FC1C149AFBF4C8996FB92427AE41E4649B934CA495991B7852B855"
    },
    {
      "Schema": "public",
      "Table": "T_SpaceWmsOperation",
      "ColumnsMatch": true,
      "ContentMatch": true,
      "ExpectedRows": 0,
      "ActualRows": 0,
      "ExpectedColumnsSha256": "868A03B180EAB7AE2A8FF54E4E30C719077144401A957BCA1865B5B5D8BE8697",
      "ActualColumnsSha256": "868A03B180EAB7AE2A8FF54E4E30C719077144401A957BCA1865B5B5D8BE8697",
      "ExpectedContentSha256": "E3B0C44298FC1C149AFBF4C8996FB92427AE41E4649B934CA495991B7852B855",
      "ActualContentSha256": "E3B0C44298FC1C149AFBF4C8996FB92427AE41E4649B934CA495991B7852B855"
    },
    {
      "Schema": "public",
      "Table": "T_Stock",
      "ColumnsMatch": true,
      "ContentMatch": true,
      "ExpectedRows": 0,
      "ActualRows": 0,
      "ExpectedColumnsSha256": "F9C8A3A43C6164348ECFD9F3DE53BD96C606FCBF7CF7D1AC0B9D7411874D3281",
      "ActualColumnsSha256": "F9C8A3A43C6164348ECFD9F3DE53BD96C606FCBF7CF7D1AC0B9D7411874D3281",
      "ExpectedContentSha256": "E3B0C44298FC1C149AFBF4C8996FB92427AE41E4649B934CA495991B7852B855",
      "ActualContentSha256": "E3B0C44298FC1C149AFBF4C8996FB92427AE41E4649B934CA495991B7852B855"
    },
    {
      "Schema": "public",
      "Table": "T_StockSerial",
      "ColumnsMatch": true,
      "ContentMatch": true,
      "ExpectedRows": 0,
      "ActualRows": 0,
      "ExpectedColumnsSha256": "0FD9901ECD7E1C3882F517A81EC11CE2F13BC18E40153EBDB0B601BB09629C2C",
      "ActualColumnsSha256": "0FD9901ECD7E1C3882F517A81EC11CE2F13BC18E40153EBDB0B601BB09629C2C",
      "ExpectedContentSha256": "E3B0C44298FC1C149AFBF4C8996FB92427AE41E4649B934CA495991B7852B855",
      "ActualContentSha256": "E3B0C44298FC1C149AFBF4C8996FB92427AE41E4649B934CA495991B7852B855"
    },
    {
      "Schema": "public",
      "Table": "T_StockSerialTransaction",
      "ColumnsMatch": true,
      "ContentMatch": true,
      "ExpectedRows": 0,
      "ActualRows": 0,
      "ExpectedColumnsSha256": "A1EF1A4100C11E14AD64BF00FB418BDA3552DD30D2788E813135EE63B15C60FF",
      "ActualColumnsSha256": "A1EF1A4100C11E14AD64BF00FB418BDA3552DD30D2788E813135EE63B15C60FF",
      "ExpectedContentSha256": "E3B0C44298FC1C149AFBF4C8996FB92427AE41E4649B934CA495991B7852B855",
      "ActualContentSha256": "E3B0C44298FC1C149AFBF4C8996FB92427AE41E4649B934CA495991B7852B855"
    },
    {
      "Schema": "public",
      "Table": "T_StockTake",
      "ColumnsMatch": true,
      "ContentMatch": true,
      "ExpectedRows": 0,
      "ActualRows": 0,
      "ExpectedColumnsSha256": "72112D59F776DA209AD85FCFB229F4ED42BC89E5B76DC9415C1469527070AD69",
      "ActualColumnsSha256": "72112D59F776DA209AD85FCFB229F4ED42BC89E5B76DC9415C1469527070AD69",
      "ExpectedContentSha256": "E3B0C44298FC1C149AFBF4C8996FB92427AE41E4649B934CA495991B7852B855",
      "ActualContentSha256": "E3B0C44298FC1C149AFBF4C8996FB92427AE41E4649B934CA495991B7852B855"
    },
    {
      "Schema": "public",
      "Table": "T_StockTakeDetail",
      "ColumnsMatch": true,
      "ContentMatch": true,
      "ExpectedRows": 0,
      "ActualRows": 0,
      "ExpectedColumnsSha256": "0751F7C2068766152DE00EFFDE41A83A20A93CC966AA915B50A877F7204F69E9",
      "ActualColumnsSha256": "0751F7C2068766152DE00EFFDE41A83A20A93CC966AA915B50A877F7204F69E9",
      "ExpectedContentSha256": "E3B0C44298FC1C149AFBF4C8996FB92427AE41E4649B934CA495991B7852B855",
      "ActualContentSha256": "E3B0C44298FC1C149AFBF4C8996FB92427AE41E4649B934CA495991B7852B855"
    },
    {
      "Schema": "public",
      "Table": "T_StockTransaction",
      "ColumnsMatch": true,
      "ContentMatch": true,
      "ExpectedRows": 0,
      "ActualRows": 0,
      "ExpectedColumnsSha256": "494B61FCECC809BF200FC013D8C871BFA187E6EBE1C25BCFCAF77D8A12BA7649",
      "ActualColumnsSha256": "494B61FCECC809BF200FC013D8C871BFA187E6EBE1C25BCFCAF77D8A12BA7649",
      "ExpectedContentSha256": "E3B0C44298FC1C149AFBF4C8996FB92427AE41E4649B934CA495991B7852B855",
      "ActualContentSha256": "E3B0C44298FC1C149AFBF4C8996FB92427AE41E4649B934CA495991B7852B855"
    },
    {
      "Schema": "public",
      "Table": "T_TaskCommandReceipt",
      "ColumnsMatch": true,
      "ContentMatch": true,
      "ExpectedRows": 0,
      "ActualRows": 0,
      "ExpectedColumnsSha256": "94F5CB101292106ABD8A05075792DE1E6F94AB66CF7588AFE778B329C6F52E16",
      "ActualColumnsSha256": "94F5CB101292106ABD8A05075792DE1E6F94AB66CF7588AFE778B329C6F52E16",
      "ExpectedContentSha256": "E3B0C44298FC1C149AFBF4C8996FB92427AE41E4649B934CA495991B7852B855",
      "ActualContentSha256": "E3B0C44298FC1C149AFBF4C8996FB92427AE41E4649B934CA495991B7852B855"
    },
    {
      "Schema": "public",
      "Table": "T_VmiBilling",
      "ColumnsMatch": true,
      "ContentMatch": true,
      "ExpectedRows": 0,
      "ActualRows": 0,
      "ExpectedColumnsSha256": "DC3FE06F2AA48831FA5E7A973C8BCD50CF363808C8F0CF22A2F377782900058C",
      "ActualColumnsSha256": "DC3FE06F2AA48831FA5E7A973C8BCD50CF363808C8F0CF22A2F377782900058C",
      "ExpectedContentSha256": "E3B0C44298FC1C149AFBF4C8996FB92427AE41E4649B934CA495991B7852B855",
      "ActualContentSha256": "E3B0C44298FC1C149AFBF4C8996FB92427AE41E4649B934CA495991B7852B855"
    },
    {
      "Schema": "public",
      "Table": "T_Warehouse",
      "ColumnsMatch": true,
      "ContentMatch": true,
      "ExpectedRows": 0,
      "ActualRows": 0,
      "ExpectedColumnsSha256": "A117F5DD566DD1338AF493B3921B47986812A7F6DD8D3433CD068403FA72C987",
      "ActualColumnsSha256": "A117F5DD566DD1338AF493B3921B47986812A7F6DD8D3433CD068403FA72C987",
      "ExpectedContentSha256": "E3B0C44298FC1C149AFBF4C8996FB92427AE41E4649B934CA495991B7852B855",
      "ActualContentSha256": "E3B0C44298FC1C149AFBF4C8996FB92427AE41E4649B934CA495991B7852B855"
    },
    {
      "Schema": "public",
      "Table": "T_WcsTask",
      "ColumnsMatch": true,
      "ContentMatch": true,
      "ExpectedRows": 0,
      "ActualRows": 0,
      "ExpectedColumnsSha256": "0065D1CC0C57D6A44AD20B1E3A36932DF7CDAC44407B7D1391FFE23CE3943ACB",
      "ActualColumnsSha256": "0065D1CC0C57D6A44AD20B1E3A36932DF7CDAC44407B7D1391FFE23CE3943ACB",
      "ExpectedContentSha256": "E3B0C44298FC1C149AFBF4C8996FB92427AE41E4649B934CA495991B7852B855",
      "ActualContentSha256": "E3B0C44298FC1C149AFBF4C8996FB92427AE41E4649B934CA495991B7852B855"
    },
    {
      "Schema": "public",
      "Table": "T_WebBusinessPartner",
      "ColumnsMatch": true,
      "ContentMatch": true,
      "ExpectedRows": 0,
      "ActualRows": 0,
      "ExpectedColumnsSha256": "2BAE32672E7DA2B9F47D785A2EBA12587F1F04EA84F531198E9BDD171A90624B",
      "ActualColumnsSha256": "2BAE32672E7DA2B9F47D785A2EBA12587F1F04EA84F531198E9BDD171A90624B",
      "ExpectedContentSha256": "E3B0C44298FC1C149AFBF4C8996FB92427AE41E4649B934CA495991B7852B855",
      "ActualContentSha256": "E3B0C44298FC1C149AFBF4C8996FB92427AE41E4649B934CA495991B7852B855"
    },
    {
      "Schema": "public",
      "Table": "T_WmsBin",
      "ColumnsMatch": true,
      "ContentMatch": true,
      "ExpectedRows": 0,
      "ActualRows": 0,
      "ExpectedColumnsSha256": "9D6B2227BD5485414D2D19E714A145DB0475B88ED91F73FA9485D34EBFFC2DCC",
      "ActualColumnsSha256": "9D6B2227BD5485414D2D19E714A145DB0475B88ED91F73FA9485D34EBFFC2DCC",
      "ExpectedContentSha256": "E3B0C44298FC1C149AFBF4C8996FB92427AE41E4649B934CA495991B7852B855",
      "ActualContentSha256": "E3B0C44298FC1C149AFBF4C8996FB92427AE41E4649B934CA495991B7852B855"
    },
    {
      "Schema": "public",
      "Table": "T_WmsFeatureFlag",
      "ColumnsMatch": true,
      "ContentMatch": true,
      "ExpectedRows": 0,
      "ActualRows": 0,
      "ExpectedColumnsSha256": "B28BAB29EFB2938EE5373F71169C268331166570F6CBDF622BAFE50116FB6468",
      "ActualColumnsSha256": "B28BAB29EFB2938EE5373F71169C268331166570F6CBDF622BAFE50116FB6468",
      "ExpectedContentSha256": "E3B0C44298FC1C149AFBF4C8996FB92427AE41E4649B934CA495991B7852B855",
      "ActualContentSha256": "E3B0C44298FC1C149AFBF4C8996FB92427AE41E4649B934CA495991B7852B855"
    },
    {
      "Schema": "public",
      "Table": "T_WmsFeatureFlagChange",
      "ColumnsMatch": true,
      "ContentMatch": true,
      "ExpectedRows": 0,
      "ActualRows": 0,
      "ExpectedColumnsSha256": "D150955CE59843E9D26FE732624CC4A2F8D38AFB96FB93D95BBEF5A989465F9F",
      "ActualColumnsSha256": "D150955CE59843E9D26FE732624CC4A2F8D38AFB96FB93D95BBEF5A989465F9F",
      "ExpectedContentSha256": "E3B0C44298FC1C149AFBF4C8996FB92427AE41E4649B934CA495991B7852B855",
      "ActualContentSha256": "E3B0C44298FC1C149AFBF4C8996FB92427AE41E4649B934CA495991B7852B855"
    },
    {
      "Schema": "public",
      "Table": "T_WmsRoleScope",
      "ColumnsMatch": true,
      "ContentMatch": true,
      "ExpectedRows": 0,
      "ActualRows": 0,
      "ExpectedColumnsSha256": "F535E7448BD9C814A85FF8FD5EAE6E65F03B434B21999EF3A8E3FF4DA551C610",
      "ActualColumnsSha256": "F535E7448BD9C814A85FF8FD5EAE6E65F03B434B21999EF3A8E3FF4DA551C610",
      "ExpectedContentSha256": "E3B0C44298FC1C149AFBF4C8996FB92427AE41E4649B934CA495991B7852B855",
      "ActualContentSha256": "E3B0C44298FC1C149AFBF4C8996FB92427AE41E4649B934CA495991B7852B855"
    },
    {
      "Schema": "public",
      "Table": "T_WmsSequence",
      "ColumnsMatch": true,
      "ContentMatch": true,
      "ExpectedRows": 0,
      "ActualRows": 0,
      "ExpectedColumnsSha256": "2B9815AE7314B450FE22CC874F366369B9F85EEE71C8952067A47CFBD5000261",
      "ActualColumnsSha256": "2B9815AE7314B450FE22CC874F366369B9F85EEE71C8952067A47CFBD5000261",
      "ExpectedContentSha256": "E3B0C44298FC1C149AFBF4C8996FB92427AE41E4649B934CA495991B7852B855",
      "ActualContentSha256": "E3B0C44298FC1C149AFBF4C8996FB92427AE41E4649B934CA495991B7852B855"
    },
    {
      "Schema": "public",
      "Table": "T_WorkCenter",
      "ColumnsMatch": true,
      "ContentMatch": true,
      "ExpectedRows": 0,
      "ActualRows": 0,
      "ExpectedColumnsSha256": "4D5B140630661150AD1AEEB7CB298464CDD573B3DCC066D1CF1DD39001C29D4D",
      "ActualColumnsSha256": "4D5B140630661150AD1AEEB7CB298464CDD573B3DCC066D1CF1DD39001C29D4D",
      "ExpectedContentSha256": "E3B0C44298FC1C149AFBF4C8996FB92427AE41E4649B934CA495991B7852B855",
      "ActualContentSha256": "E3B0C44298FC1C149AFBF4C8996FB92427AE41E4649B934CA495991B7852B855"
    },
    {
      "Schema": "public",
      "Table": "T_WorkOrder",
      "ColumnsMatch": true,
      "ContentMatch": true,
      "ExpectedRows": 0,
      "ActualRows": 0,
      "ExpectedColumnsSha256": "A37AF119D5773EDC4CE4AFD88D8402FEE90822E0C7875B95737025DB6D472B35",
      "ActualColumnsSha256": "A37AF119D5773EDC4CE4AFD88D8402FEE90822E0C7875B95737025DB6D472B35",
      "ExpectedContentSha256": "E3B0C44298FC1C149AFBF4C8996FB92427AE41E4649B934CA495991B7852B855",
      "ActualContentSha256": "E3B0C44298FC1C149AFBF4C8996FB92427AE41E4649B934CA495991B7852B855"
    },
    {
      "Schema": "public",
      "Table": "T_WorkOrderMaterial",
      "ColumnsMatch": true,
      "ContentMatch": true,
      "ExpectedRows": 0,
      "ActualRows": 0,
      "ExpectedColumnsSha256": "CFD8F0E0F833521CFD18DF79A4B71FBB1C01DA3C0A24810BADF9D9435C17D170",
      "ActualColumnsSha256": "CFD8F0E0F833521CFD18DF79A4B71FBB1C01DA3C0A24810BADF9D9435C17D170",
      "ExpectedContentSha256": "E3B0C44298FC1C149AFBF4C8996FB92427AE41E4649B934CA495991B7852B855",
      "ActualContentSha256": "E3B0C44298FC1C149AFBF4C8996FB92427AE41E4649B934CA495991B7852B855"
    },
    {
      "Schema": "public",
      "Table": "T_WorkOrderProcess",
      "ColumnsMatch": true,
      "ContentMatch": true,
      "ExpectedRows": 0,
      "ActualRows": 0,
      "ExpectedColumnsSha256": "3A1532732333880880D8F5B4A052BF130880B86E749E3917DB49F15688DD4472",
      "ActualColumnsSha256": "3A1532732333880880D8F5B4A052BF130880B86E749E3917DB49F15688DD4472",
      "ExpectedContentSha256": "E3B0C44298FC1C149AFBF4C8996FB92427AE41E4649B934CA495991B7852B855",
      "ActualContentSha256": "E3B0C44298FC1C149AFBF4C8996FB92427AE41E4649B934CA495991B7852B855"
    },
    {
      "Schema": "public",
      "Table": "Wf_ApprovalBinding",
      "ColumnsMatch": true,
      "ContentMatch": true,
      "ExpectedRows": 5,
      "ActualRows": 5,
      "ExpectedColumnsSha256": "17A8BEC051905AA1FE805D3BC4C77F9C68BDD3965E1FCC70D5ECFE61DDCB21BB",
      "ActualColumnsSha256": "17A8BEC051905AA1FE805D3BC4C77F9C68BDD3965E1FCC70D5ECFE61DDCB21BB",
      "ExpectedContentSha256": "67A1C6692531382812994E015C3CAAAA97CD7BF8F1A83B38523E4F6DE7780C50",
      "ActualContentSha256": "67A1C6692531382812994E015C3CAAAA97CD7BF8F1A83B38523E4F6DE7780C50"
    },
    {
      "Schema": "public",
      "Table": "Wf_ApproverMap",
      "ColumnsMatch": true,
      "ContentMatch": true,
      "ExpectedRows": 0,
      "ActualRows": 0,
      "ExpectedColumnsSha256": "FABD2342A895077AC59C6644724D2C217E5187C4BA0774FA42BD9AE98AB741D0",
      "ActualColumnsSha256": "FABD2342A895077AC59C6644724D2C217E5187C4BA0774FA42BD9AE98AB741D0",
      "ExpectedContentSha256": "E3B0C44298FC1C149AFBF4C8996FB92427AE41E4649B934CA495991B7852B855",
      "ActualContentSha256": "E3B0C44298FC1C149AFBF4C8996FB92427AE41E4649B934CA495991B7852B855"
    },
    {
      "Schema": "public",
      "Table": "Wf_Connector",
      "ColumnsMatch": true,
      "ContentMatch": true,
      "ExpectedRows": 0,
      "ActualRows": 0,
      "ExpectedColumnsSha256": "C99A159C3E83F6856AA48CED15F2E48CA09C13B6DA051AE9301499CFF7BDB417",
      "ActualColumnsSha256": "C99A159C3E83F6856AA48CED15F2E48CA09C13B6DA051AE9301499CFF7BDB417",
      "ExpectedContentSha256": "E3B0C44298FC1C149AFBF4C8996FB92427AE41E4649B934CA495991B7852B855",
      "ActualContentSha256": "E3B0C44298FC1C149AFBF4C8996FB92427AE41E4649B934CA495991B7852B855"
    },
    {
      "Schema": "public",
      "Table": "Wf_FlowCc",
      "ColumnsMatch": true,
      "ContentMatch": true,
      "ExpectedRows": 0,
      "ActualRows": 0,
      "ExpectedColumnsSha256": "1E77F8655183B986B0F6146EC7AE4D462DED049AED7C3E1FA0E6F9A06D5CAC6B",
      "ActualColumnsSha256": "1E77F8655183B986B0F6146EC7AE4D462DED049AED7C3E1FA0E6F9A06D5CAC6B",
      "ExpectedContentSha256": "E3B0C44298FC1C149AFBF4C8996FB92427AE41E4649B934CA495991B7852B855",
      "ActualContentSha256": "E3B0C44298FC1C149AFBF4C8996FB92427AE41E4649B934CA495991B7852B855"
    },
    {
      "Schema": "public",
      "Table": "Wf_FlowData",
      "ColumnsMatch": true,
      "ContentMatch": true,
      "ExpectedRows": 0,
      "ActualRows": 0,
      "ExpectedColumnsSha256": "DF6F05E240B436EDE0A12734C58B913CC7A8F16FA145826DE5A785677A132F42",
      "ActualColumnsSha256": "DF6F05E240B436EDE0A12734C58B913CC7A8F16FA145826DE5A785677A132F42",
      "ExpectedContentSha256": "E3B0C44298FC1C149AFBF4C8996FB92427AE41E4649B934CA495991B7852B855",
      "ActualContentSha256": "E3B0C44298FC1C149AFBF4C8996FB92427AE41E4649B934CA495991B7852B855"
    },
    {
      "Schema": "public",
      "Table": "Wf_FlowDef",
      "ColumnsMatch": true,
      "ContentMatch": true,
      "ExpectedRows": 6,
      "ActualRows": 6,
      "ExpectedColumnsSha256": "BD65FF8B58A0E0A420BD97226218AB5259B1431A6187474675678AB939E5959A",
      "ActualColumnsSha256": "BD65FF8B58A0E0A420BD97226218AB5259B1431A6187474675678AB939E5959A",
      "ExpectedContentSha256": "6A63872F50EAB68CE70CE9DCAF4F95BA5AE0D92284738EF09D1A9E418718C579",
      "ActualContentSha256": "6A63872F50EAB68CE70CE9DCAF4F95BA5AE0D92284738EF09D1A9E418718C579"
    },
    {
      "Schema": "public",
      "Table": "Wf_FlowDefVersion",
      "ColumnsMatch": true,
      "ContentMatch": true,
      "ExpectedRows": 4,
      "ActualRows": 4,
      "ExpectedColumnsSha256": "A38FA9A64C8D83187C945FB64E114D0A90ABE49656009C90F48BD6B78219D130",
      "ActualColumnsSha256": "A38FA9A64C8D83187C945FB64E114D0A90ABE49656009C90F48BD6B78219D130",
      "ExpectedContentSha256": "59E565AD2A6648E39E43816FA9B5F2834C548EAE51E78A4EE85744D621EC2E2A",
      "ActualContentSha256": "59E565AD2A6648E39E43816FA9B5F2834C548EAE51E78A4EE85744D621EC2E2A"
    },
    {
      "Schema": "public",
      "Table": "Wf_FlowDefVersionDependency",
      "ColumnsMatch": true,
      "ContentMatch": true,
      "ExpectedRows": 0,
      "ActualRows": 0,
      "ExpectedColumnsSha256": "FBD116DB8A81FBF7EEC73C9DF1816BB46817C75C048DDD76A94354AD6A18F5A8",
      "ActualColumnsSha256": "FBD116DB8A81FBF7EEC73C9DF1816BB46817C75C048DDD76A94354AD6A18F5A8",
      "ExpectedContentSha256": "E3B0C44298FC1C149AFBF4C8996FB92427AE41E4649B934CA495991B7852B855",
      "ActualContentSha256": "E3B0C44298FC1C149AFBF4C8996FB92427AE41E4649B934CA495991B7852B855"
    },
    {
      "Schema": "public",
      "Table": "Wf_FlowDelegate",
      "ColumnsMatch": true,
      "ContentMatch": true,
      "ExpectedRows": 0,
      "ActualRows": 0,
      "ExpectedColumnsSha256": "EA7EDEE3E3EEF3DC93834AC6752F8592ECC1BC7776703A2976F7EB530D00D1A8",
      "ActualColumnsSha256": "EA7EDEE3E3EEF3DC93834AC6752F8592ECC1BC7776703A2976F7EB530D00D1A8",
      "ExpectedContentSha256": "E3B0C44298FC1C149AFBF4C8996FB92427AE41E4649B934CA495991B7852B855",
      "ActualContentSha256": "E3B0C44298FC1C149AFBF4C8996FB92427AE41E4649B934CA495991B7852B855"
    },
    {
      "Schema": "public",
      "Table": "Wf_FlowFormTo",
      "ColumnsMatch": true,
      "ContentMatch": true,
      "ExpectedRows": 0,
      "ActualRows": 0,
      "ExpectedColumnsSha256": "6700F239ED0657E487272A1AF6A9482238EF1D48C8CD026DFE71AD41BC753A90",
      "ActualColumnsSha256": "6700F239ED0657E487272A1AF6A9482238EF1D48C8CD026DFE71AD41BC753A90",
      "ExpectedContentSha256": "E3B0C44298FC1C149AFBF4C8996FB92427AE41E4649B934CA495991B7852B855",
      "ActualContentSha256": "E3B0C44298FC1C149AFBF4C8996FB92427AE41E4649B934CA495991B7852B855"
    },
    {
      "Schema": "public",
      "Table": "Wf_FlowHistory",
      "ColumnsMatch": true,
      "ContentMatch": true,
      "ExpectedRows": 0,
      "ActualRows": 0,
      "ExpectedColumnsSha256": "E30013928B5BDD9ED65E8F8000F9302774FC0078FABF55A3AD19B60F287F6D8E",
      "ActualColumnsSha256": "E30013928B5BDD9ED65E8F8000F9302774FC0078FABF55A3AD19B60F287F6D8E",
      "ExpectedContentSha256": "E3B0C44298FC1C149AFBF4C8996FB92427AE41E4649B934CA495991B7852B855",
      "ActualContentSha256": "E3B0C44298FC1C149AFBF4C8996FB92427AE41E4649B934CA495991B7852B855"
    },
    {
      "Schema": "public",
      "Table": "Wf_FlowInstance",
      "ColumnsMatch": true,
      "ContentMatch": true,
      "ExpectedRows": 0,
      "ActualRows": 0,
      "ExpectedColumnsSha256": "B448FDE45B2CA9F07427266DB941B43EA8F06A41A0416F96D1C369868E874D16",
      "ActualColumnsSha256": "B448FDE45B2CA9F07427266DB941B43EA8F06A41A0416F96D1C369868E874D16",
      "ExpectedContentSha256": "E3B0C44298FC1C149AFBF4C8996FB92427AE41E4649B934CA495991B7852B855",
      "ActualContentSha256": "E3B0C44298FC1C149AFBF4C8996FB92427AE41E4649B934CA495991B7852B855"
    },
    {
      "Schema": "public",
      "Table": "Wf_FlowTask",
      "ColumnsMatch": true,
      "ContentMatch": true,
      "ExpectedRows": 0,
      "ActualRows": 0,
      "ExpectedColumnsSha256": "D0BC9C538E3C3B75447F5C573A73A05D9CD60BD232D067212885BB5BD3F11059",
      "ActualColumnsSha256": "D0BC9C538E3C3B75447F5C573A73A05D9CD60BD232D067212885BB5BD3F11059",
      "ExpectedContentSha256": "E3B0C44298FC1C149AFBF4C8996FB92427AE41E4649B934CA495991B7852B855",
      "ActualContentSha256": "E3B0C44298FC1C149AFBF4C8996FB92427AE41E4649B934CA495991B7852B855"
    },
    {
      "Schema": "public",
      "Table": "Wf_FlowToken",
      "ColumnsMatch": true,
      "ContentMatch": true,
      "ExpectedRows": 0,
      "ActualRows": 0,
      "ExpectedColumnsSha256": "0F173AB236DF266BC1C04A2158EB4A022BAA550E5C62A211E6E8A347D4033439",
      "ActualColumnsSha256": "0F173AB236DF266BC1C04A2158EB4A022BAA550E5C62A211E6E8A347D4033439",
      "ExpectedContentSha256": "E3B0C44298FC1C149AFBF4C8996FB92427AE41E4649B934CA495991B7852B855",
      "ActualContentSha256": "E3B0C44298FC1C149AFBF4C8996FB92427AE41E4649B934CA495991B7852B855"
    },
    {
      "Schema": "public",
      "Table": "Wf_FlowTrigger",
      "ColumnsMatch": true,
      "ContentMatch": true,
      "ExpectedRows": 0,
      "ActualRows": 0,
      "ExpectedColumnsSha256": "A990A5FC661AA103186D08DEEFF482128E0539656D14FD227B8B303ACDE152A6",
      "ActualColumnsSha256": "A990A5FC661AA103186D08DEEFF482128E0539656D14FD227B8B303ACDE152A6",
      "ExpectedContentSha256": "E3B0C44298FC1C149AFBF4C8996FB92427AE41E4649B934CA495991B7852B855",
      "ActualContentSha256": "E3B0C44298FC1C149AFBF4C8996FB92427AE41E4649B934CA495991B7852B855"
    },
    {
      "Schema": "public",
      "Table": "Wf_FormData",
      "ColumnsMatch": true,
      "ContentMatch": true,
      "ExpectedRows": 0,
      "ActualRows": 0,
      "ExpectedColumnsSha256": "DC4B7DB37CA2139538CBA88B25FCAACDE334B5A7CF4F09D137F6E4DA0D7A4D03",
      "ActualColumnsSha256": "DC4B7DB37CA2139538CBA88B25FCAACDE334B5A7CF4F09D137F6E4DA0D7A4D03",
      "ExpectedContentSha256": "E3B0C44298FC1C149AFBF4C8996FB92427AE41E4649B934CA495991B7852B855",
      "ActualContentSha256": "E3B0C44298FC1C149AFBF4C8996FB92427AE41E4649B934CA495991B7852B855"
    },
    {
      "Schema": "public",
      "Table": "Wf_FormDef",
      "ColumnsMatch": true,
      "ContentMatch": true,
      "ExpectedRows": 1,
      "ActualRows": 1,
      "ExpectedColumnsSha256": "03C57DDEA9FD88527987B9CC65302F48AB45B5420E4803032A3E2CF26AD9E674",
      "ActualColumnsSha256": "03C57DDEA9FD88527987B9CC65302F48AB45B5420E4803032A3E2CF26AD9E674",
      "ExpectedContentSha256": "A8FEDE04D1E844507E8733C7AEBD299C43A1D924AB204603DF571D654EBE25B2",
      "ActualContentSha256": "A8FEDE04D1E844507E8733C7AEBD299C43A1D924AB204603DF571D654EBE25B2"
    },
    {
      "Schema": "public",
      "Table": "Wf_FormDefVersion",
      "ColumnsMatch": true,
      "ContentMatch": true,
      "ExpectedRows": 0,
      "ActualRows": 0,
      "ExpectedColumnsSha256": "F5FC02633DA07015D91E04CC058B3E009DDD05C1ABF0982FDB8DE88B60E1E2DF",
      "ActualColumnsSha256": "F5FC02633DA07015D91E04CC058B3E009DDD05C1ABF0982FDB8DE88B60E1E2DF",
      "ExpectedContentSha256": "E3B0C44298FC1C149AFBF4C8996FB92427AE41E4649B934CA495991B7852B855",
      "ActualContentSha256": "E3B0C44298FC1C149AFBF4C8996FB92427AE41E4649B934CA495991B7852B855"
    },
    {
      "Schema": "public",
      "Table": "Wf_FormDraft",
      "ColumnsMatch": true,
      "ContentMatch": true,
      "ExpectedRows": 0,
      "ActualRows": 0,
      "ExpectedColumnsSha256": "A05C32F8FC5E578A5C6BE116192D8D22BDC91210ACEB7701EACA1B83BCE82FE9",
      "ActualColumnsSha256": "A05C32F8FC5E578A5C6BE116192D8D22BDC91210ACEB7701EACA1B83BCE82FE9",
      "ExpectedContentSha256": "E3B0C44298FC1C149AFBF4C8996FB92427AE41E4649B934CA495991B7852B855",
      "ActualContentSha256": "E3B0C44298FC1C149AFBF4C8996FB92427AE41E4649B934CA495991B7852B855"
    },
    {
      "Schema": "public",
      "Table": "Wf_FormFavorite",
      "ColumnsMatch": true,
      "ContentMatch": true,
      "ExpectedRows": 0,
      "ActualRows": 0,
      "ExpectedColumnsSha256": "7171C4469795DCDB0545915B3C7CCA5EEBA567189D415097AB500FDAC95ACA6C",
      "ActualColumnsSha256": "7171C4469795DCDB0545915B3C7CCA5EEBA567189D415097AB500FDAC95ACA6C",
      "ExpectedContentSha256": "E3B0C44298FC1C149AFBF4C8996FB92427AE41E4649B934CA495991B7852B855",
      "ActualContentSha256": "E3B0C44298FC1C149AFBF4C8996FB92427AE41E4649B934CA495991B7852B855"
    },
    {
      "Schema": "public",
      "Table": "Wf_FormFlowBinding",
      "ColumnsMatch": true,
      "ContentMatch": true,
      "ExpectedRows": 0,
      "ActualRows": 0,
      "ExpectedColumnsSha256": "60DA0CA5E865E506678CBB8370AED0E7086A2EF4176103B6827BEF0B9ECD3D9D",
      "ActualColumnsSha256": "60DA0CA5E865E506678CBB8370AED0E7086A2EF4176103B6827BEF0B9ECD3D9D",
      "ExpectedContentSha256": "E3B0C44298FC1C149AFBF4C8996FB92427AE41E4649B934CA495991B7852B855",
      "ActualContentSha256": "E3B0C44298FC1C149AFBF4C8996FB92427AE41E4649B934CA495991B7852B855"
    },
    {
      "Schema": "public",
      "Table": "Wf_InboxPref",
      "ColumnsMatch": true,
      "ContentMatch": true,
      "ExpectedRows": 0,
      "ActualRows": 0,
      "ExpectedColumnsSha256": "6AD2FCBA1DAF748E31D486C543E249367694267680551B40931CA523FE694D41",
      "ActualColumnsSha256": "6AD2FCBA1DAF748E31D486C543E249367694267680551B40931CA523FE694D41",
      "ExpectedContentSha256": "E3B0C44298FC1C149AFBF4C8996FB92427AE41E4649B934CA495991B7852B855",
      "ActualContentSha256": "E3B0C44298FC1C149AFBF4C8996FB92427AE41E4649B934CA495991B7852B855"
    },
    {
      "Schema": "public",
      "Table": "Wf_Notification",
      "ColumnsMatch": true,
      "ContentMatch": true,
      "ExpectedRows": 5,
      "ActualRows": 5,
      "ExpectedColumnsSha256": "51E2CD0FF29791B71537924BCA2B0BE49BEFD61E4F2C8A92D4F64C6735BA6864",
      "ActualColumnsSha256": "51E2CD0FF29791B71537924BCA2B0BE49BEFD61E4F2C8A92D4F64C6735BA6864",
      "ExpectedContentSha256": "E95EEA4A64CCF1BC171E6999BFB4B2C123E1AE9D34307C9C3AB08704A35909FF",
      "ActualContentSha256": "E95EEA4A64CCF1BC171E6999BFB4B2C123E1AE9D34307C9C3AB08704A35909FF"
    },
    {
      "Schema": "public",
      "Table": "Wf_ServiceJob",
      "ColumnsMatch": true,
      "ContentMatch": true,
      "ExpectedRows": 0,
      "ActualRows": 0,
      "ExpectedColumnsSha256": "38D377A97DDE33D07A98AF413836439A47BCB01C4664A07B29F1EEAE79D7B0B2",
      "ActualColumnsSha256": "38D377A97DDE33D07A98AF413836439A47BCB01C4664A07B29F1EEAE79D7B0B2",
      "ExpectedContentSha256": "E3B0C44298FC1C149AFBF4C8996FB92427AE41E4649B934CA495991B7852B855",
      "ActualContentSha256": "E3B0C44298FC1C149AFBF4C8996FB92427AE41E4649B934CA495991B7852B855"
    },
    {
      "Schema": "public",
      "Table": "Wf_TriggerFire",
      "ColumnsMatch": true,
      "ContentMatch": true,
      "ExpectedRows": 0,
      "ActualRows": 0,
      "ExpectedColumnsSha256": "CCD22A63994A42D26BB187DB7972187AE3495B456C10236DDF97DD2EC02589F5",
      "ActualColumnsSha256": "CCD22A63994A42D26BB187DB7972187AE3495B456C10236DDF97DD2EC02589F5",
      "ExpectedContentSha256": "E3B0C44298FC1C149AFBF4C8996FB92427AE41E4649B934CA495991B7852B855",
      "ActualContentSha256": "E3B0C44298FC1C149AFBF4C8996FB92427AE41E4649B934CA495991B7852B855"
    },
    {
      "Schema": "public",
      "Table": "__EFMigrationsHistory",
      "ColumnsMatch": true,
      "ContentMatch": true,
      "ExpectedRows": 1,
      "ActualRows": 1,
      "ExpectedColumnsSha256": "B0F76A11A428051C8405F3C781636B6A0F58BDDC8ACAC4ABF2F33F165E277FAF",
      "ActualColumnsSha256": "B0F76A11A428051C8405F3C781636B6A0F58BDDC8ACAC4ABF2F33F165E277FAF",
      "ExpectedContentSha256": "FA8E8BCE9BBDF6A26D5F20F6ABA649419AC38B9D4E9F99D53ADFA6364BFBCB52",
      "ActualContentSha256": "FA8E8BCE9BBDF6A26D5F20F6ABA649419AC38B9D4E9F99D53ADFA6364BFBCB52"
    },
    {
      "Schema": "public",
      "Table": "__EFMigrationsHistory_ErpIntegration",
      "ColumnsMatch": true,
      "ContentMatch": true,
      "ExpectedRows": 1,
      "ActualRows": 1,
      "ExpectedColumnsSha256": "B0F76A11A428051C8405F3C781636B6A0F58BDDC8ACAC4ABF2F33F165E277FAF",
      "ActualColumnsSha256": "B0F76A11A428051C8405F3C781636B6A0F58BDDC8ACAC4ABF2F33F165E277FAF",
      "ExpectedContentSha256": "0A8F279ED8E09FE617F7F56BFAC14BFD6F37E80EE4157668882B3AFD6C6F6E7C",
      "ActualContentSha256": "0A8F279ED8E09FE617F7F56BFAC14BFD6F37E80EE4157668882B3AFD6C6F6E7C"
    },
    {
      "Schema": "public",
      "Table": "__EFMigrationsHistory_IdentityPriority",
      "ColumnsMatch": true,
      "ContentMatch": true,
      "ExpectedRows": 1,
      "ActualRows": 1,
      "ExpectedColumnsSha256": "B0F76A11A428051C8405F3C781636B6A0F58BDDC8ACAC4ABF2F33F165E277FAF",
      "ActualColumnsSha256": "B0F76A11A428051C8405F3C781636B6A0F58BDDC8ACAC4ABF2F33F165E277FAF",
      "ExpectedContentSha256": "C698C1791ADA9DA47FB391EFC41DB981B268D99FD59E1015D4A0B1F585A2D724",
      "ActualContentSha256": "C698C1791ADA9DA47FB391EFC41DB981B268D99FD59E1015D4A0B1F585A2D724"
    },
    {
      "Schema": "public",
      "Table": "__EFMigrationsHistory_Space",
      "ColumnsMatch": true,
      "ContentMatch": true,
      "ExpectedRows": 1,
      "ActualRows": 1,
      "ExpectedColumnsSha256": "B0F76A11A428051C8405F3C781636B6A0F58BDDC8ACAC4ABF2F33F165E277FAF",
      "ActualColumnsSha256": "B0F76A11A428051C8405F3C781636B6A0F58BDDC8ACAC4ABF2F33F165E277FAF",
      "ExpectedContentSha256": "11CF52C74301A684925274FF992BF47850B679C03F93E8298E68B9E6BFF7D980",
      "ActualContentSha256": "11CF52C74301A684925274FF992BF47850B679C03F93E8298E68B9E6BFF7D980"
    }
  ],
  "Inputs": [
    {
      "Name": "CP6.DatabaseCompatibility.ApplicationProbe",
      "Version": "1.0.0.0",
      "Sha256": "634D635269B0E3CFA294F217FF0B4DCBE261C8AEA9D9D40ACB1F94E8AC49078E"
    },
    {
      "Name": "CP6.Core",
      "Version": "1.0.0.0",
      "Sha256": "88CB493C6DF91148D551A57B5B34BCBF85E11AE83A2E9C2EE38975ACCBD32E71"
    },
    {
      "Name": "CP6.Space.Infrastructure",
      "Version": "1.0.0.0",
      "Sha256": "9612514A4DED797E172E59D1166EA19B19364123BC1B7A3206BB1FDC0E898224"
    }
  ],
  "Scope": "WP6 owned application/restore fixture only; metadata, counts and hashes. No raw connection, password, token, DP XML or row values. Does not establish HTTP authentication, DP decryption, external delivery or complete application acceptance."
}
